filename,label,f0,f1,f2,f3,f4,f5,f6,f7,f8,f9,f10,f11,f12,f13,f14,f15,f16,f17,f18,f19,f20,f21,f22,f23,f24,f25,f26,f27,f28,f29,f30,f31,f32,f33,f34,f35,f36,f37,f38,f39,f40,f41,f42,f43,f44,f45,f46,f47,f48,f49,f50,f51,f52,f53,f54,f55,f56,f57,f58,f59,f60,f61,f62,f63,f64,f65,f66,f67,f68,f69,f70,f71,f72,f73,f74,f75,f76,f77
549a46d8-9c84-430e-ade8-97eae2bef787-1430130772174-1.7-m-48-bp.wav,belly_pain,-592.1546630859375,119.94599914550781,-37.22531509399414,3.943798303604126,-6.301994800567627,-31.196325302124023,-2.486449718475342,-2.7226758003234863,-4.573812961578369,-1.983921766281128,-5.544253826141357,-1.2824801206588745,-8.855104446411133,8799.302734375,2373.069580078125,1819.631103515625,399.220947265625,110.95826721191406,320.0157775878906,109.02128601074219,38.58132553100586,25.744293212890625,30.063325881958008,20.176076889038086,19.09786605834961,26.670812606811523,2.7741167545318604,1.4498279094696045,-0.8908873200416565,-0.10202888399362564,0.09840486198663712,-0.17418396472930908,0.05775308236479759,-0.03153358772397041,-0.02624056115746498,0.03142421320080757,-0.03632957488298416,0.028377948328852654,-0.009133081883192062,175.40977478027344,54.259063720703125,30.640583038330078,15.169651985168457,5.174778938293457,9.579622268676758,5.024256706237793,0.6745747327804565,0.8285040259361267,0.8374348282814026,0.8262562155723572,0.45713499188423157,0.6726090312004089,-1.1300122737884521,-0.5768503546714783,0.36933720111846924,-0.00011915222421521321,0.011993026360869408,0.22407957911491394,0.029141925275325775,0.06208927929401398,0.06532222777605057,-0.05672873929142952,0.020956097170710564,0.0189890805631876,0.01899033598601818,37.07233428955078,14.182318687438965,9.043163299560547,5.024853706359863,2.6632323265075684,2.62272572517395,1.836289644241333,0.4192935824394226,0.359656423330307,0.4252556264400482,0.32254350185394287,0.2089994251728058,0.3706827461719513
643D64AD-B711-469A-AF69-55C0D5D3E30F-1430138495-1.0-m-72-bp.wav,belly_pain,-476.94696044921875,116.77861022949219,-61.00475311279297,20.997812271118164,-15.522144317626953,-23.152236938476562,1.1465250253677368,-30.063074111938477,-1.0553081035614014,-6.517507553100586,-21.770671844482422,-1.3255916833877563,-21.21770477294922,4032.412841796875,721.9649047851562,419.19171142578125,71.51548767089844,57.79924011230469,65.47956848144531,29.694868087768555,102.26412963867188,20.97561264038086,27.37608528137207,45.27678298950195,18.49264144897461,64.60525512695312,2.086543560028076,0.7910925149917603,-0.5913549065589905,0.24678489565849304,-0.30177026987075806,-0.1730813980102539,0.12283255159854889,-0.3766807019710541,0.06088721379637718,0.09227246791124344,-0.21409320831298828,0.09852942824363708,0.10051815211772919,42.07544708251953,9.583871841430664,4.974712371826172,1.6883530616760254,1.1717060804367065,2.040468692779541,1.3085037469863892,1.7681477069854736,0.615822434425354,1.0027512311935425,1.160995364189148,0.6617632508277893,1.46583092212677,0.5527065396308899,0.32141560316085815,-0.12383180856704712,0.022731415927410126,0.030186500400304794,-0.08349057286977768,-0.01928858645260334,0.0030115670524537563,-0.03101217746734619,-0.03827592730522156,-0.028926413506269455,-0.052608683705329895,-0.1389346867799759,34.88865280151367,7.812042713165283,2.6260149478912354,1.0184001922607422,0.3240490257740021,1.1169533729553223,0.4293160140514374,0.5429048538208008,0.35890886187553406,0.37912264466285706,0.6061919331550598,0.190540611743927,0.5486946702003479
643D64AD-B711-469A-AF69-55C0D5D3E30F-1430138506-1.0-m-72-bp.wav,belly_pain,-430.30230712890625,156.72802734375,-87.77266693115234,20.23670768737793,-19.688892364501953,-28.926788330078125,9.445394515991211,-32.023109436035156,-4.974334239959717,-8.925553321838379,-26.22060203552246,0.7994409799575806,-17.9218692779541,4255.54833984375,263.0566711425781,1069.1324462890625,234.0595245361328,43.92688751220703,26.940814971923828,83.25664520263672,113.01382446289062,29.093996047973633,38.25800323486328,34.07387161254883,68.57447052001953,33.706993103027344,0.0476732961833477,0.15377934277057648,0.2724292576313019,0.21308369934558868,0.054040975868701935,-0.0799090564250946,-0.23407116532325745,-0.211560919880867,0.01821049489080906,0.06327185034751892,0.023096388205885887,0.1218656599521637,0.07029466331005096,82.87208557128906,6.071390151977539,19.937166213989258,6.724839210510254,0.8709427118301392,0.8121048808097839,1.663516879081726,2.1067216396331787,1.0121815204620361,0.9649508595466614,1.3334896564483643,1.1432783603668213,0.7498689293861389,-0.12980882823467255,0.02039974369108677,0.14344321191310883,0.009450573474168777,0.016526589170098305,0.02491096220910549,-0.007330682128667831,0.024015838280320168,-0.009230773895978928,-0.00437729898840189,0.0476195253431797,0.01848900131881237,-0.0010624045971781015,14.784799575805664,1.2842772006988525,3.4848508834838867,1.5114786624908447,0.30259495973587036,0.22843831777572632,0.3361957371234894,0.588225245475769,0.42726120352745056,0.2980492115020752,0.5631356835365295,0.31811660528182983,0.277382493019104
643D64AD-B711-469A-AF69-55C0D5D3E30F-1430138514-1.0-m-72-bp.wav,belly_pain,-377.68621826171875,166.13633728027344,-96.27196502685547,31.833158493041992,-25.52903938293457,-42.75844955444336,6.638169288635254,-38.95568084716797,-5.462840557098389,-5.316512584686279,-29.758819580078125,0.7873109579086304,-15.604994773864746,4811.599609375,1709.387451171875,624.9697265625,177.28195190429688,58.64693069458008,176.9218292236328,101.30067443847656,43.81321716308594,39.60276412963867,35.219173431396484,29.542518615722656,39.129390716552734,63.282718658447266,1.062088131904602,0.4814542531967163,-0.08231757581233978,-0.13961677253246307,-0.11112978309392929,-0.19210848212242126,-0.3303501307964325,-0.20714136958122253,0.11270088702440262,0.09868492186069489,-0.08145266026258469,0.00949092861264944,0.05137784034013748,95.1110610961914,34.62859344482422,25.649242401123047,8.03735065460205,2.7127845287323,4.84949254989624,3.5571820735931396,1.9754974842071533,1.8734526634216309,1.6252360343933105,1.3262513875961304,1.7311195135116577,2.7949228286743164,-0.06998539716005325,-0.3679027259349823,-0.08798319101333618,-0.09409312903881073,0.008959788829088211,0.14972569048404694,0.03594077005982399,0.006455824710428715,0.09578203409910202,0.11328884214162827,0.09032825380563736,0.10579762607812881,0.10375460237264633,43.900630950927734,10.713266372680664,8.159958839416504,1.8556277751922607,0.9687253832817078,1.1907325983047485,0.9544811844825745,0.9535757303237915,0.6414771676063538,0.6523935198783875,0.47806593775749207,0.5965613722801208,0.6473791599273682
643D64AD-B711-469A-AF69-55C0D5D3E30F-1430138524-1.0-m-72-bp.wav,belly_pain,-272.71942138671875,160.42855834960938,-90.37287139892578,32.194087982177734,-29.66855239868164,-44.654457092285156,3.4640913009643555,-37.935489654541016,-2.4026541709899902,-5.968118667602539,-24.141193389892578,6.233055591583252,-18.232919692993164,1823.24462890625,302.42828369140625,392.10504150390625,66.36758422851562,129.8517303466797,82.85250091552734,77.97041320800781,63.28472900390625,39.2236328125,29.14682960510254,31.07228660583496,76.74556732177734,64.80806732177734,-0.312689870595932,0.08568336814641953,0.37353047728538513,-0.016760237514972687,0.016653895378112793,0.05345182865858078,-0.18469837307929993,-0.2072834074497223,-0.03546290844678879,0.05931708589196205,-0.11387435346841812,-0.1802336871623993,0.034412700682878494,68.02253723144531,7.703900337219238,18.392133712768555,3.3305442333221436,4.56665563583374,2.5983099937438965,3.369533061981201,1.9778703451156616,1.6789004802703857,1.072281837463379,1.151626467704773,3.8204381465911865,2.387268304824829,-0.17272920906543732,-0.0817093774676323,-0.0023403801023960114,-0.11912286281585693,-0.03664252534508705,0.09033051878213882,0.07180051505565643,0.003973375540226698,-0.0253214780241251,0.04052671790122986,0.054088007658720016,-0.00539462361484766,-0.018476221710443497,27.652935028076172,4.981796741485596,5.720491409301758,1.867506504058838,1.667152762413025,0.9732787609100342,1.4460095167160034,1.1027233600616455,0.9687014818191528,0.5146805644035339,0.5445029139518738,1.619248867034912,0.9549282789230347
643D64AD-B711-469A-AF69-55C0D5D3E30F-1430138536-1.0-m-72-bp.wav,belly_pain,-376.81787109375,134.6343536376953,-89.57939147949219,27.77831268310547,-22.9229679107666,-32.8993034362793,10.705947875976562,-31.507108688354492,-3.6362977027893066,-6.635216236114502,-22.777294158935547,4.869876384735107,-15.578289031982422,5966.54345703125,622.0904541015625,1426.603271484375,215.4568634033203,86.49407196044922,69.81578063964844,152.8731231689453,55.029788970947266,44.17854309082031,44.06330108642578,36.494873046875,53.970359802246094,34.29001235961914,1.9144525527954102,-0.08773639053106308,-0.5818036198616028,-0.07624983042478561,-0.2426566630601883,-0.10779842734336853,0.18401314318180084,0.17570649087429047,0.2578617334365845,0.24201664328575134,0.0034529997501522303,-0.11917343735694885,0.012907634489238262,237.27590942382812,19.68121910095215,46.263832092285156,8.274763107299805,2.4258246421813965,1.9080313444137573,4.9996442794799805,1.871002197265625,1.5898936986923218,1.607343316078186,0.9507625699043274,1.7880653142929077,1.681708812713623,0.2572672665119171,-0.3582053780555725,0.31218603253364563,-0.07423191517591476,-0.0653301477432251,0.008411772549152374,-0.00204921280965209,0.11651240289211273,-0.058558955788612366,0.06114509701728821,0.14384877681732178,-0.037332549691200256,0.04355636611580849,23.43771743774414,7.381295204162598,9.102160453796387,1.8810818195343018,1.0211926698684692,0.7224400043487549,1.3253200054168701,0.6890544295310974,0.596809446811676,0.4037972390651703,0.8648268580436707,0.42992740869522095,0.6288230419158936
643D64AD-B711-469A-AF69-55C0D5D3E30F-1430138545-1.0-m-72-bp.wav,belly_pain,-354.7841491699219,111.30430603027344,-58.16796875,21.620559692382812,-24.22622299194336,-28.5283145904541,1.8351719379425049,-33.871681213378906,-8.551573753356934,-10.152603149414062,-20.558752059936523,-0.2561001181602478,-20.674694061279297,1447.6280517578125,285.7120666503906,483.6842041015625,215.10621643066406,123.39122772216797,87.66045379638672,163.3892364501953,87.55165100097656,29.312904357910156,58.24401092529297,25.068605422973633,48.65147018432617,98.18197631835938,-1.1357616186141968,0.08051148056983948,0.7041870951652527,-0.44842562079429626,0.27911341190338135,0.26222899556159973,-0.375059574842453,0.20846539735794067,0.03420502692461014,-0.43976494669914246,-0.1750011295080185,-0.07952962815761566,-0.22730563580989838,47.3416862487793,11.818042755126953,14.89271354675293,8.885927200317383,2.1423733234405518,2.2792840003967285,6.305652141571045,4.203797817230225,1.4267685413360596,2.4239509105682373,0.7759166359901428,2.1346218585968018,4.085333824157715,-0.3583183288574219,0.021468963474035263,0.2876209616661072,-0.006051199045032263,0.0709696039557457,-0.030590511858463287,-0.1258755773305893,0.003987363539636135,0.011607504449784756,0.08253967016935349,0.03398368880152702,0.032210562378168106,0.1528462916612625,12.087312698364258,3.992097854614258,3.7223033905029297,3.897594928741455,0.8648579120635986,1.3098170757293701,1.580557942390442,0.887229323387146,0.540256679058075,0.4678812623023987,0.33807969093322754,0.9024437665939331,1.526147723197937
643D64AD-B711-469A-AF69-55C0D5D3E30F-1430138591-1.0-m-72-bp.wav,belly_pain,-376.6313171386719,104.7405014038086,-22.287431716918945,0.6582639813423157,-21.522918701171875,-31.785335540771484,-14.577665328979492,-26.845659255981445,-16.858558654785156,-11.513339042663574,-11.116161346435547,-0.8791001439094543,-11.15158748626709,4635.9638671875,1275.1605224609375,500.1170959472656,119.10696411132812,161.5593719482422,202.9801788330078,98.68445587158203,165.27545166015625,42.54816436767578,38.54679870605469,32.617149353027344,52.59444046020508,32.71754837036133,1.2188518047332764,0.7090485095977783,-0.12835916876792908,0.06552143394947052,-0.3239407539367676,-0.3936806619167328,-0.03664851561188698,-0.2743542194366455,-0.37793585658073425,-0.15446530282497406,-0.06941995024681091,-0.06855770945549011,-0.15530091524124146,126.45550537109375,30.568450927734375,21.149335861206055,3.6587018966674805,3.2103962898254395,5.030961513519287,2.241971015930176,4.434731483459473,2.0606188774108887,1.1481817960739136,1.1840089559555054,1.9982280731201172,1.6371939182281494,0.6810125708580017,0.24662886559963226,-0.14842893183231354,0.24951621890068054,0.05748672038316727,-0.0072411419823765755,0.09268108010292053,-0.05180048570036888,0.02751750871539116,-0.016737693920731544,-0.13495448231697083,-0.03202512860298157,0.006886638235300779,46.11187744140625,10.319916725158691,6.209792613983154,1.7623928785324097,0.6913679242134094,1.3486595153808594,0.8457937240600586,1.0539695024490356,0.43814408779144287,0.395469069480896,0.8090294599533081,0.5158576965332031,0.7135147452354431
643D64AD-B711-469A-AF69-55C0D5D3E30F-1430138647-1.0-m-72-bp.wav,belly_pain,-342.09283447265625,106.92807006835938,-57.89991760253906,31.67723274230957,-40.99915313720703,-32.69504928588867,5.534745693206787,-42.90454864501953,-2.2839391231536865,-7.609344482421875,-25.70560073852539,8.57235050201416,-10.791089057922363,3049.0732421875,307.7236328125,476.8463134765625,231.2657928466797,131.8462371826172,63.950843811035156,95.6362075805664,109.39341735839844,70.88524627685547,59.19868850708008,51.79723358154297,154.62387084960938,153.56703186035156,2.0379817485809326,0.6933639049530029,-0.46350565552711487,0.544098436832428,-0.09042029827833176,-0.030804922804236412,0.2738427221775055,-0.1604474037885666,-0.10115095227956772,-0.142771914601326,-0.05588028207421303,0.050872802734375,-0.15696968138217926,78.57681274414062,14.220820426940918,7.321695327758789,6.6324028968811035,4.690145492553711,2.026165008544922,2.75496244430542,4.411257266998291,3.068732738494873,2.0772955417633057,2.010840654373169,5.337501049041748,4.971414089202881,-0.2926578223705292,-0.19581599533557892,0.05592457950115204,-0.07029595971107483,0.007362248841673136,0.16447438299655914,0.05258205160498619,0.16719497740268707,0.1322733461856842,0.06481069326400757,0.14097841084003448,-0.011429860256612301,-0.020361151546239853,28.169475555419922,3.3362417221069336,3.5778026580810547,2.70345139503479,2.053593158721924,0.9367337226867676,0.5558897256851196,0.9663573503494263,1.2386866807937622,0.5427259206771851,0.8752620816230774,1.3858879804611206,1.1061797142028809
69BDA5D6-0276-4462-9BF7-951799563728-1436936185-1.1-m-26-bp.wav,belly_pain,-248.2134246826172,112.66714477539062,-64.32087707519531,8.605453491210938,-32.77193069458008,-29.64280891418457,5.772688388824463,-22.020854949951172,5.955241680145264,-3.896117925643921,-20.532363891601562,3.9384427070617676,-12.892183303833008,10021.0078125,1012.0123291015625,2423.555419921875,440.10015869140625,225.93675231933594,218.52935791015625,238.82012939453125,63.19585418701172,183.2046356201172,91.5301513671875,94.13359069824219,167.06719970703125,110.91561889648438,2.828573703765869,0.5215959548950195,-0.9576756954193115,0.38388127088546753,-0.4015246033668518,-0.19449110329151154,0.3914661109447479,-0.15464167296886444,0.31976786255836487,0.20928078889846802,-0.1157975122332573,0.24469949305057526,-0.05652119219303131,368.64361572265625,41.40399932861328,90.44171905517578,13.731399536132812,6.931432247161865,7.700171947479248,8.525420188903809,3.1402945518493652,4.582706928253174,2.47322940826416,2.915724515914917,8.099279403686523,3.513899087905884,0.024867087602615356,-0.19913344085216522,0.16623058915138245,-0.017462505027651787,-0.07265377044677734,-0.0549083910882473,-0.02344920113682747,0.0549662820994854,0.02711593173444271,0.011178876273334026,0.005875880364328623,0.030690902844071388,0.06122036650776863,130.01254272460938,17.026466369628906,26.964881896972656,4.511660575866699,2.4672443866729736,3.475437641143799,1.886633038520813,1.145777702331543,1.3759549856185913,1.2962883710861206,0.7617981433868408,3.1235899925231934,2.1036434173583984
999bf14b-e417-4b44-b746-9253f81efe38-1430974001343-1.7-m-26-bp.wav,belly_pain,-403.64678955078125,140.68272399902344,-75.35843658447266,20.887460708618164,-1.8906402587890625,-46.64582824707031,14.457509994506836,7.860239028930664,-11.433833122253418,0.10839854925870895,-2.9262325763702393,-4.534506797790527,-10.820563316345215,9312.6611328125,802.8615112304688,4054.876953125,431.96533203125,232.670166015625,694.2385864257812,54.3333854675293,58.20994186401367,67.9359130859375,42.723873138427734,48.18972396850586,30.483829498291016,35.30230712890625,3.343301296234131,0.4989672005176544,-1.864640235900879,0.16811096668243408,0.0645279735326767,-0.561012864112854,0.23336589336395264,0.11644671112298965,-0.1855822205543518,-0.0367661751806736,0.016072800382971764,0.1616533100605011,0.05924772843718529,225.90573120117188,35.95853042602539,77.64733123779297,7.531310558319092,3.74334979057312,15.327691078186035,1.8226685523986816,1.2563729286193848,1.9896106719970703,1.1176010370254517,1.3416985273361206,0.6623502373695374,0.6125126481056213,-0.310708224773407,-0.785139799118042,0.006497849710285664,0.24504320323467255,0.12481897324323654,0.14360857009887695,0.023226996883749962,-0.016004523262381554,0.016824832186102867,-0.0732089951634407,-0.05135668069124222,0.058043960481882095,0.06559119373559952,30.872495651245117,8.668522834777832,10.533808708190918,2.1667275428771973,1.213863492012024,2.9202511310577393,0.6523416638374329,0.41524961590766907,0.6215940713882446,0.4888646602630615,0.6721516251564026,0.2755778431892395,0.33076584339141846
ae5f103b-5fee-442f-bb1b-d9d0570c46ab-1431533857965-1.7-m-26-bp.wav,belly_pain,-382.5196533203125,128.7271728515625,-42.84370422363281,24.51686668395996,-12.943460464477539,-23.267486572265625,18.764734268188477,-10.008088111877441,-4.445291996002197,-7.610455513000488,-27.601913452148438,-4.941140174865723,-4.896896839141846,12093.3642578125,2009.2666015625,2157.25732421875,576.991455078125,312.86444091796875,421.9989318847656,346.97979736328125,281.7527160644531,127.79150390625,111.21412658691406,145.761474609375,129.71676635742188,124.3271713256836,4.736748218536377,0.6437366008758545,-2.1044702529907227,-0.044483982026576996,-0.6258955597877502,-0.6881402730941772,0.01556403934955597,-0.39753326773643494,0.07512819766998291,-0.08591160923242569,-0.5291570425033569,0.1220160722732544,0.07285751402378082,499.2965393066406,72.49141693115234,78.40106201171875,21.03998374938965,9.21816635131836,11.736628532409668,11.271923065185547,10.992656707763672,4.350466728210449,4.151488780975342,5.33342170715332,5.071885585784912,3.4103264808654785,-1.0628411769866943,-0.5537340641021729,0.9286377429962158,-0.4418092370033264,0.09610380977392197,0.24499808251857758,-0.23320993781089783,0.13129234313964844,-0.1611572802066803,0.013552006334066391,0.21444259583950043,-0.1766047328710556,-0.021316224709153175,218.0187225341797,44.461753845214844,41.49211120605469,7.461630344390869,4.598394393920898,5.428896427154541,4.991330146789551,3.9886391162872314,1.6335645914077759,1.9784821271896362,3.5017168521881104,2.505052089691162,0.9203523397445679
C421C6FE-DFEE-4080-8AEA-848E7CE4756B-1430548333-1.0-f-26-bp.wav,belly_pain,-388.56353759765625,178.1042022705078,-96.0184326171875,20.859394073486328,-27.996156692504883,-30.950000762939453,18.880529403686523,-35.6578369140625,-6.028961181640625,-2.965376615524292,-29.133480072021484,-1.3290408849716187,-14.484371185302734,3880.922607421875,908.2033081054688,473.0636291503906,277.72015380859375,165.35401916503906,109.77890014648438,174.97152709960938,54.86531066894531,51.877479553222656,55.59693908691406,41.00105285644531,35.347618103027344,39.475101470947266,2.019057512283325,0.37831857800483704,-0.6444670557975769,0.12577776610851288,-0.1459265500307083,-0.21863001585006714,0.20498821139335632,-0.007160841021686792,-0.10762949287891388,-0.10586710274219513,-0.15577247738838196,0.15124529600143433,0.2754076421260834,185.76609802246094,47.036922454833984,18.217365264892578,7.4672136306762695,7.986448764801025,2.3808083534240723,6.585555076599121,2.901028871536255,1.9471790790557861,2.070674419403076,1.4688963890075684,1.295519471168518,1.2340580224990845,-1.0537279844284058,-0.8073722124099731,0.3638773560523987,-0.2760358452796936,-0.12371031939983368,0.07408560812473297,-0.002063652267679572,0.2614889144897461,0.048324111849069595,-0.04616818204522133,0.028205282986164093,-0.05480441823601723,0.14866331219673157,69.58544158935547,13.739782333374023,5.847193241119385,3.530630588531494,2.4629366397857666,1.1801772117614746,1.9821466207504272,1.0987095832824707,0.7697492837905884,0.732154130935669,0.6500118970870972,0.47948455810546875,0.6706521511077881
d6cda191-4962-4308-9a36-46d5648a95ed-1431159262344-1.7-m-04-bp.wav,belly_pain,-383.65576171875,114.28230285644531,-124.6479721069336,24.337993621826172,-11.259747505187988,-28.207416534423828,27.30598258972168,-21.532737731933594,-6.5233635902404785,3.234163284301758,-17.105398178100586,2.544889450073242,-7.8976850509643555,13356.58203125,2093.39404296875,2034.283935546875,204.08787536621094,107.49501037597656,144.30018615722656,187.31187438964844,177.93222045898438,80.53250122070312,94.56424713134766,44.852352142333984,81.43202209472656,69.7327880859375,2.8239529132843018,0.9417105913162231,-0.8577939867973328,0.2642170190811157,0.04273566976189613,0.2003362774848938,0.2886179983615875,-0.17435139417648315,0.23255318403244019,0.042650870978832245,-0.20657120645046234,0.11929038166999817,-0.08609376102685928,250.15342712402344,37.845054626464844,38.687374114990234,8.470560073852539,4.952549934387207,3.4919893741607666,5.757717609405518,4.056515693664551,2.4391283988952637,1.9867500066757202,2.0156335830688477,1.8915284872055054,1.778096318244934,-0.3011353611946106,-0.1298358142375946,0.19161009788513184,-0.1911724954843521,0.08521267026662827,0.1286252737045288,-0.07624593377113342,0.0696248784661293,-0.042858052998781204,0.019037161022424698,0.11589705944061279,-0.056008461862802505,0.02446812018752098,39.49091720581055,9.234956741333008,6.941525936126709,1.9408293962478638,1.7520500421524048,1.4446930885314941,1.4267866611480713,0.8960414528846741,0.5522600412368774,0.5581719279289246,0.4501740038394928,0.5504799485206604,0.617206335067749
d6cda191-4962-4308-9a36-46d5648a95ed-1431159272600-1.7-m-04-bp.wav,belly_pain,-342.9636535644531,110.43241882324219,-134.47036743164062,30.566234588623047,-31.196563720703125,-36.36381149291992,41.21750259399414,-22.974767684936523,-5.6702446937561035,7.065337657928467,-20.128196716308594,0.8323538899421692,-14.675798416137695,5828.83447265625,1409.3446044921875,1098.8463134765625,448.4022521972656,195.8139190673828,193.8096160888672,178.08810424804688,183.35557556152344,75.92308807373047,95.97211456298828,89.00611877441406,82.14625549316406,79.22210693359375,-0.257700115442276,-0.28827494382858276,0.18902088701725006,-0.4751751124858856,0.23697075247764587,0.46104103326797485,-0.13988341391086578,-0.18152675032615662,-0.2570507824420929,-0.0954899787902832,0.06537995487451553,-0.015415460802614689,0.10801343619823456,224.5572052001953,51.73685836791992,32.75696563720703,8.797028541564941,7.224668502807617,7.562600612640381,4.522468566894531,4.880647659301758,3.815049171447754,2.72062611579895,3.717794895172119,2.7542660236358643,2.9372668266296387,1.660115361213684,0.3692041039466858,-0.4993903934955597,-0.07040303945541382,-0.017479348927736282,-0.20621946454048157,-0.022336889058351517,0.13658598065376282,0.04265911132097244,-0.07374759763479233,-0.10557562112808228,-0.12167748063802719,-0.06798657774925232,146.98081970214844,23.800880432128906,19.091270446777344,3.1159298419952393,2.1829445362091064,3.270648717880249,1.65589439868927,2.404481887817383,1.0342360734939575,2.0822408199310303,1.190653920173645,1.7850093841552734,1.4523146152496338
d6cda191-4962-4308-9a36-46d5648a95ed-1431700390946-1.7-m-04-bp.wav,belly_pain,-180.8145751953125,117.48285675048828,-168.18800354003906,62.23249053955078,-20.42012596130371,-42.55288314819336,46.174072265625,-39.26859664916992,-14.189398765563965,14.52936840057373,-15.122966766357422,2.1532514095306396,-18.339174270629883,6997.48486328125,917.2993774414062,1549.5408935546875,461.80596923828125,215.6025848388672,128.5546112060547,92.91265869140625,114.0514907836914,62.565391540527344,60.192527770996094,60.226680755615234,43.37038803100586,146.84019470214844,-1.5004726648330688,-0.28342244029045105,0.9523710608482361,-0.30831092596054077,-0.415448933839798,0.08562247455120087,-0.005340540781617165,0.0356169156730175,0.1334947794675827,0.05341765284538269,-0.14833790063858032,0.10375718027353287,0.3143255412578583,338.33953857421875,41.26896667480469,69.00526428222656,10.29463005065918,4.06826639175415,2.7837183475494385,3.2859184741973877,5.348231315612793,2.4246559143066406,1.411576747894287,2.311525821685791,1.4975568056106567,5.173001289367676,-1.834575891494751,-0.6864594221115112,0.6763907670974731,-0.06455765664577484,0.2204112410545349,0.1486237645149231,-0.19620464742183685,0.09340213984251022,-0.09519954770803452,-0.08443363010883331,0.04644114524126053,-0.09320717304944992,0.06471364200115204,84.02041625976562,13.091543197631836,14.97769832611084,1.6139949560165405,1.963254451751709,0.7732875943183899,1.7729312181472778,0.9382332563400269,0.7683384418487549,0.46812278032302856,0.8100373148918152,0.6270601153373718,0.6678256392478943
5afc6a14-a9d8-45f8-b31d-c79dd87cc8c6-1430757039803-1.7-m-48-bu.wav,burping,-204.81100463867188,125.6312026977539,-152.8862762451172,62.09967803955078,-29.329166412353516,-36.757469177246094,46.715980529785156,-37.51038360595703,-5.926140308380127,5.658493518829346,-17.664306640625,15.55219554901123,-12.264884948730469,11342.201171875,521.5180053710938,3158.408203125,618.3670043945312,248.27830505371094,191.52609252929688,275.71484375,347.2488708496094,31.852216720581055,99.88558959960938,60.443363189697266,178.9866180419922,49.65727233886719,5.316525936126709,0.4212397038936615,-2.1086132526397705,0.7144726514816284,-0.32664838433265686,-0.5368077158927917,0.64164799451828,-0.15356121957302094,-0.0722879022359848,0.2489960640668869,-0.035667676478624344,0.005192272365093231,-0.16128624975681305,234.24769592285156,19.3574161529541,63.17403030395508,15.080012321472168,8.448370933532715,4.910011291503906,7.785775184631348,10.514369010925293,0.5602830648422241,2.4812779426574707,1.2427423000335693,4.023828983306885,1.6314103603363037,0.5049949288368225,-0.5855995416641235,0.15146271884441376,0.07796529680490494,-0.024956626817584038,-0.02844173274934292,-0.0415642075240612,0.02223745733499527,-0.05577758699655533,0.09053274244070053,0.11402896046638489,-0.0543752945959568,0.053708333522081375,31.877382278442383,4.088972091674805,10.700151443481445,3.147132158279419,2.386021852493286,1.437766194343567,1.5833066701889038,1.7775992155075073,0.298039972782135,0.7866675853729248,0.8015298843383789,1.0904638767242432,0.7546102404594421
79FF400A-97E2-4701-987D-C7C850D5523C-1430089648-1.0-f-48-bu.wav,burping,-380.6092834472656,109.38945007324219,-88.47733306884766,43.8849983215332,-1.0635534524917603,-26.303287506103516,16.187015533447266,-16.127643585205078,-1.1860593557357788,-11.59575080871582,-22.65379524230957,7.420179843902588,-6.086054801940918,9846.69140625,509.6451416015625,2961.2939453125,475.9126892089844,105.44786071777344,101.87238311767578,183.82501220703125,68.98062133789062,126.9197006225586,40.22382736206055,71.47048950195312,219.26699829101562,137.35565185546875,4.209044456481934,0.7661108374595642,-1.5004184246063232,0.6479858756065369,-0.140615314245224,-0.2578618824481964,0.37818506360054016,-0.32966628670692444,-0.10753566771745682,0.07943040877580643,0.08467481285333633,0.3386074900627136,0.2760573625564575,338.09515380859375,24.62611961364746,90.7193832397461,14.553691864013672,3.4166886806488037,4.049770355224609,5.880627632141113,2.2455010414123535,2.192687749862671,1.889628529548645,2.6750502586364746,7.1856369972229,4.503621578216553,-1.5038236379623413,-0.6007208824157715,1.0461989641189575,-0.4323911964893341,-0.021327799186110497,0.1821853220462799,-0.2917674481868744,0.18606700003147125,-0.048543140292167664,-0.012532662600278854,0.29051822423934937,-0.05708860233426094,-0.005728336051106453,43.7116584777832,3.7226407527923584,23.921430587768555,3.471259832382202,0.6655600666999817,1.0574076175689697,1.8800042867660522,0.799832284450531,0.5211383104324341,0.5149609446525574,1.105531930923462,1.0833113193511963,0.7497299909591675
7A864194-4B6B-4850-ABBF-0C2A8170107B-1436846915-1.1-f-26-bu.wav,burping,-362.28826904296875,171.90171813964844,-107.19807434082031,29.722942352294922,-12.745734214782715,-28.26466941833496,20.781862258911133,-29.02808952331543,-6.821399211883545,-5.763765811920166,-23.420927047729492,3.1222989559173584,-17.079832077026367,4373.43603515625,879.7211303710938,447.66070556640625,175.44032287597656,33.298484802246094,54.763282775878906,85.295166015625,45.265785217285156,48.10384750366211,19.3101749420166,42.979583740234375,30.483325958251953,48.53957748413086,2.9168341159820557,1.2752552032470703,-0.37335190176963806,0.5787279009819031,-0.07853684574365616,-0.18039332330226898,0.11975837498903275,-0.16227157413959503,0.20509180426597595,0.12794192135334015,-0.18905498087406158,-0.15536904335021973,-0.37993714213371277,185.8786163330078,33.88201141357422,18.30376434326172,6.3165693283081055,1.3656283617019653,3.4053499698638916,2.7717769145965576,1.5682153701782227,0.952020525932312,0.6809628009796143,0.6777079701423645,0.8597039580345154,1.8211085796356201,-1.711405634880066,-0.7884637713432312,0.7207186222076416,-0.08596492558717728,0.10625358670949936,0.22499212622642517,-0.1538190096616745,0.15351581573486328,0.08775800466537476,-0.007156177423894405,0.034438662230968475,-0.10267439484596252,0.012367215938866138,55.11776351928711,9.493109703063965,7.313591480255127,2.2100839614868164,0.5983947515487671,1.1115964651107788,0.9436797499656677,0.4394417107105255,0.5946124196052551,0.42437419295310974,0.2523791193962097,0.5577318072319031,0.28148379921913147
7E4B9C14-F955-4BED-9B03-7F3096A6CBFF-1430232208-1.0-f-26-bu.wav,burping,-225.89627075195312,97.73451232910156,-95.29533386230469,37.6020622253418,-12.986350059509277,-27.969697952270508,19.401588439941406,-22.810077667236328,1.9555606842041016,3.7988831996917725,-15.962510108947754,9.824795722961426,-2.4901578426361084,23734.8515625,2149.594482421875,3814.160888671875,1825.0538330078125,332.6620788574219,285.93450927734375,266.8449401855469,250.25901794433594,95.43855285644531,35.72706985473633,183.31336975097656,106.39208221435547,85.4296646118164,1.004934310913086,0.34841716289520264,-0.4544982612133026,0.021231316030025482,0.034980665892362595,0.06485907733440399,0.07396403700113297,-0.21807265281677246,-0.10149812698364258,-0.06151886284351349,-0.17506833374500275,-0.040039729326963425,0.02883838675916195,703.1422119140625,90.85357666015625,102.93400573730469,33.18113327026367,12.251385688781738,10.968512535095215,6.495425701141357,11.168136596679688,2.356201171875,1.4613384008407593,5.318080425262451,3.4582104682922363,2.499990463256836,-0.7853060960769653,-0.21285167336463928,0.321553111076355,-0.10143785178661346,0.1357925832271576,0.14623525738716125,-0.04602641612291336,0.0561845563352108,-0.03354008495807648,0.030638426542282104,0.02413625828921795,-0.11641040444374084,0.05249421298503876,87.17896270751953,11.920445442199707,15.800429344177246,4.0408854484558105,1.619556188583374,2.003969669342041,0.9197842478752136,1.7193622589111328,0.6568398475646973,0.5740162134170532,1.1233150959014893,1.0416243076324463,1.4472235441207886
7E4B9C14-F955-4BED-9B03-7F3096A6CBFF-1430540826-1.0-f-26-bu.wav,burping,-201.0092010498047,106.27351379394531,-114.74075317382812,29.616626739501953,-11.71635627746582,-22.775297164916992,28.681154251098633,-23.114133834838867,-3.726834774017334,1.1488807201385498,-19.46097183227539,9.794218063354492,0.7670692801475525,16628.91015625,2153.09814453125,2560.751220703125,1071.0186767578125,315.86956787109375,189.3657989501953,182.8047637939453,320.4803161621094,236.18028259277344,132.23019409179688,117.14041900634766,208.16946411132812,103.72541046142578,-0.6628628373146057,0.2874244749546051,0.6025239825248718,-0.6814659833908081,-0.5853556990623474,-0.18088845908641815,0.20936782658100128,0.37199097871780396,-0.44619831442832947,-0.5133928060531616,-0.038150932639837265,-0.07618799805641174,-0.0860309973359108,536.6036987304688,83.30233001708984,88.80752563476562,33.61378860473633,14.990097045898438,8.885234832763672,7.815537929534912,7.663832187652588,8.95400619506836,6.3464555740356445,3.990412712097168,6.266049861907959,3.2114880084991455,-0.3798760771751404,-0.3303702771663666,-0.18476448953151703,-0.08763077855110168,0.030891768634319305,-0.17505371570587158,-0.09397827088832855,0.12689973413944244,0.06130598485469818,0.11212579905986786,-0.07504693418741226,-0.3375663757324219,-0.14798322319984436,165.06016540527344,28.084962844848633,26.73326873779297,7.149501800537109,3.4964911937713623,4.9777021408081055,2.718372106552124,1.9943581819534302,1.571147084236145,1.6355818510055542,2.0181214809417725,2.381375312805176,1.8726874589920044
AEA8AE04-D00E-48A7-8A0B-6D87E2175121-1430563241-1.0-f-72-bu.wav,burping,-248.9864501953125,110.86965942382812,-91.51168060302734,63.238250732421875,-22.946123123168945,-37.96245574951172,27.152578353881836,-34.580474853515625,-0.8574339151382446,8.078215599060059,-24.560518264770508,5.076101779937744,-12.410991668701172,7659.65673828125,822.6631469726562,1838.4652099609375,1162.2752685546875,346.6118469238281,105.42790222167969,496.5439147949219,272.1329650878906,105.31649017333984,183.8783416748047,97.05215454101562,111.46288299560547,59.63620376586914,-1.593172311782837,-0.8625482320785522,0.49406513571739197,0.15875862538814545,-0.1008453369140625,-0.08957526832818985,0.07578875869512558,0.06973663717508316,-0.13508284091949463,0.08103284239768982,0.08341498672962189,-0.027188148349523544,0.07248124480247498,126.35265350341797,21.263648986816406,24.114173889160156,14.034172058105469,11.038783073425293,3.6645052433013916,6.829645156860352,5.949601173400879,3.1919302940368652,3.522646903991699,3.185887098312378,2.873823881149292,2.2514007091522217,-0.4157458245754242,-0.015444095246493816,0.34549060463905334,0.000591394433286041,-0.02225709706544876,-0.0616750605404377,-0.0997435674071312,0.06688930094242096,8.303244248963892e-05,-0.0619821734726429,-0.0027004550211131573,0.027857158333063126,0.09823597222566605,27.89935874938965,4.6595025062561035,7.391172409057617,1.9971190690994263,1.6464879512786865,1.400531530380249,1.2689143419265747,1.2464219331741333,0.9092977046966553,0.6703468561172485,0.6275589466094971,0.4264463484287262,0.7491057515144348
af30880e-5f98-4dc0-b37a-be6b21fa0ba3-1431240072536-1.7-m-26-bu.wav,burping,-161.6643524169922,124.16015625,-136.58868408203125,58.96562194824219,-10.92237663269043,-57.736297607421875,10.049818992614746,-29.941591262817383,4.2120361328125,6.471505165100098,-25.653139114379883,7.605965614318848,-9.202680587768555,2572.33203125,353.1295166015625,1092.0477294921875,424.82000732421875,330.415283203125,185.22483825683594,119.44988250732422,114.33421325683594,61.47356414794922,58.75454330444336,166.75454711914062,77.18212127685547,72.40289306640625,2.11726450920105,-0.2430395781993866,-1.4314143657684326,0.484073281288147,0.5878415703773499,0.13972637057304382,0.09230781346559525,-0.304282546043396,-0.059104397892951965,0.06386739760637283,-0.16656988859176636,0.023688742890954018,0.12541474401950836,117.40782928466797,11.654730796813965,39.02934265136719,17.827880859375,8.31772232055664,6.4881792068481445,5.633034706115723,3.740023374557495,2.641292095184326,1.2057408094406128,5.137211799621582,2.8157880306243896,2.0610995292663574,-1.0170797109603882,-0.49632856249809265,0.6503280997276306,-0.3957538604736328,-0.10397033393383026,0.19491079449653625,-0.17391814291477203,0.07429347932338715,0.00015329553571064025,-0.043398965150117874,0.16937950253486633,0.03006277233362198,-0.008646740578114986,31.532978057861328,6.108443737030029,8.4827880859375,4.956425189971924,1.3340092897415161,2.097590684890747,1.5166012048721313,0.9430524110794067,1.0631228685379028,0.5975093245506287,0.9203130602836609,0.9642037153244019,0.8370262980461121
F24DE44B-762C-4149-AC92-96A5E57ED118-1430816949-1.0-m-04-bu.wav,burping,-419.871337890625,122.48851776123047,-19.757944107055664,6.651684284210205,-24.63668441772461,-21.956628799438477,-3.0198497772216797,-26.0164794921875,-6.489631175994873,-10.705284118652344,-19.800907135009766,0.723152220249176,-10.544888496398926,4427.62158203125,912.731201171875,373.21051025390625,284.82098388671875,413.21173095703125,209.45773315429688,92.55439758300781,171.9145050048828,32.00358200073242,32.794837951660156,71.31951141357422,63.23889923095703,57.75444030761719,2.706818103790283,1.22037935256958,-0.847385823726654,0.05489100143313408,-0.10905526578426361,-0.20998291671276093,-0.1752372831106186,-0.41133275628089905,0.04845030605792999,-0.18365444242954254,-0.25867903232574463,0.31420692801475525,-0.017380937933921814,69.86677551269531,20.121652603149414,10.170160293579102,6.004979133605957,3.233447551727295,2.478527545928955,3.6031243801116943,2.311328887939453,1.310049295425415,1.3250304460525513,1.460120677947998,1.9624522924423218,0.9367768168449402,0.6046668291091919,0.3726436495780945,0.007347208447754383,0.11239601671695709,-0.046561576426029205,-0.06925703585147858,-0.03142442926764488,-0.09911131113767624,0.02885735034942627,0.03500530496239662,-0.07192356884479523,-0.07854828983545303,-0.055451713502407074,23.998218536376953,10.292256355285645,4.272983551025391,1.6627533435821533,0.6790931224822998,0.43535393476486206,0.5571866631507874,0.7215282917022705,0.31287360191345215,0.44179266691207886,0.3465016186237335,0.7111412286758423,0.38418254256248474
10A40438-09AA-4A21-83B4-8119F03F7A11-1430925142-1.0-f-26-dc.wav,discomfort,-220.84632873535156,126.98646545410156,-86.26568603515625,-0.6048187613487244,-17.013002395629883,-28.71695327758789,2.4061315059661865,-26.598051071166992,-9.521768569946289,-5.754249095916748,-19.319732666015625,0.6639389991760254,-3.038557291030884,5336.0859375,427.80224609375,1890.478515625,376.9645080566406,172.31089782714844,217.37356567382812,409.14337158203125,170.91378784179688,90.31572723388672,109.26355743408203,167.1995849609375,535.2564086914062,345.85211181640625,1.7765064239501953,0.704313337802887,-0.6341977119445801,-0.10486515611410141,-0.3005698025226593,-0.04902265593409538,0.18703477084636688,-0.04010477289557457,0.19010727107524872,-0.06104244664311409,-0.2567559778690338,0.01815914176404476,-0.13691715896129608,214.9033966064453,22.4837589263916,70.86502075195312,14.628949165344238,7.695632457733154,10.333027839660645,10.712535858154297,8.360945701599121,3.4604032039642334,5.174533367156982,9.475218772888184,24.639951705932617,12.661123275756836,-1.915860891342163,-0.6313757300376892,1.0704762935638428,0.1632627546787262,0.005744487512856722,-0.024335306137800217,-0.14833712577819824,0.21077100932598114,0.037031736224889755,0.0348503440618515,-0.035258710384368896,-0.4615788459777832,-0.26466426253318787,78.2252426147461,9.912932395935059,26.537750244140625,2.9829347133636475,2.8770132064819336,3.103097438812256,1.8743115663528442,2.095637798309326,1.5429292917251587,2.829490900039673,3.9882652759552,5.967460632324219,4.494004726409912
11417AC2-DCC9-48CD-8177-CA8665E51B2F-1436881512-1.1-m-48-dc.wav,discomfort,-385.5697326660156,201.90835571289062,-95.1761245727539,45.139793395996094,-22.40062141418457,-32.181575775146484,24.514015197753906,-38.26836013793945,-8.187202453613281,-6.773861408233643,-28.57193374633789,3.1515188217163086,-21.05949592590332,3183.419189453125,642.2711791992188,441.1670227050781,238.73587036132812,82.75804901123047,100.95335388183594,100.69979095458984,82.47505950927734,39.55543518066406,20.62421226501465,30.2592830657959,25.359512329101562,29.64211082458496,1.7287421226501465,0.9191669821739197,-0.21461160480976105,0.32634755969047546,-0.13327232003211975,-0.1448480784893036,0.20649297535419464,-0.250824898481369,-0.1473539173603058,-0.07169743627309799,-0.05328542739152908,0.17971111834049225,-0.055873870849609375,74.50546264648438,13.7058687210083,14.380256652832031,8.943498611450195,3.9868323802948,2.86348295211792,4.058720111846924,2.3513686656951904,1.5817477703094482,0.9314172863960266,0.823646068572998,0.805387556552887,1.4775035381317139,1.4132672548294067,0.32916128635406494,-0.26973289251327515,0.1406584531068802,-0.01033388078212738,-0.02110367640852928,-0.032050635665655136,0.05227356404066086,0.15020149946212769,-0.029727913439273834,-0.05361100286245346,0.05370871722698212,0.04863857105374336,83.99003601074219,8.786309242248535,8.593817710876465,3.2533183097839355,1.090741753578186,0.9615352153778076,1.2844668626785278,0.5835091471672058,0.5703409314155579,0.2955268621444702,0.6747337579727173,0.20530584454536438,0.44560253620147705
1309B82C-F146-46F0-A723-45345AFA6EA8-1430703937-1.0-f-48-dc.wav,discomfort,-237.31121826171875,109.8652114868164,-100.52131652832031,39.62099838256836,-18.15511703491211,-23.492490768432617,27.1328067779541,-26.077930450439453,2.3247969150543213,-1.3083722591400146,-20.2356014251709,14.252715110778809,-11.759822845458984,14376.283203125,931.8170776367188,2844.60400390625,772.4310913085938,146.88494873046875,142.429443359375,411.5846862792969,177.97230529785156,144.33872985839844,33.65664291381836,69.78589630126953,204.58450317382812,66.76930236816406,4.714419841766357,0.908642053604126,-1.980525255203247,0.3188558518886566,-0.4903181791305542,-0.165447399020195,0.7451457381248474,-0.30112433433532715,0.10376409441232681,0.07679946720600128,-0.30273914337158203,0.30643999576568604,0.006383129861205816,378.53570556640625,30.339025497436523,75.45084381103516,12.024445533752441,7.952164649963379,6.896918296813965,11.4246826171875,3.594639778137207,3.328817844390869,1.0748860836029053,1.5398019552230835,3.838538646697998,3.118342638015747,-0.7664803266525269,-0.6488595604896545,0.44091370701789856,-0.016983704641461372,0.25051361322402954,0.31834664940834045,-0.044563814997673035,0.023137185722589493,-0.07146503776311874,0.00958243664354086,0.0955442488193512,-0.11709988117218018,-0.04936074838042259,56.107421875,12.588242530822754,14.200241088867188,2.290508985519409,3.6228299140930176,3.0909502506256104,3.212913990020752,0.6404861211776733,0.6254851818084717,0.3900229334831238,0.43255627155303955,1.2986398935317993,1.2512542009353638
1309B82C-F146-46F0-A723-45345AFA6EA8-1430704008-1.0-f-48-dc.wav,discomfort,-439.3150329589844,166.48074340820312,-84.66632843017578,31.823972702026367,-22.14448356628418,-37.318965911865234,8.967758178710938,-28.331945419311523,0.8007469177246094,-8.096128463745117,-25.829753875732422,5.1423563957214355,-17.224328994750977,5236.556640625,1178.4091796875,806.5254516601562,214.05117797851562,150.83241271972656,109.3357162475586,77.83528900146484,187.64505004882812,42.05850601196289,37.9528694152832,71.0873794555664,37.39429473876953,30.055438995361328,1.9991401433944702,0.3905773460865021,-0.7274262309074402,0.4058775305747986,-0.12510499358177185,-0.35960128903388977,0.12492095679044724,-0.12826783955097198,-0.1150473952293396,-0.048798803240060806,-0.17742043733596802,-0.13670101761817932,-0.14377757906913757,170.34762573242188,41.70938491821289,26.017087936401367,7.312990665435791,7.095364093780518,3.986924409866333,1.5228923559188843,7.186184406280518,1.650740385055542,1.2009804248809814,2.135313034057617,1.3253140449523926,0.8687244057655334,1.3545820713043213,1.045944333076477,0.2366773784160614,-0.1391151249408722,-0.0834486186504364,-0.04713749513030052,-0.16402988135814667,-0.10872998088598251,0.023654166609048843,0.029981696978211403,0.007426805794239044,0.05264768749475479,0.00822426937520504,96.5993423461914,31.223482131958008,8.307756423950195,3.614196538925171,3.0466184616088867,2.2539830207824707,0.9331788420677185,1.2908774614334106,0.5153960585594177,0.48793694376945496,0.7410809397697449,0.6868613362312317,1.076429009437561
1309B82C-F146-46F0-A723-45345AFA6EA8-1432801693-1.1-f-26-dc.wav,discomfort,-159.42538452148438,158.98243713378906,-147.0009765625,37.5579948425293,-32.94157409667969,-29.8514347076416,41.61176300048828,-41.138832092285156,-4.09487771987915,8.923945426940918,-17.864763259887695,14.876770973205566,-9.622838020324707,8000.14892578125,922.1552734375,1456.26416015625,384.5652160644531,150.91827392578125,100.75240325927734,116.3583755493164,214.1552276611328,61.87470245361328,130.19993591308594,39.019474029541016,75.46085357666016,68.26979064941406,1.8411303758621216,0.4756816029548645,-0.6331847310066223,0.12112978845834732,-0.29157668352127075,-0.46254754066467285,-0.02497970126569271,0.0934223011136055,0.16438943147659302,-0.023307673633098602,0.026712998747825623,0.19450029730796814,-0.136850968003273,316.33544921875,33.74773406982422,53.110252380371094,16.247074127197266,7.245316982269287,4.569847583770752,4.47175931930542,7.2122979164123535,1.4880905151367188,3.3505008220672607,1.142314076423645,3.7166495323181152,2.0612010955810547,-1.4324874877929688,-0.5803143978118896,0.5375210046768188,-0.41521891951560974,-0.07221706956624985,0.031626880168914795,-0.08715368807315826,0.37598639726638794,0.04356520250439644,-0.04657523334026337,0.11310993134975433,-0.05741629749536514,0.030885955318808556,61.44961929321289,6.935851573944092,10.722161293029785,3.473141670227051,1.5159040689468384,0.9111781716346741,1.2305893898010254,1.5563207864761353,0.8971691727638245,0.5652201175689697,0.5271404385566711,1.2853260040283203,0.3690944015979767
1309B82C-F146-46F0-A723-45345AFA6EA8-1432801703-1.1-f-26-dc.wav,discomfort,-136.15980529785156,163.61117553710938,-152.75340270996094,37.487571716308594,-31.329275131225586,-34.94534683227539,40.25591278076172,-36.924930572509766,-2.873859405517578,8.950271606445312,-18.299819946289062,15.80876636505127,-6.998497486114502,3803.12255859375,671.0399169921875,686.9119873046875,373.2205810546875,167.65841674804688,174.49842834472656,101.31183624267578,212.26719665527344,36.60091018676758,123.9906005859375,48.579959869384766,71.84464263916016,50.19395065307617,-1.255637288093567,-0.6002708077430725,0.8645212054252625,0.15752331912517548,0.22202934324741364,0.2147505134344101,-0.06104178726673126,0.1314847320318222,0.045358024537563324,-0.09276682138442993,-0.12408596277236938,-0.13448256254196167,-0.11932238191366196,155.78807067871094,26.539623260498047,24.730985641479492,10.643896102905273,5.050325870513916,5.03652286529541,3.2908380031585693,6.8116559982299805,0.7299638390541077,3.9966025352478027,2.197491407394409,3.7768099308013916,1.5998903512954712,0.15036743879318237,-0.24333982169628143,0.21622754633426666,0.06685561686754227,-0.06030569225549698,0.08330725878477097,-0.062472738325595856,0.09411817789077759,-0.04334481060504913,-0.04287849739193916,0.015123038552701473,-0.13052181899547577,-0.012592652812600136,44.66614532470703,7.639504432678223,7.991568565368652,2.5251846313476562,1.1477586030960083,0.9116252064704895,2.01285982131958,1.38180673122406,0.6679348945617676,0.6649330854415894,0.7221887707710266,1.6339465379714966,0.5525826215744019
2294E2B2-8E36-4DA6-A898-B947CB9446AB-1436462707-1.1-m-26-dc.wav,discomfort,-318.5550842285156,175.1577911376953,-71.56092834472656,43.238468170166016,-3.4999284744262695,-27.72953987121582,16.998432159423828,-12.29578685760498,-0.019854504615068436,-16.2337589263916,-28.25023651123047,-5.317220687866211,-21.962177276611328,5000.29150390625,355.8961181640625,1756.0079345703125,269.5116882324219,105.72266387939453,238.04039001464844,69.9254150390625,117.71542358398438,91.11255645751953,62.14410400390625,56.91822814941406,81.57847595214844,104.69054412841797,2.3438432216644287,0.5842269062995911,-0.4870156943798065,0.34174883365631104,-0.18311938643455505,0.09235956519842148,0.1697869896888733,-0.39971742033958435,0.05983177199959755,0.09113989770412445,-0.03824683651328087,0.3228321969509125,0.02832920476794243,147.239013671875,12.220121383666992,42.13394546508789,7.682365417480469,3.158766031265259,6.221563339233398,2.785659074783325,2.6449215412139893,2.151869535446167,1.7743538618087769,2.4946963787078857,1.8296678066253662,2.5870554447174072,-1.3403819799423218,-0.5626559853553772,0.6684055924415588,-0.4119546711444855,-0.023929523304104805,0.11748036742210388,-0.15487338602542877,0.20205700397491455,-0.08087082207202911,-0.011538008227944374,0.059744711965322495,-0.1170087680220604,0.18211914598941803,59.650352478027344,6.321526527404785,16.07111167907715,3.353442668914795,1.1447070837020874,2.9913740158081055,0.6280333399772644,1.7657274007797241,1.1063119173049927,0.7436760663986206,0.43867427110671997,1.7503081560134888,2.045778751373291
64acb345-a61e-4ef3-a5a6-cf83c04b83f1-1430058990597-1.7-m-72-dc.wav,discomfort,-224.54342651367188,117.55075073242188,-76.49185180664062,-0.21393220126628876,-12.360340118408203,-32.56533432006836,1.0259124040603638,-12.271329879760742,-2.8107948303222656,-1.149829387664795,-8.60170841217041,7.898841857910156,-5.992118835449219,4551.99658203125,900.1738891601562,1536.525390625,365.59832763671875,666.1009521484375,327.1630554199219,283.1573791503906,214.20118713378906,127.68282318115234,100.79116821289062,150.7064666748047,181.45083618164062,136.58436584472656,2.707129716873169,1.104103922843933,-0.7777271866798401,-0.17996837198734283,-0.1315779834985733,-0.39709898829460144,-0.17204616963863373,-0.06742587685585022,-0.0693880021572113,-0.24611112475395203,-0.15023070573806763,0.35220828652381897,0.42600104212760925,162.0489044189453,22.008625030517578,51.759002685546875,10.884939193725586,23.017032623291016,7.690910339355469,6.884995937347412,8.139869689941406,4.8478827476501465,3.7435615062713623,3.9610226154327393,6.814845085144043,5.042910099029541,-0.16369479894638062,-0.2629864811897278,0.20486582815647125,-0.11575965583324432,-0.026551581919193268,0.13453663885593414,-0.0348367802798748,0.03625639155507088,-0.01440136507153511,-0.18034975230693817,-0.1260431408882141,-0.048188503831624985,0.08824951946735382,50.84461212158203,7.398402214050293,18.806564331054688,4.265804767608643,7.290298938751221,2.901313066482544,2.5818488597869873,3.079068183898926,2.4409966468811035,1.753799319267273,1.640809416770935,2.897524356842041,1.098019003868103
64acb345-a61e-4ef3-a5a6-cf83c04b83f1-1430059012473-1.7-m-72-dc.wav,discomfort,-170.94729614257812,104.16586303710938,-126.91709899902344,11.439714431762695,-2.9753599166870117,-28.786405563354492,17.798288345336914,-16.51474380493164,-12.841926574707031,-2.85496187210083,-8.795268058776855,7.618621826171875,-2.1725969314575195,3779.52880859375,392.6689758300781,1804.575439453125,483.5030822753906,257.5494689941406,62.94082260131836,125.9683837890625,121.66654205322266,117.69379425048828,114.04170989990234,70.50621032714844,159.90843200683594,219.467041015625,1.6670509576797485,0.5799544453620911,-0.4164849817752838,0.681784451007843,0.27405381202697754,-0.0942968800663948,0.05176212266087532,-0.27715036273002625,-0.0402996800839901,0.045212846249341965,-0.13688553869724274,0.030699223279953003,-0.04326517879962921,184.3960418701172,20.733640670776367,74.41159057617188,7.880929946899414,4.073986530303955,3.5774476528167725,4.420253276824951,1.850669503211975,2.466503143310547,1.689818024635315,3.2040772438049316,4.131250381469727,5.545038223266602,-1.2745575904846191,-0.5213207602500916,0.6097957491874695,0.23414655029773712,0.21857038140296936,0.13320116698741913,-0.18362094461917877,-0.09705221652984619,0.021846279501914978,0.07632371038198471,0.011872884817421436,0.03507912531495094,0.21283480525016785,35.9156379699707,8.968781471252441,17.19410514831543,4.687221527099609,1.4102383852005005,0.5082564353942871,1.3146294355392456,0.6507571339607239,0.8188384175300598,0.8093811869621277,0.9968060255050659,1.0006459951400757,2.549941301345825
665BDF6D-2897-49F9-8AD0-978B3B2A0468-1430530218-1.0-m-26-dc.wav,discomfort,-480.9420166015625,172.46517944335938,-91.0528564453125,41.20310592651367,-20.895811080932617,-36.648521423339844,20.89275550842285,-26.2720890045166,-4.040135383605957,-4.2537102699279785,-19.289499282836914,3.7844812870025635,-21.8504638671875,4415.70166015625,1016.5195922851562,725.3460693359375,220.39706420898438,101.19409942626953,132.15087890625,74.1785888671875,79.23074340820312,50.489620208740234,43.85774230957031,48.99831008911133,42.2662467956543,40.06154251098633,1.4546911716461182,0.15401093661785126,-0.4887993037700653,0.29901400208473206,0.09990456700325012,0.08490648865699768,0.08342497795820236,-0.011991128325462341,0.2569732964038849,0.03673843294382095,-0.05533812940120697,0.009560217149555683,-0.259491503238678,194.90475463867188,45.66311264038086,28.026718139648438,7.04686975479126,5.103196620941162,5.574478626251221,1.7366821765899658,2.8070008754730225,2.4930238723754883,2.033156156539917,2.115377902984619,1.130576729774475,1.4636584520339966,-2.188476324081421,-0.8688615560531616,0.9710648655891418,-0.30092406272888184,0.1388927549123764,0.2075195461511612,-0.18881601095199585,0.2646653950214386,-0.0029701755847781897,-0.005184863694012165,0.06829611957073212,-0.13501854240894318,0.10765260457992554,149.85714721679688,26.493824005126953,22.90365982055664,3.95003080368042,3.1997225284576416,3.2202155590057373,1.321163535118103,1.6837571859359741,0.7059750556945801,0.4818475544452667,0.6679903268814087,0.7669047117233276,0.6316958069801331
79FF400A-97E2-4701-987D-C7C850D5523C-1430089621-1.0-f-48-dc.wav,discomfort,-421.9699401855469,142.56211853027344,-81.85122680664062,48.27614974975586,-9.97922420501709,-27.690998077392578,17.17603874206543,-30.541275024414062,-5.507045745849609,-8.71056842803955,-25.06028938293457,6.0160322189331055,-14.586956977844238,6872.9228515625,616.9070434570312,1935.869873046875,956.7236328125,90.89299011230469,182.79473876953125,237.17312622070312,66.93644714355469,47.10335922241211,33.070926666259766,57.60261154174805,69.11688995361328,66.2051773071289,2.0721275806427,1.1045652627944946,-0.3425706624984741,0.22778387367725372,-0.05496007204055786,-0.15100830793380737,0.0841299518942833,-0.10572972893714905,-0.019782183691859245,-0.11856704205274582,-0.1090003177523613,0.087376669049263,-0.1448516994714737,208.7364959716797,30.51609992980957,58.7243537902832,20.844078063964844,2.8769748210906982,4.082154750823975,6.890680313110352,1.9766523838043213,1.4550647735595703,1.2076094150543213,2.4580671787261963,2.267848014831543,2.4572248458862305,-1.3170894384384155,-0.6572772860527039,0.29900920391082764,-0.12100913375616074,0.030243845656514168,0.128559410572052,-0.04169151559472084,0.03220902755856514,-0.015109087340533733,0.09494467824697495,0.14957590401172638,0.03006790578365326,0.10185687243938446,59.75778579711914,14.693923950195312,13.806037902832031,6.235569953918457,1.1358007192611694,1.2944496870040894,1.9209977388381958,0.7189009785652161,0.41145163774490356,0.8013886213302612,0.8282540440559387,0.8170441389083862,0.8548716902732849
79FF400A-97E2-4701-987D-C7C850D5523C-1430089688-1.0-f-48-dc.wav,discomfort,-281.926513671875,126.06135559082031,-102.18560791015625,54.46863555908203,-18.336750030517578,-25.493173599243164,24.085693359375,-34.873863220214844,1.8720051050186157,-1.7226744890213013,-12.255450248718262,21.48350715637207,-17.041736602783203,10124.544921875,1044.9039306640625,2438.235107421875,826.624267578125,86.23399353027344,117.73189544677734,273.9939270019531,179.94578552246094,186.79457092285156,163.83934020996094,93.85909271240234,250.76629638671875,150.70684814453125,3.001638174057007,0.5628690719604492,-0.7762650847434998,0.2981269657611847,-0.063236765563488,0.015249054878950119,0.23163866996765137,-0.2436484694480896,-0.12320288270711899,-0.06429879367351532,-0.0892091616988182,0.16907401382923126,0.011688354425132275,403.48541259765625,35.458580017089844,100.05308532714844,18.18893814086914,4.523946762084961,4.110232353210449,9.273109436035156,6.359565258026123,3.5533931255340576,6.2750563621521,3.5045626163482666,10.559022903442383,5.848936557769775,-1.3036566972732544,-1.0663255453109741,0.42871686816215515,-0.3674596846103668,0.07179675996303558,0.1842723935842514,-0.09405051916837692,0.2483653575181961,-0.01767374388873577,0.07928604632616043,0.18019676208496094,-0.020457861945033073,0.2189318835735321,114.9341049194336,12.061849594116211,24.236398696899414,6.824135780334473,0.8235862255096436,1.845937967300415,2.125436544418335,2.1209654808044434,1.4828342199325562,2.286914110183716,1.173445224761963,3.2625114917755127,3.3009026050567627
7b0e160e-0505-459e-8ecb-304d7afae9d2-1437486974312-1.7-m-04-dc.wav,discomfort,-293.47100830078125,184.91485595703125,-29.592599868774414,25.070011138916016,0.2210371196269989,-22.165119171142578,12.295489311218262,-11.234651565551758,-0.44643327593803406,9.947903633117676,-12.10570240020752,1.8836828470230103,-1.7999989986419678,4037.84619140625,706.657470703125,1067.833251953125,194.4598846435547,195.91307067871094,144.7095947265625,94.20982360839844,62.629520416259766,54.932212829589844,68.82648468017578,100.18045806884766,61.27570343017578,62.391845703125,2.8454978466033936,1.3333038091659546,-0.3264613151550293,-0.08572369068861008,-0.25720518827438354,-0.3367060124874115,0.10969334095716476,0.2614158093929291,0.1641283929347992,-0.012504156678915024,-0.10442814975976944,-0.16769900918006897,-0.2288196086883545,145.76644897460938,28.218271255493164,23.471782684326172,5.175297737121582,6.4159979820251465,4.810020446777344,2.8238654136657715,1.7688884735107422,2.2993741035461426,3.5163357257843018,1.5476558208465576,1.9663796424865723,2.0264503955841064,-1.1133347749710083,-0.8030676245689392,0.52295982837677,-0.2040085643529892,-0.0706057995557785,0.16985954344272614,-0.09878208488225937,0.07110772281885147,-0.05382364243268967,-0.07192875444889069,0.13656525313854218,-0.0522565133869648,0.026987778022885323,36.092529296875,7.182486534118652,9.108871459960938,2.6394801139831543,1.4607422351837158,1.6729155778884888,1.387046456336975,0.6018397808074951,0.9610161185264587,1.5066403150558472,0.6530811786651611,0.3704482913017273,0.6962785720825195
837fd072-8704-4196-9ff1-1d2c07886e55-1432429478471-1.7-m-22-dc.wav,discomfort,-506.663818359375,171.114501953125,-54.312416076660156,47.5224609375,-4.165764808654785,-33.04471206665039,19.37082290649414,-13.678750038146973,-6.539228916168213,-0.4177316427230835,-16.753501892089844,-1.6780139207839966,-7.097545146942139,5217.904296875,652.2857666015625,809.0160522460938,192.56765747070312,241.9725799560547,184.09207153320312,124.7548599243164,47.96662902832031,87.22535705566406,41.76987838745117,64.6815185546875,63.66000747680664,41.75577163696289,2.594856023788452,0.670028805732727,-0.5551780462265015,0.2672368288040161,-0.18058472871780396,-0.34668946266174316,0.11843274533748627,-0.08838509768247604,-0.12128505110740662,0.1766042858362198,0.3234992027282715,0.13327716290950775,0.0002889417519327253,75.98284912109375,13.227176666259766,18.935028076171875,5.8436784744262695,5.446302890777588,3.780735731124878,2.8798067569732666,1.0623973608016968,1.9652953147888184,1.0301133394241333,1.1935955286026,1.3163173198699951,1.0716898441314697,-0.6760849952697754,-0.7098730206489563,0.3121725022792816,-0.11807502806186676,0.04298289865255356,0.06160653755068779,-0.07706250995397568,0.17160028219223022,-0.00167730706743896,-0.09340693801641464,-0.029444493353366852,-0.09445839375257492,-0.00042430739267729223,29.853910446166992,10.833745002746582,4.990277290344238,2.1438581943511963,1.2553989887237549,0.9291314482688904,0.9494659900665283,0.7321618795394897,0.6365639567375183,0.5650044679641724,0.41552630066871643,0.5513641834259033,0.38905802369117737
999bf14b-e417-4b44-b746-9253f81efe38-1430844958178-1.7-m-04-ch.wav,discomfort,-393.3948974609375,171.9017791748047,-35.19022750854492,-13.034334182739258,12.37285327911377,-12.039706230163574,-10.958586692810059,-9.945307731628418,-3.4959897994995117,-0.2683786451816559,-7.560960292816162,-5.3139424324035645,-9.375214576721191,4481.712890625,1369.6065673828125,889.4160766601562,413.99176025390625,152.6155548095703,154.10238647460938,111.71009826660156,71.82859802246094,44.607120513916016,34.44963455200195,44.15645217895508,28.03396224975586,30.702335357666016,3.6590771675109863,1.7948894500732422,-0.7010580897331238,-0.14918968081474304,0.1992541402578354,-0.07492469996213913,0.057677216827869415,0.03777880221605301,0.006285484880208969,0.15577799081802368,0.1565343141555786,0.0675632506608963,-0.06792788952589035,124.01272583007812,46.28659439086914,12.667043685913086,7.028637409210205,3.3983306884765625,5.591963291168213,3.373088836669922,1.4795703887939453,1.025772213935852,1.0833734273910522,1.482073187828064,1.0452131032943726,0.6729007363319397,-0.046894848346710205,-0.5037080645561218,0.1652337908744812,0.17513443529605865,0.025339700281620026,0.10890921950340271,0.06869468837976456,0.03981399163603783,0.04801744967699051,0.007932337932288647,0.043683987110853195,0.08396241068840027,0.07848440855741501,40.39222717285156,13.31342887878418,3.8057169914245605,3.103546142578125,1.280741810798645,1.462660551071167,0.9796004891395569,0.70644611120224,0.7709256410598755,0.4942212998867035,0.8201938271522522,0.6211521625518799,0.39110609889030457
999bf14b-e417-4b44-b746-9253f81efe38-1430844979531-1.7-m-04-ch.wav,discomfort,-396.66949462890625,166.7133026123047,-36.35758590698242,-25.831703186035156,-0.9875888228416443,-19.80840301513672,-13.815251350402832,-10.613341331481934,-4.308065414428711,6.764897346496582,2.739967107772827,-3.5943193435668945,-11.723299980163574,4173.87109375,1343.4117431640625,873.7722778320312,122.09581756591797,79.93220520019531,184.56491088867188,159.71603393554688,82.32196807861328,99.92504119873047,94.18975067138672,96.01840209960938,57.918216705322266,48.6303825378418,1.7708443403244019,1.2169257402420044,-0.2554130554199219,-0.09908363968133926,0.024990929290652275,-0.19937492907047272,-0.11005964875221252,-0.12119979411363602,-0.09856965392827988,0.1277698129415512,0.04137706756591797,-0.2201870083808899,-0.2183568775653839,77.04730224609375,21.32419776916504,24.3554744720459,5.057380199432373,3.46100115776062,5.024455547332764,3.9925715923309326,2.883134603500366,4.477035999298096,3.1321725845336914,2.434062957763672,2.846851110458374,1.9942389726638794,-0.6175979375839233,-0.4973801076412201,-0.03738546743988991,0.10062798857688904,0.18333378434181213,0.1337691843509674,0.08003946393728256,0.02249147742986679,-0.0794476866722107,-0.009370123967528343,-0.0035135289654135704,-0.07666569203138351,-0.010548767633736134,17.19293785095215,7.5191450119018555,3.6275835037231445,1.4725441932678223,1.0266181230545044,2.152188777923584,1.1584296226501465,1.3436959981918335,0.8280493021011353,0.5260633230209351,0.7559563517570496,0.7756525278091431,0.9974486827850342
999bf14b-e417-4b44-b746-9253f81efe38-1430844994519-1.7-m-04-ch.wav,discomfort,-417.5550537109375,157.98489379882812,-40.224613189697266,-13.732099533081055,8.659344673156738,-23.09198570251465,-19.77395248413086,-9.910468101501465,-4.2379045486450195,-5.2929205894470215,-9.646074295043945,-3.6603944301605225,-9.360920906066895,7260.17138671875,1950.224365234375,1166.3619384765625,225.72799682617188,76.23197174072266,269.1289367675781,113.97187805175781,32.606971740722656,42.97462844848633,35.60882568359375,54.10192108154297,46.93936538696289,23.35669708251953,3.0291247367858887,1.3571728467941284,-0.5713340044021606,-0.014979198575019836,0.02802174724638462,-0.24106323719024658,-0.0029972537886351347,0.04141392186284065,0.06806740164756775,-0.03533482551574707,-0.15115027129650116,0.05031440034508705,-0.11634461581707001,145.8588409423828,47.84061813354492,22.071063995361328,6.375766277313232,3.161182165145874,4.666473865509033,2.6672887802124023,1.2983695268630981,0.9073184132575989,0.8811399340629578,1.2127296924591064,1.1195838451385498,0.5302387475967407,-0.7453460693359375,-0.7729135155677795,0.3575334846973419,0.07313946634531021,-0.007354390807449818,0.1618749350309372,0.05213264748454094,0.08226872980594635,0.06642739474773407,0.03261753171682358,0.025184322148561478,-0.038831926882267,0.02639959193766117,19.60108757019043,7.382988452911377,3.6380767822265625,2.173661470413208,1.0929330587387085,1.1638494729995728,1.391231656074524,0.6053370833396912,0.46445006132125854,0.36917224526405334,0.36339837312698364,0.5414474010467529,0.32164570689201355
999bf14b-e417-4b44-b746-9253f81efe38-1430845018393-1.7-m-26-ch.wav,discomfort,-443.4288635253906,163.59051513671875,-39.24672317504883,-19.70471954345703,14.91140079498291,0.13739746809005737,-4.016443252563477,-14.389570236206055,-6.785366535186768,7.447731971740723,-3.216238498687744,-8.963171005249023,-6.252869129180908,4914.22607421875,1309.3826904296875,619.557373046875,252.8516387939453,236.06753540039062,385.2448425292969,125.48917388916016,44.79313659667969,34.821720123291016,38.637123107910156,43.47291946411133,48.574913024902344,28.226858139038086,1.8177235126495361,1.1617859601974487,-0.2686234414577484,0.04781043902039528,0.15948866307735443,0.10997701436281204,0.26460346579551697,-0.01789805479347706,-0.12945418059825897,0.10315476357936859,0.15153025090694427,0.13405682146549225,0.07106471061706543,145.49049377441406,48.63206481933594,12.660379409790039,5.384872913360596,3.115852117538452,4.748961448669434,1.692308783531189,1.1761500835418701,0.8706569075584412,0.8267979621887207,1.0879114866256714,1.511673927307129,1.2260677814483643,-0.8735023140907288,-0.48060718178749084,0.3085712492465973,0.014608536846935749,-0.14518854022026062,0.1084340363740921,0.07519291341304779,0.020609190687537193,0.06566324830055237,0.02249346859753132,0.09432577341794968,0.12310729920864105,0.00728099187836051,13.06450366973877,6.41643762588501,2.2035458087921143,1.8721319437026978,1.0464129447937012,1.2327532768249512,0.916251003742218,0.518883228302002,0.48402199149131775,0.40245485305786133,0.5066035389900208,0.5089941024780273,0.32637733221054077
999bf14b-e417-4b44-b746-9253f81efe38-1430845035663-1.7-m-26-ch.wav,discomfort,-375.03424072265625,182.2803497314453,-55.777099609375,-18.765869140625,2.380699396133423,-33.94456100463867,-22.14634895324707,-9.178373336791992,-2.6338112354278564,-5.097294330596924,-7.740842819213867,1.7694966793060303,-9.071733474731445,4613.072265625,1390.5423583984375,640.6442260742188,324.1914367675781,60.27204132080078,239.99989318847656,187.5048828125,49.75907897949219,84.9515609741211,39.369956970214844,86.33179473876953,63.216064453125,31.766845703125,1.9178974628448486,1.1247570514678955,-0.16229695081710815,0.3604825735092163,-0.020051123574376106,-0.14196817576885223,0.4309037923812866,0.04298583045601845,-0.16689324378967285,0.16283659636974335,0.037353478372097015,-0.01116678025573492,0.07934067398309708,132.6069793701172,42.865928649902344,16.261964797973633,6.844732284545898,2.920123815536499,9.798018455505371,3.8818886280059814,1.9134031534194946,1.8769140243530273,1.6948899030685425,2.1100661754608154,2.80033802986145,1.4226232767105103,-0.5603180527687073,-0.3651495575904846,0.23197080194950104,0.09446657449007034,-0.19329850375652313,0.08465440571308136,0.20208220183849335,0.0028900515753775835,0.08464930206537247,0.16662892699241638,0.06871876120567322,0.059148747473955154,0.10397613048553467,23.550064086914062,9.083208084106445,3.918492317199707,2.7622408866882324,0.8388173580169678,2.656601667404175,1.5443949699401855,0.9748459458351135,0.7602049112319946,0.6064422130584717,0.7546029686927795,0.8684484362602234,0.35228273272514343
a40b9b8d-e4bc-457a-badf-f38bdbc0c358-1430016981469-1.7-m-26-dc.wav,discomfort,-176.44691467285156,155.53184509277344,-74.6668930053711,5.778582572937012,-6.130316734313965,-16.57107925415039,26.663509368896484,-8.279613494873047,-11.049042701721191,-7.228944778442383,-25.86530113220215,-6.087001800537109,-1.9922261238098145,7012.5478515625,1389.3924560546875,2762.36767578125,237.60011291503906,550.0485229492188,173.67935180664062,568.5964965820312,197.73655700683594,118.24024200439453,91.79207611083984,117.55115509033203,142.11317443847656,177.09971618652344,4.153013706207275,1.031116247177124,-1.8608615398406982,-0.18273702263832092,-0.4372818171977997,-0.14152497053146362,0.5633876919746399,-0.31870025396347046,-0.1751304715871811,0.1400832086801529,0.05292776972055435,0.36098209023475647,0.0322793684899807,112.60679626464844,43.095096588134766,56.365440368652344,9.213739395141602,12.076146125793457,6.945326805114746,5.866151332855225,9.81448745727539,2.9832234382629395,2.707432746887207,4.126258373260498,3.9325649738311768,4.861377716064453,-0.5428808927536011,-0.5913939476013184,0.18125484883785248,-0.18163461983203888,-0.030534949153661728,0.0956745520234108,-0.057250041514635086,0.09834646433591843,0.09277738630771637,0.11205487698316574,0.10688932985067368,0.04504906386137009,0.12715516984462738,18.221763610839844,6.966140270233154,14.002598762512207,4.007583141326904,3.8972671031951904,2.4650256633758545,0.7715712189674377,2.6791000366210938,0.9889429211616516,0.6919652223587036,0.8247243762016296,1.1191227436065674,1.8751596212387085
ae5a462b-5424-4b5b-82d5-07ccb61654ab-1431064345173-1.7-f-48-dc.wav,discomfort,-488.9786071777344,102.69646453857422,-90.90457916259766,37.14692306518555,-10.897442817687988,-24.223031997680664,26.835857391357422,-19.604595184326172,-4.143924713134766,0.9839058518409729,-19.230236053466797,3.4209835529327393,-6.89832067489624,12509.9814453125,1652.0582275390625,3239.7021484375,339.52569580078125,512.3051147460938,309.01434326171875,540.9827880859375,130.77099609375,108.73912048339844,53.43580627441406,76.87523651123047,52.84543991088867,45.68379592895508,1.4176560640335083,-0.881030797958374,-1.5636645555496216,0.18800510466098785,-0.5214939713478088,-0.49773314595222473,0.3082248866558075,-0.18781067430973053,-0.23095418512821198,0.06244932860136032,-0.0984971895813942,0.00943699013441801,0.062413450330495834,521.0347290039062,75.24097442626953,104.55571746826172,10.145040512084961,20.60409927368164,9.951271057128906,19.402902603149414,4.198106288909912,1.9925299882888794,1.7352887392044067,3.5230209827423096,1.4340711832046509,2.1369616985321045,0.26284176111221313,-0.10445444285869598,0.15343181788921356,0.053731340914964676,0.006355049554258585,0.09233856946229935,-0.19077037274837494,-0.10510783642530441,0.040625642985105515,0.003329159691929817,-0.01469386089593172,-0.041442353278398514,0.022886091843247414,131.55380249023438,22.1370906829834,28.754310607910156,3.5153603553771973,5.806285381317139,2.195852279663086,6.371368408203125,1.4042569398880005,0.7220995426177979,0.5728552341461182,1.3906863927841187,1.05771803855896,0.9117777943611145
D1CB71F9-EF76-49B3-A703-41D557444D21-1436863419-1.1-f-26-dc.wav,discomfort,-279.9560241699219,118.2956314086914,-70.20259857177734,18.767492294311523,-34.84796905517578,-35.0876350402832,22.080028533935547,-19.63766860961914,-4.953329086303711,3.299426794052124,-14.696562767028809,2.8325865268707275,-11.4700927734375,4066.830078125,552.3225708007812,1052.236572265625,208.63121032714844,273.92535400390625,414.7751770019531,161.14190673828125,154.00637817382812,169.28424072265625,31.79069709777832,157.1573028564453,129.40663146972656,108.4362564086914,3.08994460105896,0.620145857334137,-0.790675938129425,0.6910281777381897,-0.35628074407577515,-0.21527278423309326,0.4378283619880676,-0.09267537295818329,0.2479422688484192,0.08389672636985779,-0.07085970789194107,0.26195114850997925,-0.2654017508029938,161.28457641601562,12.563584327697754,38.21589279174805,11.953659057617188,7.774365425109863,9.60306167602539,6.873804092407227,6.884223937988281,7.004656791687012,0.9498750567436218,6.861673355102539,4.189181327819824,5.284569263458252,0.6084006428718567,0.1845036745071411,0.04878585785627365,-0.12180532515048981,0.06515978276729584,0.0489644892513752,-0.025741828605532646,0.07786204665899277,-0.09923584759235382,-0.07222629338502884,0.027371061965823174,-0.04882955551147461,-0.02098243497312069,74.10603332519531,13.938063621520996,14.570927619934082,3.1744678020477295,4.7731218338012695,3.249845504760742,3.1073896884918213,2.5877983570098877,1.8607800006866455,0.5606731176376343,2.224937915802002,1.3976812362670898,1.7691198587417603
d6cda191-4962-4308-9a36-46d5648a95ed-1426942891562-1.4-f-48-dc.wav,discomfort,-600.4197387695312,153.55113220214844,-71.17093658447266,51.39619827270508,1.4276149272918701,-21.03903579711914,22.965906143188477,-20.36445426940918,1.3770630359649658,4.796709060668945,-14.693829536437988,8.558204650878906,-8.623700141906738,1955.079345703125,1178.77490234375,704.308837890625,204.1962432861328,110.13906860351562,128.34585571289062,244.77842712402344,71.3465347290039,58.162471771240234,29.991323471069336,31.93791389465332,41.48728561401367,39.706695556640625,0.7563443183898926,0.16977456212043762,0.10220280289649963,0.2733708322048187,0.1520545780658722,0.2132095992565155,0.2680100202560425,-0.0597686767578125,-0.28925836086273193,-0.17617467045783997,-0.10452256351709366,-0.06700325757265091,0.10151167213916779,66.72103881835938,38.649845123291016,14.68957233428955,5.4215874671936035,3.8466897010803223,4.121189117431641,3.338765859603882,1.8711844682693481,2.705148696899414,1.37350594997406,1.331118106842041,1.6517413854599,1.144937515258789,0.04821700230240822,0.033766187727451324,0.30411410331726074,-0.14988385140895844,-0.020447785034775734,0.13533978164196014,-0.1296183466911316,-0.10637293756008148,0.011518916115164757,0.027067305520176888,-0.001309457584284246,-0.002262561582028866,0.06971051543951035,16.407772064208984,9.12558364868164,3.25282883644104,3.2179319858551025,1.481329083442688,1.6823756694793701,1.0949268341064453,0.8775579333305359,0.751509964466095,0.5094130635261536,0.3946360647678375,0.6049085855484009,0.5585487484931946
d6cda191-4962-4308-9a36-46d5648a95ed-1431086262776-1.7-m-04-ch.wav,discomfort,-326.1114501953125,118.75933074951172,-142.4539031982422,29.532939910888672,-19.15727996826172,-31.354066848754883,37.334571838378906,-27.36709976196289,-4.917673110961914,16.55374526977539,-16.924701690673828,-2.6381711959838867,-10.98408317565918,11839.4306640625,1673.6007080078125,2171.3759765625,551.7845458984375,149.544189453125,304.5506286621094,127.0653076171875,260.1238098144531,81.61631774902344,68.93311309814453,76.26409912109375,66.24580383300781,110.69551086425781,2.04569411277771,1.0425299406051636,-0.053929347544908524,-0.4578276574611664,-0.3720051348209381,-0.1049238070845604,0.10315220057964325,-0.07315357774496078,-0.09405133128166199,0.24894048273563385,-0.06801799684762955,-0.25862041115760803,0.08187205344438553,423.3612976074219,67.1979751586914,57.36810302734375,10.678905487060547,7.035534381866455,8.932726860046387,6.373743534088135,7.16796875,2.539201498031616,1.9700945615768433,1.8912837505340576,2.4341728687286377,3.04622220993042,-0.8136032819747925,-0.7727057933807373,0.4448389410972595,-0.09736678004264832,0.07440900802612305,0.3146723806858063,-0.13609500229358673,-0.145295187830925,-0.03153340518474579,0.022421499714255333,0.026071660220623016,0.033156003803014755,0.11167818307876587,47.67988967895508,18.42327880859375,7.678215980529785,3.010913848876953,1.6956088542938232,3.5203163623809814,2.0078542232513428,1.2066371440887451,0.792232096195221,0.5434985160827637,0.6403637528419495,0.7927557826042175,1.0193830728530884
d6cda191-4962-4308-9a36-46d5648a95ed-1431161889263-1.7-m-04-dc.wav,discomfort,-438.3179016113281,127.2277603149414,-77.25669860839844,8.093083381652832,-13.407241821289062,-30.40641975402832,18.74022674560547,-7.595914363861084,-7.55357027053833,1.777688980102539,-13.065768241882324,-1.597145438194275,-7.7650322914123535,8480.4091796875,2793.69384765625,1397.6839599609375,592.4697265625,412.6999206542969,171.03709411621094,69.49713134765625,139.24114990234375,167.0273895263672,45.000370025634766,67.0858154296875,61.83888626098633,60.645626068115234,2.6016273498535156,1.5171000957489014,0.2262980043888092,0.2921084463596344,-0.45235809683799744,-0.4585471749305725,0.06682249903678894,-0.23696765303611755,-0.24799548089504242,0.01654004491865635,-0.08332302421331406,-0.11557010561227798,-0.0892801582813263,221.75901794433594,102.26493072509766,23.52116584777832,19.169166564941406,17.316984176635742,5.900224208831787,1.3023492097854614,4.584015369415283,5.612808704376221,1.2004878520965576,2.0296058654785156,2.9745516777038574,1.4636814594268799,-1.9583629369735718,-1.1829978227615356,0.7309857606887817,0.1554466187953949,0.287163645029068,0.25129830837249756,-0.15656517446041107,0.1042843759059906,0.02950432524085045,0.04369398206472397,0.1424713283777237,-0.012884700670838356,0.10868563503026962,87.02433776855469,28.740947723388672,17.60869789123535,6.811646938323975,4.461142539978027,2.379075527191162,0.6025701761245728,1.8920027017593384,1.684949517250061,0.6409996747970581,1.361928939819336,1.084542989730835,0.7567926049232483
f258a8e2-92cd-4843-9da4-80ed26ec8e10-1436944996156-1.7-f-26-ch.wav,discomfort,-251.5320587158203,107.14152526855469,-140.3101043701172,32.32109832763672,-17.635772705078125,-21.511226654052734,32.40171813964844,-34.928829193115234,4.759191513061523,5.900232315063477,-33.42866897583008,9.737409591674805,-5.216193199157715,9763.677734375,799.4116821289062,2103.6435546875,916.19970703125,295.4665222167969,234.53842163085938,247.0194091796875,346.0897521972656,102.92987823486328,79.39956665039062,116.55547332763672,62.365604400634766,76.12071228027344,3.5694222450256348,1.2471033334732056,-1.20020592212677,0.566271185874939,-0.16078300774097443,-0.24190931022167206,0.33333921432495117,-0.33051207661628723,0.0736398994922638,0.021262429654598236,-0.3272947669029236,0.099183090031147,-0.08385355770587921,497.5710754394531,39.97552490234375,109.70824432373047,35.09217071533203,13.476239204406738,11.548721313476562,8.943391799926758,13.110950469970703,3.893386125564575,2.679039716720581,4.686012268066406,2.375657320022583,3.371452808380127,-1.0301501750946045,-0.19380687177181244,0.46261078119277954,-0.274141401052475,0.020473191514611244,0.07930774241685867,-0.03979271277785301,0.2091728001832962,-0.034427057951688766,-0.009583337232470512,0.09104101359844208,-0.07760640233755112,0.1141681894659996,124.09282684326172,13.847061157226562,31.739028930664062,4.264148235321045,4.6484551429748535,2.7547569274902344,2.3923463821411133,2.6219406127929688,1.1424078941345215,0.8427638411521912,1.3948947191238403,0.5353776812553406,0.7869478464126587
f5b29377-7cd6-4688-942c-5a07add39dc5-1437480263225-1.7-f-26-dc.wav,discomfort,-204.18524169921875,152.1837615966797,-123.90924072265625,-3.833078145980835,-36.07305145263672,-32.5963134765625,22.044132232666016,-31.387592315673828,-3.1694979667663574,4.926079273223877,-23.394939422607422,6.734363079071045,-3.1485912799835205,4867.98486328125,1017.89404296875,2184.61279296875,1292.70703125,453.1673889160156,171.25155639648438,238.5620574951172,148.1024627685547,136.78663635253906,93.00194549560547,263.6200256347656,181.84051513671875,209.79312133789062,0.6928964853286743,0.8828369975090027,0.17105507850646973,-0.6595067977905273,0.002458379603922367,0.09492018073797226,-0.22902168333530426,0.009823999367654324,-0.1488020420074463,0.11357587575912476,0.36714106798171997,-0.26652759313583374,-0.3049061894416809,152.24920654296875,49.90584945678711,54.43008041381836,25.209144592285156,20.16862678527832,7.624952793121338,7.159532070159912,5.833765983581543,7.51382303237915,3.9440717697143555,11.7404146194458,6.042622089385986,6.609527111053467,-0.6320047974586487,-0.23475220799446106,0.31251680850982666,-0.3033020794391632,-0.25459420680999756,-0.15743054449558258,-0.13929888606071472,0.0038044946268200874,-0.16055555641651154,0.10615544766187668,0.28916439414024353,0.05787072703242302,0.10563497990369797,51.13692092895508,19.56814193725586,10.174980163574219,6.358879566192627,5.0902419090271,3.0500571727752686,2.0143308639526367,1.8165574073791504,1.5118165016174316,2.012197732925415,4.558155059814453,2.6039233207702637,3.0786759853363037
02c3b725-26e4-4a2c-9336-04ddc58836d9-1430726196216-1.7-m-04-hu.wav,hungry,-678.109375,153.7720184326172,-80.01900482177734,39.901527404785156,-23.1946964263916,-32.70188903808594,26.5579776763916,-20.241498947143555,2.4374821186065674,2.2599709033966064,-18.68230438232422,10.009988784790039,-9.483475685119629,2961.727294921875,926.5838012695312,781.0625610351562,233.36500549316406,259.37744140625,254.87379455566406,89.77122497558594,61.398468017578125,71.92407989501953,80.68313598632812,50.49115753173828,46.102420806884766,46.72180938720703,-0.8813617825508118,-0.7619446516036987,-0.09916460514068604,0.12896309792995453,0.20499850809574127,0.1328393667936325,0.05958976969122887,0.05451340228319168,-0.0394149124622345,0.04796127602458,0.20007853209972382,0.01847015507519245,-0.15147922933101654,103.8914566040039,42.55678939819336,18.032676696777344,7.51671838760376,8.266342163085938,6.403275012969971,2.413393497467041,2.4321646690368652,2.776360034942627,2.3961308002471924,1.6815509796142578,1.8348069190979004,1.9916961193084717,-0.15863195061683655,0.03180311620235443,0.1868058294057846,0.10054251551628113,0.2525879144668579,0.18231873214244843,-0.10912584513425827,-0.08194483071565628,-0.031026531010866165,-0.06695099920034409,0.0472634993493557,0.055770862847566605,-0.01871933415532112,29.34636878967285,12.283368110656738,3.810792922973633,2.584876298904419,2.3287229537963867,1.8786073923110962,1.028585433959961,0.7546420693397522,0.6386393904685974,0.4761883020401001,0.6323553323745728,0.6736242175102234,0.6027776002883911
02ead89b-aa02-453e-8b83-6ebde9fe7551-1430233132879-1.7-m-26-hu.wav,hungry,-499.3944091796875,148.7378387451172,-41.73361587524414,32.08321762084961,-3.686526298522949,-26.22763442993164,13.61634349822998,-12.758933067321777,-6.900893211364746,-2.9062247276306152,-17.937711715698242,-0.6420463919639587,-7.836498737335205,4331.11083984375,753.351318359375,841.4296264648438,263.6913757324219,129.56918334960938,331.8474426269531,147.3828582763672,110.48027801513672,25.204174041748047,43.290618896484375,44.288822174072266,24.691579818725586,36.28596496582031,2.7025513648986816,1.4446742534637451,-0.4148792624473572,-0.3937179446220398,-0.5119961500167847,-0.3064934015274048,-0.04307105764746666,-0.04950470104813576,0.18957391381263733,-0.018653947860002518,-0.2268199473619461,0.08471184223890305,0.03125319257378578,109.98505401611328,21.221826553344727,25.845050811767578,10.19339370727539,4.214690208435059,7.173144340515137,4.928983211517334,4.763269424438477,0.5340272784233093,1.964748501777649,1.4880096912384033,0.747994065284729,1.1222436428070068,-0.6329964399337769,-0.4918194115161896,0.4085594415664673,0.15326601266860962,0.1063946932554245,0.16845472157001495,-0.025234397500753403,-0.001266423729248345,-0.0040870425291359425,0.03289283066987991,0.0755574181675911,-0.022904887795448303,0.004770064726471901,37.046112060546875,5.363136291503906,11.6427640914917,3.627653121948242,1.7137259244918823,3.545915365219116,1.8403232097625732,1.5076043605804443,0.4661853015422821,0.6131687760353088,0.6195435523986816,0.3239046335220337,0.605775773525238
035c6b30-a145-42b9-8d0f-445cd9003d2c-1435948197257-1.7-m-04-hu.wav,hungry,-242.80416870117188,121.1707534790039,-138.11216735839844,41.17852020263672,-12.091426849365234,-38.31999969482422,23.39578628540039,-31.311962127685547,-1.9980968236923218,7.110339641571045,-24.436969757080078,9.641892433166504,0.677437424659729,4494.0205078125,327.16644287109375,2124.382080078125,437.214599609375,137.143798828125,130.1192169189453,63.110137939453125,265.60791015625,119.25941467285156,53.231544494628906,72.7819595336914,179.30291748046875,39.7552604675293,1.2844659090042114,-0.02440006099641323,-0.2494240552186966,0.4093084931373596,0.34627342224121094,0.045705776661634445,-0.22899454832077026,-0.28662970662117004,0.10513243079185486,0.2461308389902115,0.026781054213643074,-0.10597237199544907,0.026910416781902313,164.51910400390625,14.902174949645996,65.2514877319336,15.156269073486328,5.992554187774658,4.24677038192749,2.127044677734375,7.750809669494629,2.5891499519348145,0.9021831154823303,2.983567237854004,6.58536434173584,1.092185616493225,-0.2227003574371338,-0.5372653603553772,-0.026893194764852524,-0.24780772626399994,0.21796973049640656,0.2096843272447586,-0.05465618148446083,0.14446984231472015,0.01957562007009983,0.06369903683662415,0.09201414883136749,-0.16205550730228424,-0.03030136041343212,51.404178619384766,5.635383129119873,13.854867935180664,3.227769613265991,2.068925619125366,2.242222309112549,1.1644772291183472,2.040580987930298,0.8101503252983093,0.4124975800514221,0.7020164728164673,1.4709280729293823,0.5204047560691833
03abcb8f-400a-47d8-ad82-7e4586cc06be-1431864192133-1.7-f-48-hu.wav,hungry,-136.54493713378906,140.29502868652344,-79.93733215332031,30.581958770751953,-25.677175521850586,-19.580263137817383,36.41560363769531,-19.015626907348633,-3.332395076751709,-7.594067096710205,-20.623350143432617,12.712050437927246,-11.474634170532227,4753.8583984375,873.3517456054688,1665.6986083984375,635.768798828125,303.8442077636719,79.15565490722656,237.78530883789062,55.973419189453125,105.63419342041016,75.95893859863281,92.69026184082031,174.84140014648438,148.25381469726562,2.353835344314575,1.095764398574829,-0.5086438655853271,0.37332525849342346,-0.003840471850708127,-0.18777066469192505,0.11707285791635513,0.045151010155677795,0.16504693031311035,-0.20490358769893646,-0.19396597146987915,0.24662119150161743,-0.0604928694665432,110.12733459472656,16.163368225097656,31.24782371520996,5.423916816711426,9.272940635681152,2.8431143760681152,5.576693058013916,1.8267935514450073,2.964264154434204,3.3628196716308594,4.701823711395264,3.446535110473633,3.11039400100708,-0.8551772236824036,-0.2955586314201355,0.22884449362754822,-0.15007969737052917,0.23182342946529388,0.22228601574897766,-0.09196294844150543,0.03806799650192261,0.009222756139934063,0.11718474328517914,0.10880622267723083,-0.1286388486623764,0.0408383272588253,13.82569408416748,2.6257619857788086,5.726889133453369,1.3907663822174072,3.1901800632476807,2.237910747528076,0.7394217848777771,0.5329936146736145,0.8818038105964661,0.8829312324523926,1.6361151933670044,1.436081886291504,1.1846942901611328
045C5483-69E1-4BEC-B1D8-9286D174B9B2-1430102996-1.0-m-04-hu.wav,hungry,-220.7596435546875,105.8694076538086,-66.39505004882812,20.360836029052734,-8.218554496765137,-34.65253448486328,-12.868132591247559,-22.666790008544922,-2.0991861820220947,-14.446318626403809,-14.213027954101562,13.07061767578125,-2.314978837966919,1727.423828125,207.8336944580078,358.52642822265625,196.37367248535156,56.71342468261719,102.72157287597656,168.7391815185547,68.00007629394531,58.6915397644043,23.2285099029541,106.46452331542969,159.22393798828125,164.05099487304688,1.602738857269287,0.31922218203544617,-0.4644622802734375,0.3573089838027954,0.13678507506847382,0.05691475421190262,0.14245499670505524,-0.1795838326215744,-0.0051613664254546165,0.09944276511669159,0.015121620148420334,0.14568594098091125,0.12109450995922089,79.65433502197266,10.056490898132324,13.14384937286377,4.89921236038208,1.2394781112670898,2.461249828338623,5.198106288909912,2.155552625656128,1.5683189630508423,0.9969087839126587,3.9035112857818604,5.2595062255859375,5.097058296203613,-0.43053606152534485,-0.30911412835121155,0.3667784631252289,0.07549475878477097,0.1251859813928604,0.19743099808692932,0.016065960749983788,0.05080178380012512,0.025925641879439354,0.03365651145577431,0.0026490187738090754,-0.15641802549362183,-0.17047692835330963,18.637432098388672,5.91663122177124,4.858536243438721,2.720792531967163,0.878081202507019,1.9363340139389038,2.7151167392730713,1.2576757669448853,1.2571040391921997,0.5202590227127075,0.7757956385612488,0.9313266277313232,2.0352039337158203
04c3386b-e6bc-4bd0-8456-d46ae21a73fc-1435305829013-1.7-f-26-hu.wav,hungry,-520.5963134765625,138.15005493164062,-101.40734100341797,-5.601537704467773,-13.79476261138916,-20.425626754760742,7.931567192077637,-16.79647445678711,6.625190734863281,-6.243565559387207,-21.752561569213867,5.446601390838623,-5.828245639801025,4496.84912109375,729.070556640625,1316.1370849609375,145.22625732421875,105.04029083251953,200.1289520263672,60.43742370605469,123.23441314697266,58.587039947509766,58.237030029296875,79.16107940673828,46.59300231933594,49.70772171020508,-2.222128391265869,-0.8811766505241394,0.9607335329055786,-0.026276541873812675,-0.187740758061409,0.06500550359487534,0.1271224468946457,0.16731789708137512,-0.18419085443019867,0.07480248808860779,0.27691876888275146,-0.03684937581419945,-0.02212298847734928,143.64764404296875,29.85173988342285,37.99992370605469,6.242916107177734,4.171241760253906,6.219569206237793,3.3991212844848633,2.9382855892181396,2.5022058486938477,1.8640438318252563,1.4001816511154175,1.3150938749313354,2.312296152114868,0.2772922217845917,0.14841364324092865,-0.08886368572711945,0.06655571609735489,0.165713369846344,0.04648818448185921,0.03458874300122261,0.10536760836839676,0.09194570779800415,0.06202924996614456,0.013153502717614174,-0.0452875979244709,-0.019716503098607063,25.527631759643555,5.75042724609375,7.325851917266846,1.8376452922821045,1.5128203630447388,1.4699100255966187,1.0344595909118652,0.8591573238372803,0.9462856650352478,0.7137212753295898,0.4652705192565918,0.4838981628417969,0.7874722480773926
0776b33b-c41a-4a2e-8b9c-f1c184be00c8-1437123838264-1.7-f-26-hu.wav,hungry,-149.14512634277344,145.81312561035156,-141.77151489257812,27.2801513671875,5.40789794921875,-17.03358268737793,9.495258331298828,-49.24290084838867,-1.1571197509765625,6.323624134063721,-32.52151107788086,-0.7059648633003235,-9.468989372253418,2107.50390625,1207.8570556640625,492.1532897949219,354.81365966796875,131.83087158203125,279.1677551269531,29.469741821289062,95.52011108398438,70.34016418457031,39.270103454589844,41.08561325073242,136.27882385253906,69.82608032226562,1.109902262687683,1.2376028299331665,0.9160972833633423,0.2034255862236023,-0.08422279357910156,0.05677328631281853,-0.016586607322096825,-0.1716596484184265,-0.29645663499832153,-0.15046082437038422,0.10276320576667786,-0.030390165746212006,-0.15282081067562103,65.70088958740234,10.98832893371582,28.826030731201172,7.409010887145996,2.942591905593872,2.7723705768585205,1.1432008743286133,1.8849142789840698,2.5507266521453857,1.1631430387496948,1.345671534538269,3.6124744415283203,1.0891388654708862,-1.0469303131103516,-0.3264402449131012,0.6398351788520813,-0.05707377567887306,0.07362797111272812,0.0168523658066988,-0.07749068737030029,0.1851557493209839,-0.08767615258693695,0.03937807306647301,0.08113519847393036,-0.17281721532344818,0.048566631972789764,7.730392932891846,2.174818515777588,4.409554481506348,1.8033535480499268,0.6740186214447021,0.8140566945075989,0.30505743622779846,0.5495670437812805,0.7566699385643005,0.4835551381111145,0.49168989062309265,0.6606848239898682,0.4239340126514435
08E9485B-2772-444B-A636-77E14DD14A8C-1431493441-1.0-m-04-hu.wav,hungry,-478.3865966796875,94.46111297607422,-45.46440124511719,-4.0023393630981445,-1.2950423955917358,-7.730704307556152,-1.6486563682556152,-25.3818302154541,-14.149842262268066,-8.173588752746582,-19.719884872436523,-7.318044662475586,-5.688087463378906,3700.442138671875,782.7944946289062,326.1053161621094,179.1144256591797,205.902099609375,155.515869140625,74.14359283447266,74.3701400756836,127.44316864013672,104.67828369140625,40.71067428588867,40.00688934326172,38.577354431152344,3.8563408851623535,1.3496428728103638,-0.9636970162391663,0.23654189705848694,-0.6110010743141174,-0.5655869841575623,0.35480502247810364,-0.07314816117286682,0.10509095340967178,0.1684059053659439,-0.07904168218374252,0.1785123646259308,0.048154015094041824,91.91670989990234,17.848880767822266,8.12017822265625,7.10320520401001,6.730545520782471,2.837766170501709,3.580695867538452,2.5328874588012695,3.70259428024292,3.361717462539673,1.761755108833313,1.6328617334365845,1.551646113395691,-0.30351492762565613,-0.3573470413684845,0.2732780873775482,0.014763224869966507,0.1444915533065796,0.12715697288513184,-0.11773210763931274,0.009759980253875256,0.006215331610292196,-0.04684839025139809,0.010852192528545856,0.04146455600857735,0.0319511853158474,19.40289878845215,7.214896202087402,3.8824875354766846,2.077572822570801,2.1967623233795166,1.3447190523147583,1.469185709953308,0.8472363948822021,0.8739716410636902,1.114272117614746,0.5494270324707031,0.6129130125045776,0.5423882007598877
08E9485B-2772-444B-A636-77E14DD14A8C-1431493453-1.0-m-04-hu.wav,hungry,-438.76025390625,73.78345489501953,-22.079883575439453,-3.7537529468536377,-6.208142280578613,-13.602094650268555,-1.330001711845398,-9.718266487121582,-15.284513473510742,-14.496841430664062,-12.265463829040527,-9.333409309387207,-11.381982803344727,8081.2724609375,1141.5908203125,1278.1361083984375,185.0776824951172,222.4311981201172,284.7362365722656,219.732666015625,118.19166564941406,75.29005432128906,84.56969451904297,44.81709671020508,41.01163101196289,38.21628952026367,0.6412022113800049,0.4230406880378723,-0.1643316149711609,-0.11846332252025604,-0.034206587821245193,-0.16078613698482513,-0.10073687136173248,0.06178955361247063,-0.07888101786375046,-0.32860684394836426,-0.24677248299121857,-0.08342232555150986,-0.09951886534690857,151.77325439453125,23.294849395751953,28.2060546875,7.822028636932373,4.542459011077881,5.509644985198975,3.956333875656128,4.022585391998291,3.2725837230682373,2.340970039367676,1.1885923147201538,1.7673442363739014,0.6396345496177673,-0.09633907675743103,-0.035129614174366,0.04489460960030556,0.013532075099647045,0.02469087578356266,0.012305252254009247,-0.0015515668783336878,0.05177517235279083,0.07571262121200562,0.05745946615934372,0.03318876400589943,0.03481552004814148,0.04271053150296211,29.946022033691406,6.987550735473633,5.214183807373047,2.1767826080322266,1.7110146284103394,2.1719064712524414,1.342379093170166,2.69144606590271,1.471513032913208,1.0375031232833862,0.6173592805862427,0.6962767243385315,0.2395544797182083
090C15A8-5406-4EA5-97A3-81F6527227C0-1430147515-1.0-m-72-hu.wav,hungry,-361.92156982421875,129.77767944335938,-86.79519653320312,23.80004119873047,-12.331542015075684,-32.45623779296875,-1.8002315759658813,-28.945030212402344,0.6900672316551208,-11.586590766906738,-24.227739334106445,9.76309871673584,-14.31213092803955,5053.3603515625,615.7268676757812,872.2529296875,233.47964477539062,96.31755828857422,241.55462646484375,83.14185333251953,194.45877075195312,62.299434661865234,55.293670654296875,60.50140380859375,119.8763427734375,117.21952819824219,-0.13846518099308014,-0.07340463995933533,0.14981475472450256,0.08989862352609634,-0.1024218425154686,0.02063697762787342,0.09313372522592545,-0.06242739409208298,-0.06339075416326523,-0.01254331599920988,-0.0688534826040268,-0.09530925005674362,-0.08455999940633774,52.20646667480469,13.3497953414917,8.24594497680664,4.869198322296143,2.7125906944274902,3.8155088424682617,1.7931876182556152,3.6526787281036377,2.1155824661254883,1.0968148708343506,1.1371004581451416,2.56915545463562,4.047881603240967,0.18176500499248505,0.060574740171432495,-0.09515171498060226,-0.025118615478277206,-0.004353849682956934,0.03697946295142174,0.019209790974855423,-0.03211434930562973,0.04543127492070198,0.029738586395978928,-0.012025704607367516,0.09925412386655807,0.11179021000862122,14.949165344238281,4.035869598388672,3.4210896492004395,1.8156698942184448,0.9220192432403564,0.9499015212059021,0.57563316822052,0.757207989692688,0.8019241690635681,0.49405330419540405,0.25161734223365784,0.9136079549789429,1.1555914878845215
090C15A8-5406-4EA5-97A3-81F6527227C0-1430147525-1.0-m-72-hu.wav,hungry,-493.28009033203125,179.57403564453125,-108.17255401611328,44.53831100463867,-6.335587978363037,-28.860544204711914,4.7266459465026855,-40.19648742675781,5.178691864013672,-9.965078353881836,-28.540931701660156,11.086458206176758,-25.984209060668945,891.2169799804688,49.77837371826172,566.9784545898438,46.59673309326172,87.73480987548828,30.347305297851562,59.53988265991211,30.42902946472168,41.21078872680664,16.097400665283203,41.37241744995117,15.116872787475586,19.33099365234375,0.12780940532684326,-0.09387678653001785,-0.1001688539981842,-0.08577462285757065,0.10336971282958984,-0.07284793257713318,-0.07417240738868713,0.11142247915267944,0.029311034828424454,0.029650554060935974,-0.044994156807661057,-0.04094361141324043,0.0831649899482727,37.59808349609375,1.9449818134307861,24.9342098236084,1.4032480716705322,3.38214111328125,1.6351654529571533,2.6874330043792725,1.302701711654663,1.587180495262146,0.6813769936561584,2.054680109024048,0.4332906901836395,0.9838451743125916,0.07088316231966019,-0.10318539291620255,-0.039985544979572296,-0.0854373350739479,0.08920612931251526,0.05527476221323013,-0.014599382877349854,0.053072210401296616,-0.03609674423933029,-0.0029413471929728985,0.06616014987230301,0.039407454431056976,0.061074886471033096,10.616622924804688,0.9419988989830017,7.0366106033325195,0.7660297751426697,1.2430647611618042,0.44846734404563904,0.7806703448295593,0.3639123737812042,0.6496662497520447,0.29868942499160767,0.594546377658844,0.2276385873556137,0.26714766025543213
090C15A8-5406-4EA5-97A3-81F6527227C0-1430147533-1.0-m-72-hu.wav,hungry,-344.2721862792969,89.56385040283203,-29.841508865356445,-6.075963020324707,-2.9266304969787598,-14.474067687988281,-20.42889976501465,-26.764362335205078,-1.7567826509475708,-1.3807461261749268,-16.07577896118164,-5.502997875213623,-4.1400556564331055,7480.81982421875,730.0986328125,1889.236083984375,134.61654663085938,120.64522552490234,392.5975036621094,260.18951416015625,106.16343688964844,110.42337036132812,38.59124755859375,35.635215759277344,167.8850860595703,111.53865051269531,1.4534884691238403,-0.22590956091880798,-0.7470043301582336,0.22644788026809692,0.14329417049884796,0.0017777098109945655,0.2804832458496094,0.16926604509353638,-0.1410490721464157,-0.13852199912071228,0.22109593451023102,0.31268051266670227,0.3408537805080414,88.87325286865234,20.12049674987793,23.124122619628906,5.270589828491211,4.703750133514404,8.843106269836426,7.671683311462402,3.792232036590576,2.890247106552124,1.8172552585601807,0.9819432497024536,4.65585470199585,7.115877628326416,0.3987088203430176,0.00055823934962973,0.20225480198860168,-0.08417748659849167,0.012789206579327583,-0.08399001508951187,-0.14229324460029602,0.1689276546239853,-0.01701998896896839,-0.14234627783298492,0.05292455106973648,0.1041368693113327,0.09023451060056686,30.61652183532715,6.522112846374512,6.130865097045898,1.809887170791626,1.2501966953277588,2.0276572704315186,1.6184746026992798,1.6606428623199463,0.6347018480300903,0.8431985974311829,0.44067877531051636,0.6617540717124939,1.018759846687317
090C15A8-5406-4EA5-97A3-81F6527227C0-1430147582-1.0-m-72-hu.wav,hungry,-405.2952575683594,149.95919799804688,-88.91535186767578,35.73671340942383,-14.012958526611328,-34.60574722290039,-0.2762394845485687,-37.26664733886719,3.0210771560668945,-8.112117767333984,-32.149871826171875,5.784560203552246,-17.467321395874023,2711.55712890625,450.3190612792969,455.79461669921875,184.55323791503906,65.06416320800781,71.91035461425781,73.00886535644531,50.95170211791992,32.83906173706055,26.811552047729492,43.673641204833984,18.785511016845703,39.3772087097168,1.8825031518936157,0.9973043203353882,-0.3221950829029083,0.2547038793563843,-0.07574538141489029,-0.3441060185432434,-0.02771516889333725,-0.12215162068605423,-0.14606508612632751,-0.13859118521213531,-0.045123349875211716,0.09812546521425247,-0.04244670271873474,108.12881469726562,18.850505828857422,12.838103294372559,5.356976509094238,1.1186949014663696,1.695751428604126,2.2516767978668213,2.2107388973236084,1.320638656616211,1.511930227279663,1.5595349073410034,0.5554746389389038,0.9122650623321533,-1.6263881921768188,-0.676193356513977,0.4530990719795227,-0.13157221674919128,0.17106559872627258,0.07413042336702347,-0.08838870376348495,0.27922067046165466,0.01657041348516941,0.024146361276507378,0.15667706727981567,-0.05466775223612785,0.07852141559123993,43.67500686645508,9.772104263305664,4.1775312423706055,1.238417387008667,0.6215823888778687,0.61442631483078,0.6213604807853699,1.3984922170639038,0.5697201490402222,0.6274277567863464,0.6620295643806458,0.359920471906662,0.3143354654312134
0a983cd2-0078-4698-a048-99ac01eb167a-1433917038889-1.7-f-04-hu.wav,hungry,-276.3909606933594,108.80838775634766,-107.99372863769531,22.682838439941406,-28.839937210083008,-38.27897644042969,19.90273094177246,-37.82960891723633,-12.686767578125,14.63814640045166,-5.562014102935791,15.768939018249512,-6.690774917602539,5393.67529296875,634.591796875,1117.916748046875,332.0451354980469,216.82887268066406,144.02984619140625,198.7765350341797,113.44921875,115.96269989013672,207.40176391601562,47.254150390625,141.6826629638672,126.49014282226562,2.773301124572754,0.4903305470943451,-0.9280297160148621,0.41534706950187683,-0.1785864382982254,-0.2465112805366516,0.1990184187889099,-0.2591596245765686,-0.0041822283528745174,0.18298524618148804,0.13200029730796814,0.2882384657859802,-0.05940622463822365,90.05216217041016,18.888290405273438,13.107420921325684,4.660530090332031,2.448028326034546,1.716994047164917,4.338018417358398,2.761054277420044,2.2995898723602295,1.9793620109558105,2.0914361476898193,1.82017982006073,4.027799606323242,-0.20151139795780182,-0.3970395028591156,0.2214423269033432,0.004731991793960333,0.12865643203258514,0.16092412173748016,-0.05263691768050194,0.08063472807407379,0.06064372882246971,0.07194170355796814,0.10402687638998032,-0.04812685027718544,-0.011335575953125954,26.073993682861328,6.358773231506348,3.164160966873169,1.0059535503387451,0.5792025327682495,0.8089207410812378,0.9958897829055786,0.7683365345001221,0.7537376880645752,0.4981076121330261,0.6052284836769104,0.8472204208374023,0.8531291484832764
0c8f14a9-6999-485b-97a2-913c1cbf099c-1430760379259-1.7-m-26-hu.wav,hungry,-386.48876953125,88.14663696289062,-54.92757797241211,29.14048194885254,5.42733097076416,-13.16916561126709,11.733129501342773,-21.283893585205078,-10.623600006103516,-0.8594035506248474,-15.383167266845703,-1.922285556793213,-8.42289924621582,12639.8603515625,664.8479614257812,5124.14404296875,362.5206604003906,307.23980712890625,164.56918334960938,375.24578857421875,181.5388946533203,63.64006423950195,108.00695037841797,90.16918182373047,36.9367790222168,39.78512954711914,0.30820953845977783,0.36508291959762573,0.009080176241695881,-0.18953542411327362,0.0460527203977108,0.04899962991476059,-0.05081130936741829,0.0658709779381752,0.08985340595245361,0.07136236131191254,0.0229974202811718,-0.1076202392578125,-0.056168410927057266,330.0101013183594,25.211894989013672,104.48526000976562,14.48987102508545,9.935240745544434,4.777398586273193,7.073455810546875,6.283945083618164,3.399946928024292,2.0317137241363525,2.8208439350128174,1.5942127704620361,1.0570552349090576,-0.16206791996955872,-0.30892834067344666,-0.12369413673877716,0.16786739230155945,0.06403931975364685,0.030979853123426437,0.14130090177059174,0.1311166137456894,0.07756265252828598,-0.007199873216450214,-0.0011471938341856003,0.042977768927812576,-0.007369376253336668,49.1114387512207,4.133880138397217,21.49310874938965,5.425551891326904,4.1594109535217285,1.1369209289550781,2.6624433994293213,1.6950076818466187,1.5238100290298462,0.6408696174621582,0.9368030428886414,0.6302632093429565,0.4740794599056244
0c8f14a9-6999-485b-97a2-913c1cbf099c-1430760394426-1.7-m-26-hu.wav,hungry,-320.3880615234375,93.60025024414062,-48.82536697387695,25.991352081298828,-3.571079730987549,-16.244136810302734,8.010964393615723,-16.9232177734375,-4.014013767242432,-11.295768737792969,-19.734434127807617,2.1227643489837646,-12.170697212219238,16485.923828125,1190.466796875,4428.939453125,182.33547973632812,475.5216369628906,236.57904052734375,301.75323486328125,324.0406494140625,188.34425354003906,81.72962188720703,110.92193603515625,192.15391540527344,41.140377044677734,3.892486572265625,0.9582661390304565,-1.6970831155776978,0.32068517804145813,-0.3558061122894287,-0.4163011312484741,0.1188562884926796,-0.36428651213645935,0.39451563358306885,0.1274544894695282,-0.22522108256816864,0.2820079028606415,-0.1410481482744217,90.43876647949219,20.93547248840332,16.04498863220215,4.330429553985596,4.607555866241455,7.381504058837891,4.080926895141602,4.9546380043029785,2.071045398712158,1.5250482559204102,1.765425682067871,2.1205689907073975,0.8965613842010498,-0.3172287344932556,-0.2191849946975708,0.22205211222171783,-0.04913656413555145,-0.04328909143805504,0.006468122359365225,-0.10805874317884445,0.008108599111437798,0.12816821038722992,0.07324692606925964,0.06744520366191864,-0.014034631662070751,0.02068396657705307,40.64839553833008,7.203766345977783,7.824558258056641,1.4118890762329102,0.7623885869979858,2.1751413345336914,1.2444394826889038,0.711670994758606,1.1506870985031128,0.4845436215400696,0.8415074348449707,0.6090977191925049,0.46087130904197693
0D1AD73E-4C5E-45F3-85C4-9A3CB71E8856-1430742197-1.0-m-04-hu.wav,hungry,-268.4077453613281,127.58080291748047,-96.07125091552734,20.16917610168457,-14.164457321166992,-35.83526611328125,-0.7506954073905945,-16.17121696472168,15.63396167755127,-6.916841983795166,-22.55354118347168,12.415133476257324,-11.048903465270996,4874.5517578125,674.8704833984375,1085.645751953125,241.0244903564453,161.0856475830078,194.9432373046875,304.5032043457031,76.2886734008789,139.7310333251953,77.52377319335938,135.29135131835938,186.62649536132812,229.2748260498047,3.097416400909424,0.9088913202285767,-0.8649083375930786,-0.06372036784887314,-0.09402293711900711,-0.09128707647323608,0.22499319911003113,0.10505314916372299,0.1275286227464676,-0.120448537170887,-0.37186530232429504,-0.3050284683704376,-0.25404709577560425,160.3876495361328,20.868215560913086,25.061992645263672,7.2137346267700195,3.9201390743255615,5.36782169342041,2.62742280960083,2.9304137229919434,4.200545310974121,1.5618175268173218,2.2961504459381104,3.310574769973755,5.749049186706543,-0.3861613869667053,-0.631742537021637,0.21109771728515625,-0.2217184454202652,-0.06031797453761101,0.14682161808013916,0.06670855730772018,0.21099473536014557,0.08950807899236679,0.04449138417840004,0.04808532074093819,-0.08840757608413696,0.04941343143582344,56.1226921081543,7.442592620849609,6.392784118652344,1.7634520530700684,0.795585572719574,1.6400967836380005,0.5833426713943481,0.8083856701850891,0.8123633861541748,0.5137825012207031,0.6708041429519653,1.4552630186080933,0.5666077136993408
0f257dac-7d6f-4575-9192-e3b4dcd3d4ef-1430185441581-1.7-f-26-hu.wav,hungry,-270.44171142578125,162.71649169921875,-75.76417541503906,45.34687805175781,4.496568202972412,-12.0496826171875,27.412734985351562,-16.24269676208496,4.289377212524414,-1.302700400352478,-17.96122932434082,10.101821899414062,-10.191542625427246,4722.17822265625,699.3878784179688,1219.7120361328125,537.4503784179688,286.177734375,288.4712829589844,319.4597473144531,178.38246154785156,189.51947021484375,80.62694549560547,65.05155181884766,74.02157592773438,93.64476013183594,-1.4785094261169434,0.39945924282073975,1.0652365684509277,-1.1069051027297974,-0.327610045671463,-0.09658417850732803,-0.38441818952560425,0.3460346758365631,-0.20192694664001465,-0.21930401027202606,0.13332659006118774,-0.2995753288269043,0.04658406227827072,121.00674438476562,27.326480865478516,43.134918212890625,12.380133628845215,17.964754104614258,12.261348724365234,6.538805961608887,7.598108768463135,7.781704425811768,2.8880581855773926,2.5522654056549072,1.7394399642944336,3.295865058898926,-0.4390764534473419,-0.17041845619678497,0.15250983834266663,-0.048040375113487244,-0.07260595262050629,-0.17788538336753845,-0.10515142232179642,0.19256293773651123,0.08466881513595581,0.014197472482919693,0.044538017362356186,-0.08826684206724167,-0.026352329179644585,52.301795959472656,13.508071899414062,15.355950355529785,3.83612322807312,3.0442333221435547,2.382577657699585,2.770688056945801,2.4621453285217285,2.2332985401153564,0.724269688129425,1.1535767316818237,0.8115862011909485,1.2523239850997925
0F4B1065-4012-47C8-88B7-ACE11B1A536E-1430038775-1.0-m-04-hu.wav,hungry,-169.7899932861328,153.19894409179688,-135.9796600341797,60.75782775878906,-25.682525634765625,-23.4588680267334,42.20146942138672,-37.141387939453125,13.303340911865234,4.152200698852539,-27.90635108947754,19.39299201965332,-14.760351181030273,3014.62890625,374.71575927734375,385.77703857421875,176.21707153320312,19.172847747802734,16.965761184692383,32.804134368896484,54.470977783203125,30.446908950805664,8.044816017150879,15.646207809448242,31.4338321685791,43.45595932006836,2.185899257659912,0.6230756640434265,-0.31263282895088196,0.278611958026886,-0.13882309198379517,0.07490701228380203,0.2337135225534439,-0.2097042351961136,0.022140497341752052,-0.04176459088921547,-0.16616037487983704,0.06739776581525803,-0.05764196440577507,127.01924133300781,15.745874404907227,13.49780559539795,4.4347004890441895,0.8351609110832214,0.3389609456062317,1.3201574087142944,1.7595210075378418,0.973010778427124,0.1772865355014801,0.5724871754646301,1.1025444269180298,0.7563096880912781,-1.4443665742874146,-0.8083309531211853,0.6621659398078918,-0.2251804769039154,0.039017993956804276,0.15537713468074799,-0.1162651926279068,0.1241527795791626,-0.07352300733327866,0.005510327871888876,0.08835964649915695,-0.09328688681125641,0.08038979023694992,45.15048599243164,8.008838653564453,5.344196796417236,0.5560534000396729,0.18449610471725464,0.6027794480323792,0.1811543107032776,0.15586097538471222,0.15979933738708496,0.0647258386015892,0.1602635532617569,0.1419488489627838,0.18716078996658325
101c6709-39fb-44dc-b905-7cbeed5714a2-1434361963544-1.7-f-04-hu.wav,hungry,-481.0702209472656,104.89274597167969,-59.10384750366211,31.165613174438477,-19.696041107177734,-12.779739379882812,17.16671371459961,-24.504919052124023,13.763814926147461,0.4221266210079193,-19.68381690979004,16.51395606994629,-9.969291687011719,8384.5146484375,946.237548828125,2986.366943359375,1578.2464599609375,429.3417053222656,362.3710021972656,371.85321044921875,266.3362121582031,188.10174560546875,104.90972137451172,152.87176513671875,154.9691925048828,54.45658493041992,2.3273701667785645,0.9633322358131409,-1.0186831951141357,-0.3656942546367645,-0.40130096673965454,-0.13701987266540527,0.19287101924419403,-0.18169532716274261,0.06757485866546631,0.1168798878788948,0.005470938980579376,0.20645222067832947,-0.06286513805389404,137.1342010498047,45.192169189453125,40.3133659362793,32.26826477050781,12.694808959960938,9.658108711242676,7.484565258026123,6.407279968261719,3.4338674545288086,2.0793237686157227,3.9681925773620605,2.791801691055298,1.3446452617645264,-0.24052128195762634,0.006145408842712641,0.038467224687337875,-0.28569167852401733,-0.030941881239414215,-0.015895674005150795,-0.261894553899765,-0.09383019804954529,-0.01789015904068947,0.0077791232615709305,0.14503614604473114,0.05538026988506317,0.02783977799117565,19.34803581237793,6.086120128631592,7.23015832901001,7.5563063621521,3.0956106185913086,2.6505167484283447,2.9883980751037598,1.7583853006362915,0.9231711626052856,0.7490708231925964,1.3704142570495605,0.5467455387115479,0.7173717021942139
10A40438-09AA-4A21-83B4-8119F03F7A11-1430848034-1.0-f-26-hu.wav,hungry,-259.5069885253906,134.5447235107422,-91.93757629394531,10.613821029663086,-27.1822509765625,-33.45761489868164,14.566803932189941,-26.377161026000977,-13.40919303894043,-9.623286247253418,-14.899019241333008,11.927992820739746,-2.629183292388916,6135.26220703125,571.0234375,1925.12646484375,483.10882568359375,138.87416076660156,156.7398223876953,369.6191101074219,113.30172729492188,106.96875762939453,134.71739196777344,317.7060241699219,618.182861328125,237.9969024658203,-0.788892924785614,-0.4406253695487976,0.4781078100204468,-0.09856624901294708,0.015160235576331615,0.05159491300582886,-0.03837399184703827,0.11925534904003143,-0.10702388733625412,-0.11208930611610413,-0.03280778229236603,-0.22718317806720734,-0.2349700778722763,264.3095397949219,24.22726058959961,83.10090637207031,19.124847412109375,5.713959217071533,5.135679244995117,13.986342430114746,4.826098442077637,3.659472942352295,6.95145845413208,14.231032371520996,17.854713439941406,7.889893054962158,-0.06087276712059975,-0.0680878534913063,0.16207464039325714,-0.13210049271583557,0.130532369017601,0.02291271463036537,-0.11600140482187271,0.013794600032269955,-0.15612493455410004,-0.078560970723629,0.05445446819067001,-0.00832745898514986,0.0007901648059487343,68.17643737792969,10.833498001098633,18.368234634399414,6.198769569396973,1.8590048551559448,1.3488391637802124,3.1110711097717285,1.2418131828308105,1.0708295106887817,1.6838747262954712,3.753760576248169,3.54044508934021,4.564986705780029
10A40438-09AA-4A21-83B4-8119F03F7A11-1430848060-1.0-f-26-hu.wav,hungry,-235.88429260253906,130.32876586914062,-99.37674713134766,33.41447067260742,-42.75355911254883,-41.9415168762207,23.85560417175293,-33.7338981628418,-1.214979887008667,0.49568110704421997,-27.115663528442383,5.878975868225098,-8.00695514678955,7338.77783203125,975.6535034179688,1242.1483154296875,910.5027465820312,219.8384552001953,123.98609924316406,334.0439758300781,203.3466033935547,208.60292053222656,130.78289794921875,86.8632583618164,291.1853332519531,188.33111572265625,-0.19569627940654755,0.0006157236057333648,0.1186155155301094,-0.8807528614997864,-0.29534852504730225,-0.0107803950086236,-0.13441389799118042,0.2476126253604889,0.17507138848304749,0.17838230729103088,-0.09511598944664001,-0.5508233904838562,-0.3572812080383301,343.2474365234375,43.47386169433594,60.67544174194336,48.12710189819336,7.118736743927002,4.277815341949463,16.86528968811035,9.006885528564453,7.197962760925293,5.173463821411133,3.9628312587738037,14.532451629638672,9.396265983581543,-0.4665028154850006,-0.6310133934020996,0.11226020753383636,0.10873019695281982,0.2262369990348816,0.20827654004096985,0.06122620031237602,0.036833979189395905,-0.07430502027273178,0.08072678744792938,0.1666780263185501,-0.00043570742127485573,0.053252797573804855,188.24168395996094,25.143207550048828,28.756656646728516,18.320737838745117,3.9131522178649902,3.422231435775757,5.514998435974121,3.7624661922454834,4.937963485717773,3.090183973312378,2.5930957794189453,5.175846099853516,3.3475985527038574
10A40438-09AA-4A21-83B4-8119F03F7A11-1430848070-1.0-f-26-hu.wav,hungry,-243.29037475585938,134.64328002929688,-129.45863342285156,67.27252197265625,-29.300111770629883,-28.399911880493164,48.372718811035156,-34.384674072265625,2.698150157928467,-2.341170072555542,-31.45359992980957,13.631548881530762,-15.989197731018066,8334.1015625,512.5958251953125,1846.9835205078125,622.7186889648438,209.12619018554688,100.65460968017578,317.08453369140625,83.51441192626953,190.270263671875,179.86795043945312,40.29936218261719,141.33731079101562,91.30228424072266,-1.3555467128753662,-0.6383225917816162,0.7345154881477356,0.14571908116340637,0.03696821257472038,-0.14639241993427277,0.15482889115810394,0.0363570898771286,-0.3503789007663727,0.19284723699092865,0.1365625560283661,-0.13452881574630737,-0.11312883347272873,262.55902099609375,23.072134017944336,56.730186462402344,18.060752868652344,8.226673126220703,3.2035017013549805,10.580920219421387,3.5178098678588867,4.129688262939453,3.736764430999756,0.8061333298683167,3.461970567703247,3.5275845527648926,0.8619783520698547,0.14770682156085968,-0.000942849088460207,-0.018469447270035744,-0.2834017872810364,0.11297312378883362,0.07994519174098969,-0.011616719886660576,0.10410838574171066,-0.004320286680012941,0.09444823116064072,0.10317318141460419,0.1302487552165985,75.1578369140625,6.561032772064209,14.02393627166748,2.8877317905426025,3.072648048400879,1.0752153396606445,3.2590172290802,0.7113463282585144,0.6999157071113586,0.9167420268058777,0.33843791484832764,1.7841200828552246,1.578510046005249
10A40438-09AA-4A21-83B4-8119F03F7A11-1430848101-1.0-f-26-hu.wav,hungry,-211.9643096923828,135.16151428222656,-114.74850463867188,61.22553253173828,-36.95173645019531,-38.47282409667969,34.06534194946289,-33.233726501464844,5.684384822845459,-2.1154372692108154,-22.812692642211914,19.164615631103516,-11.317465782165527,6863.4873046875,725.1655883789062,1707.3155517578125,1005.7623901367188,185.8465576171875,181.73983764648438,374.8888244628906,121.28230285644531,180.30921936035156,90.47337341308594,128.38340759277344,371.2376708984375,120.64857482910156,1.6865642070770264,-0.6501169204711914,-0.6293721199035645,0.8583317399024963,0.08280424028635025,0.5655431747436523,0.5686357021331787,-0.1783139705657959,0.07975543290376663,-0.23053619265556335,-0.05478681996464729,0.42823994159698486,0.13105729222297668,237.365478515625,36.1053352355957,56.68885040283203,42.20856475830078,6.498044967651367,7.80466890335083,12.845419883728027,4.669355869293213,9.126349449157715,3.5228636264801025,2.3915340900421143,12.95291805267334,5.416166305541992,0.6633283495903015,-0.157093346118927,0.008993088267743587,-0.03506815806031227,-0.05992645397782326,0.13501420617103577,0.12346241623163223,0.10962914675474167,0.020929131656885147,0.020842041820287704,-0.0953892171382904,-0.09157180786132812,0.20281212031841278,85.06578826904297,9.429954528808594,23.25037956237793,8.505890846252441,3.380568504333496,3.1969215869903564,5.223994255065918,1.902695655822754,4.3650803565979,1.9285842180252075,1.9449915885925293,3.3046867847442627,2.8340606689453125
10A40438-09AA-4A21-83B4-8119F03F7A11-1430925172-1.0-f-26-hu.wav,hungry,-275.1056823730469,130.5854034423828,-63.738075256347656,7.078302383422852,-41.3438835144043,-43.45906066894531,12.437575340270996,-19.973276138305664,-11.136935234069824,-5.879286289215088,-20.644489288330078,-5.10493278503418,-10.566373825073242,14965.62890625,1890.227783203125,2273.114013671875,463.591552734375,309.9405822753906,505.52069091796875,190.50314331054688,168.91510009765625,136.73036193847656,129.95919799804688,106.64640045166016,182.6443634033203,129.44215393066406,-3.2201850414276123,-1.014332890510559,1.3402066230773926,-0.28882068395614624,0.2769167125225067,0.3060184121131897,-0.26094919443130493,0.34728798270225525,-0.10693199187517166,-0.3138151168823242,-0.04126514121890068,-0.27698686718940735,-0.1581648737192154,699.3887939453125,83.43598937988281,113.0085678100586,18.04780387878418,14.600751876831055,19.959701538085938,8.845623970031738,7.224925518035889,5.2492218017578125,5.872982501983643,5.271170616149902,7.8415703773498535,5.195796489715576,-1.844926357269287,-0.8827366828918457,0.5461717844009399,0.09432963281869888,0.303018718957901,0.17180785536766052,-0.14829039573669434,0.1458101123571396,-0.07462555170059204,-0.22227561473846436,0.05082611367106438,0.13526873290538788,0.13548603653907776,259.40386962890625,39.31315612792969,37.48053741455078,5.6979851722717285,3.427053928375244,6.028869152069092,3.809458017349243,3.265441656112671,2.150435209274292,3.2091245651245117,1.7236675024032593,3.428419828414917,1.888513445854187
11417AC2-DCC9-48CD-8177-CA8665E51B2F-1436881489-1.1-m-48-hu.wav,hungry,-288.4712219238281,169.76040649414062,-117.80069732666016,59.796504974365234,-28.896209716796875,-34.73956298828125,37.294517517089844,-37.19810104370117,-5.2525153160095215,-6.215530872344971,-27.140487670898438,6.102846622467041,-26.438405990600586,1732.2818603515625,150.72178649902344,529.7907104492188,423.2462158203125,85.75956726074219,61.36090850830078,131.25454711914062,48.29201889038086,64.29795837402344,35.39802169799805,50.65603256225586,52.021484375,66.78237915039062,1.150335431098938,-0.28558608889579773,-0.3311203122138977,0.2488299161195755,-0.01609830930829048,-0.17564953863620758,-0.1630219966173172,-0.025789596140384674,0.16081416606903076,-0.07250203937292099,-0.11494791507720947,-0.032662298530340195,0.0037122839130461216,63.290157318115234,6.480125904083252,21.59454917907715,19.546274185180664,3.7148897647857666,1.595725417137146,6.209712028503418,1.9932947158813477,2.6870276927948,1.2065092325210571,1.3983094692230225,1.7873108386993408,3.6623528003692627,0.2912588119506836,-0.13536520302295685,0.22070856392383575,-0.17450813949108124,0.0053367470391094685,0.039850592613220215,-0.09847632795572281,0.16627685725688934,0.03367389738559723,-0.023276306688785553,0.14951330423355103,0.1143500879406929,0.1344163417816162,8.887513160705566,1.8451534509658813,4.871896743774414,3.8051371574401855,1.015972375869751,0.4777980148792267,1.2104591131210327,0.7086204886436462,0.6819040775299072,0.2846096456050873,0.5260677933692932,0.6883029341697693,1.4286346435546875
1259bcad-2308-46fa-9a36-b5d8f359886a-1430143617162-1.7-m-04-hu.wav,hungry,-299.11163330078125,115.34711456298828,-88.32974243164062,21.007951736450195,-41.363258361816406,-44.809696197509766,36.133872985839844,-22.4119815826416,-23.306997299194336,4.078945636749268,-15.686312675476074,7.906502723693848,11.749340057373047,13346.828125,1168.3465576171875,3070.726806640625,1235.907470703125,495.5147399902344,454.96209716796875,454.56396484375,397.17266845703125,121.20761108398438,117.03214263916016,178.54342651367188,338.5977478027344,119.60370635986328,0.13905403017997742,0.04334476590156555,0.11846267431974411,0.4595608711242676,0.22232340276241302,-0.12960991263389587,0.09274553507566452,0.15923228859901428,-0.0040092747658491135,0.07804269343614578,-0.07508480548858643,-0.36755862832069397,-0.29687821865081787,403.2920227050781,40.50820541381836,89.8873519897461,51.057701110839844,14.53351879119873,13.983377456665039,11.731194496154785,18.407501220703125,4.240155220031738,3.753742218017578,4.448348522186279,13.174724578857422,2.588322162628174,-0.5523613691329956,-0.3940241038799286,-0.06010482832789421,-0.04951097443699837,0.09447683393955231,0.056506432592868805,0.04391622543334961,0.06749869883060455,-0.10072135925292969,-0.010206379927694798,0.08775096386671066,-0.024652333930134773,0.05764542892575264,126.36359405517578,14.312273025512695,30.381505966186523,14.180904388427734,4.0090484619140625,5.435074806213379,5.033595085144043,3.181575298309326,1.2485222816467285,1.8574033975601196,1.2153635025024414,2.1206963062286377,1.4492549896240234
1259bcad-2308-46fa-9a36-b5d8f359886a-1430143644843-1.7-f-04-hu.wav,hungry,-278.7125244140625,145.2680206298828,-84.57393646240234,-32.86092758178711,-39.16189193725586,-29.398611068725586,24.082378387451172,-11.662184715270996,-19.057741165161133,-3.954482316970825,-11.831101417541504,11.289252281188965,15.39338493347168,3943.0625,719.0137329101562,842.5803833007812,347.2334289550781,587.5039672851562,100.80531311035156,337.2720031738281,462.2294616699219,254.77365112304688,86.20681762695312,257.7170104980469,361.6902770996094,179.49981689453125,3.0920305252075195,0.6084572672843933,-1.450112223625183,0.08851294964551926,0.0528123639523983,-0.3846241533756256,0.1682858020067215,-0.024797264486551285,-0.2526170611381531,0.011900692246854305,0.32609471678733826,0.4978344738483429,0.1830201894044876,216.58865356445312,33.64237594604492,37.781585693359375,11.951939582824707,24.322673797607422,4.104682922363281,13.058303833007812,18.570846557617188,10.57485580444336,5.240853786468506,11.412090301513672,15.11609172821045,8.142806053161621,-0.9113593697547913,-0.8083606362342834,0.33044862747192383,-0.06489215791225433,0.12471064180135727,0.06538709253072739,-0.22363926470279694,0.19962449371814728,0.18786457180976868,0.060846809297800064,0.17354707419872284,-0.07726416736841202,-0.20255182683467865,47.831905364990234,10.171854019165039,7.261649131774902,2.1579623222351074,4.364297866821289,1.570123553276062,4.1452531814575195,3.1858081817626953,2.51116681098938,2.1391725540161133,1.9955470561981201,2.6289961338043213,3.3641133308410645
1259bcad-2308-46fa-9a36-b5d8f359886a-1430143668806-1.7-f-04-hu.wav,hungry,-279.4938049316406,172.07432556152344,-72.34005737304688,-27.820791244506836,-27.815948486328125,-24.338048934936523,23.117202758789062,-7.468008041381836,-17.141111373901367,-7.4868879318237305,-21.256732940673828,-3.574298620223999,7.035757064819336,4110.83349609375,1318.4815673828125,1247.2933349609375,429.2758483886719,388.98486328125,280.4573974609375,216.24655151367188,157.410888671875,86.48445129394531,68.11119079589844,57.92761993408203,81.36383056640625,66.06859588623047,2.221522331237793,0.5891758799552917,-0.9479587078094482,0.04226706922054291,-0.19147585332393646,-0.2150709629058838,0.2047993242740631,-0.13531532883644104,-0.03694533184170723,0.023053374141454697,-0.2454296499490738,-0.006897817365825176,0.1476876586675644,101.13685607910156,18.12132453918457,29.093955993652344,17.040935516357422,18.992122650146484,8.14077377319336,11.276285171508789,5.030683994293213,2.961449384689331,2.389174222946167,3.2379536628723145,2.6880247592926025,1.8028385639190674,-0.7887736558914185,-0.7340837717056274,0.1464969962835312,0.05558151751756668,-0.1077277809381485,-0.008454053662717342,0.0327906496822834,0.16066664457321167,0.14271429181098938,0.10185395181179047,0.11229075491428375,-0.022452445700764656,-0.04358622804284096,29.10641860961914,11.498640060424805,4.910514831542969,4.778777599334717,4.686697959899902,2.210723876953125,3.591097354888916,1.489024043083191,0.9925438761711121,1.3930548429489136,0.8425405621528625,1.3414479494094849,0.4941467046737671
1309B82C-F146-46F0-A723-45345AFA6EA8-1430059849-1.0-f-04-hu.wav,hungry,-314.3689270019531,155.894775390625,-112.06462097167969,32.97124481201172,-17.719614028930664,-23.34160041809082,25.011281967163086,-24.950531005859375,14.203516960144043,-0.5489842295646667,-28.539810180664062,13.328386306762695,-15.43159008026123,3135.2177734375,223.2860107421875,1076.03369140625,147.0695037841797,117.73150634765625,39.780277252197266,137.4483184814453,36.658077239990234,74.78352355957031,33.365501403808594,42.97951126098633,65.55640411376953,54.28173828125,-0.4538455605506897,-0.5740639567375183,-0.038767166435718536,0.2794889211654663,-0.034057535231113434,0.0541672557592392,0.09494960308074951,-0.11120913922786713,0.0866408422589302,0.07320304960012436,-0.037184081971645355,0.12485162168741226,0.037244126200675964,74.23839569091797,7.125155925750732,23.911823272705078,5.729367733001709,5.872030258178711,1.4796264171600342,2.8139965534210205,1.593532919883728,2.1485202312469482,1.153241753578186,2.223137378692627,1.2368587255477905,1.8837149143218994,-0.40381208062171936,-0.031056558713316917,0.3236972391605377,-0.01003593485802412,0.013748281635344028,0.06256470084190369,-0.04230784252285957,0.044408611953258514,0.003606286132708192,-0.024922972545027733,0.07511250674724579,0.012611961923539639,-0.01585662178695202,27.128509521484375,3.172672986984253,6.598236560821533,1.4747107028961182,2.19490122795105,0.8660239577293396,0.6805307269096375,0.5530861020088196,0.6320637464523315,0.44900980591773987,0.6321948170661926,0.655796229839325,0.8596357107162476
1445575b-80ad-477b-8e48-36194cac728e-1430244987914-1.7-f-48-hu.wav,hungry,-306.422607421875,159.5440216064453,-51.921871185302734,-7.471986293792725,-38.93466567993164,-34.63227081298828,3.8595614433288574,-22.025022506713867,-0.8095020651817322,-1.4836164712905884,-19.39092445373535,1.1373300552368164,-10.570775032043457,4077.1416015625,788.097900390625,896.1004028320312,186.4652557373047,154.57827758789062,91.30655670166016,96.04462432861328,92.1458511352539,72.40435028076172,35.552364349365234,58.508663177490234,63.530372619628906,52.210289001464844,4.0557026863098145,1.709288239479065,-1.3640756607055664,-0.06689923256635666,-0.08574262261390686,-0.2416926473379135,0.30747324228286743,-0.012351736426353455,-0.026139715686440468,0.008707289583981037,-0.20939727127552032,-0.05484280735254288,-0.026453599333763123,91.94159698486328,24.932165145874023,15.34610652923584,4.836151599884033,5.9773077964782715,3.416245460510254,3.0357301235198975,3.0824055671691895,2.7870547771453857,1.0314253568649292,2.0897367000579834,1.9598113298416138,2.4419546127319336,-0.31410059332847595,-0.47470876574516296,-0.039554938673973083,0.16110533475875854,0.2920212745666504,0.14620843529701233,0.047513652592897415,0.13552983105182648,0.008129254914820194,0.032671231776475906,0.10458969324827194,0.03191935643553734,0.06427183747291565,13.627528190612793,4.735775470733643,5.345860481262207,1.4509913921356201,2.0337634086608887,1.647477388381958,0.7631329298019409,1.0392754077911377,0.8422322273254395,0.44865092635154724,0.7870619893074036,0.884512722492218,0.9364299178123474
177dc72e-d0f8-47ef-a5a7-3b46878e11a0-1430736358754-1.7-f-26-hu.wav,hungry,-260.9122009277344,108.1105728149414,-72.39393615722656,-18.683576583862305,-11.14680004119873,-34.41232681274414,-1.8897963762283325,-3.080803155899048,-11.535985946655273,-8.23196792602539,-12.037679672241211,-3.8356316089630127,-2.764859676361084,8808.6259765625,1972.393798828125,2299.57470703125,677.8216552734375,153.72462463378906,133.35494995117188,54.2608528137207,92.35072326660156,65.07207489013672,36.4455451965332,97.42936706542969,65.63020324707031,83.23471069335938,1.3031612634658813,1.0489612817764282,-0.15171460807323456,-0.3649187684059143,-0.25810760259628296,-0.3989015817642212,-0.18411394953727722,-0.0012361420085653663,-0.162543386220932,-0.06021225079894066,0.04728942736983299,-0.10194128006696701,-0.15379758179187775,243.29034423828125,43.753273010253906,73.40635681152344,26.936782836914062,6.031447410583496,4.943052768707275,2.135349750518799,3.195178747177124,1.8614484071731567,1.4764097929000854,1.9220932722091675,2.1381850242614746,3.269810199737549,-0.3865621089935303,-0.25105518102645874,0.0468917191028595,-0.06369323283433914,-0.10175113379955292,0.038801826536655426,0.08652590960264206,0.04177260026335716,0.014024262316524982,0.02846880443394184,0.04139979928731918,0.06326837837696075,0.1171531155705452,56.764259338378906,14.00621223449707,13.859695434570312,9.372004508972168,2.911314010620117,1.9640686511993408,1.220310926437378,1.2460999488830566,0.5866724252700806,0.6986900568008423,0.9459821581840515,1.2970539331436157,1.3682442903518677
177dc72e-d0f8-47ef-a5a7-3b46878e11a0-1430736533767-1.7-f-26-hu.wav,hungry,-391.8126525878906,113.07878875732422,-77.99346160888672,22.93451499938965,1.101739764213562,-36.65805435180664,1.8760137557983398,-17.27362632751465,-11.774529457092285,-2.0764448642730713,-17.422304153442383,-5.521539688110352,-8.635981559753418,5017.81201171875,1204.0355224609375,1104.72119140625,319.982177734375,81.37752532958984,202.33502197265625,66.90460968017578,74.57865142822266,66.32374572753906,44.73658752441406,26.640058517456055,57.17123031616211,37.18720245361328,1.084725260734558,0.7313019633293152,0.05214664712548256,0.19069768488407135,0.05746469274163246,-0.022922992706298828,-0.17974981665611267,-0.1539537012577057,0.2329433560371399,-0.009092787280678749,-0.17565251886844635,0.09316635876893997,-0.08029898256063461,141.4535675048828,31.710735321044922,29.02968978881836,13.688078880310059,2.941723346710205,3.9745776653289795,2.4553022384643555,2.88059401512146,2.3513410091400146,2.140408515930176,1.4174189567565918,2.2635581493377686,1.4020166397094727,-1.2277706861495972,-0.3924666941165924,0.4968092143535614,-0.18190574645996094,0.035502828657627106,0.22006982564926147,0.059066854417324066,0.14298610389232635,-0.07432232797145844,-0.061956990510225296,0.06231267377734184,-0.0714864507317543,0.011893619783222675,26.76937484741211,5.907884120941162,6.994584083557129,2.858546495437622,1.0853804349899292,1.3768786191940308,0.6377466320991516,0.68187016248703,0.5759581923484802,0.6207250356674194,0.40954211354255676,0.5645687580108643,0.6438135504722595
177dc72e-d0f8-47ef-a5a7-3b46878e11a0-1430736549614-1.7-f-26-hu.wav,hungry,-232.03221130371094,156.52577209472656,-60.85398483276367,24.14517593383789,1.9041632413864136,-41.5168342590332,-7.8142900466918945,-25.259248733520508,-16.063385009765625,-2.5540835857391357,-21.81096839904785,-7.4053144454956055,-3.806983470916748,5770.3046875,1451.2711181640625,692.6421508789062,517.6044921875,163.1396484375,171.83731079101562,99.7752685546875,243.26922607421875,101.34727478027344,147.83364868164062,104.26602172851562,54.84601593017578,54.30697250366211,3.4047582149505615,1.7763313055038452,-0.555439829826355,-0.48300009965896606,0.024272456765174866,0.009291154332458973,-0.12858852744102478,-0.2046482414007187,-0.08780931681394577,0.06078972667455673,-0.004828102886676788,-0.035033226013183594,0.07685922086238861,71.55433654785156,22.4428653717041,13.095291137695312,23.962602615356445,7.0930304527282715,6.324992656707764,3.80560040473938,8.022531509399414,3.1680262088775635,2.9233741760253906,4.6334404945373535,1.8197083473205566,1.491840124130249,-0.36885330080986023,-0.28633561730384827,0.46379607915878296,-0.46689853072166443,-0.13179005682468414,0.42886826395988464,-0.07196716219186783,-0.04400753602385521,0.07420863211154938,-0.05509712174534798,0.09878046810626984,0.06409129500389099,0.027680452913045883,30.241323471069336,9.755325317382812,6.821134090423584,10.839675903320312,3.5614569187164307,4.502144813537598,1.9985617399215698,3.508504629135132,1.292131781578064,1.2383126020431519,1.9182888269424438,1.1083858013153076,0.944049596786499
189b78c6-9e78-43f2-bcb8-6cc8a462f4dc-1430807938301-1.7-m-22-hu.wav,hungry,-279.64208984375,125.10431671142578,-47.864627838134766,2.4746294021606445,-23.646930694580078,-35.8729362487793,-1.3899755477905273,-21.535825729370117,-18.130237579345703,-9.96049690246582,-7.478109836578369,8.671693801879883,8.828024864196777,6537.32568359375,1348.538330078125,636.4483032226562,177.22821044921875,181.22091674804688,289.26641845703125,45.333824157714844,75.82674407958984,69.28076934814453,21.899019241333008,20.69056510925293,51.86569595336914,109.35911560058594,3.6144254207611084,1.3755313158035278,-0.632980227470398,0.12748661637306213,-0.5802484154701233,-0.5952982902526855,-0.011977747082710266,-0.2354249209165573,-0.08947326987981796,-0.1202833503484726,-0.06371156126260757,0.07147931307554245,-0.1309458315372467,43.310340881347656,16.282224655151367,6.04691219329834,3.5579841136932373,2.6477465629577637,2.54470157623291,1.0259476900100708,1.480576992034912,2.5638458728790283,0.7001591920852661,0.5062955617904663,0.8519413471221924,1.9216340780258179,0.31408998370170593,-0.11297129839658737,0.11445631086826324,-0.06280187517404556,0.04647956043481827,-0.014491076581180096,-0.12208434194326401,0.06451698392629623,0.052028533071279526,-0.0025915654841810465,-0.02873981185257435,-0.0341261588037014,0.027269160374999046,10.341781616210938,2.272721529006958,2.5602989196777344,0.7890807390213013,0.8934512734413147,0.6975396871566772,0.5221813917160034,0.48956918716430664,0.5758294463157654,0.23584792017936707,0.31483080983161926,0.19758617877960205,0.36004209518432617
19aae3d1-51c6-4ffb-aeb8-efb6ae7ba83e-1436861395462-1.7-m-48-hu.wav,hungry,-339.61083984375,137.5376739501953,-61.43818664550781,0.7416107654571533,-23.042142868041992,-25.89834976196289,16.977750778198242,-14.685744285583496,-7.451869964599609,-0.6367469429969788,-20.37134552001953,-2.769289970397949,-3.2531018257141113,5747.53076171875,802.9887084960938,627.0325927734375,162.73284912109375,409.19171142578125,280.67608642578125,151.0335235595703,66.41561126708984,57.35673522949219,80.71257781982422,90.55296325683594,38.543575286865234,86.90127563476562,2.74403715133667,0.8571420311927795,-0.3198741674423218,-0.19999286532402039,-0.38000229001045227,-0.23702384531497955,0.04830722510814667,-0.10921318084001541,-0.12940500676631927,0.01810595579445362,-0.06027238070964813,-0.08203750103712082,0.16603802144527435,89.05061340332031,14.09880542755127,13.456527709960938,4.082366466522217,8.815552711486816,7.741108417510986,4.709136486053467,1.5426419973373413,2.1350200176239014,3.3795318603515625,4.29050350189209,1.454170823097229,3.6775062084198,0.42076215147972107,-0.44804272055625916,-0.013430371880531311,-0.12445497512817383,-0.07585916668176651,-0.07086114585399628,-0.08371221274137497,0.1001291275024414,-0.006114954594522715,-0.03408221900463104,0.032492898404598236,-0.021771948784589767,0.11996153742074966,52.59431457519531,8.175647735595703,6.0431108474731445,1.7811942100524902,6.378351211547852,4.481235980987549,2.192420721054077,0.7143328189849854,1.2423301935195923,1.9248871803283691,1.5856189727783203,1.0692534446716309,1.9863725900650024
1abb2260-a652-4ba7-bd98-7d463312730f-1430041727150-1.7-m-04-hu.wav,hungry,-274.1418151855469,132.92770385742188,-58.88323974609375,36.979225158691406,-25.40098762512207,-49.83599853515625,20.852191925048828,-23.81292152404785,-26.550128936767578,1.7784664630889893,-19.752033233642578,-7.232505798339844,-4.032690048217773,6822.10595703125,771.0850219726562,1350.2322998046875,391.6995849609375,195.80532836914062,535.8192138671875,148.00950622558594,84.89473724365234,49.935543060302734,41.16488265991211,64.99584197998047,25.293350219726562,28.79065704345703,3.615814208984375,1.6386867761611938,-0.9282525181770325,0.5571929216384888,-0.17715582251548767,-0.7017028331756592,0.21452218294143677,-0.25676727294921875,-0.2784395217895508,0.2647997736930847,-0.08016522228717804,-0.055624768137931824,0.19839546084403992,57.798545837402344,18.736948013305664,11.704740524291992,4.3251824378967285,4.046445369720459,4.340967655181885,1.996379017829895,1.9788514375686646,1.1515929698944092,0.9677060842514038,0.746804416179657,0.4530809223651886,0.8181924223899841,0.019069552421569824,-0.10650595277547836,-0.03853264078497887,0.16311532258987427,0.10372190922498703,0.02810048498213291,-0.023930273950099945,0.024875404313206673,0.06127586215734482,0.002154378918930888,0.01545498427003622,0.03524321690201759,0.08224931359291077,15.887479782104492,3.302081823348999,2.306655168533325,1.3483330011367798,1.0761855840682983,0.8911225199699402,0.5768383145332336,0.5704330801963806,0.23896196484565735,0.5720872282981873,0.2089606523513794,0.34411677718162537,0.6242905259132385
1b381a1e-88a6-4a48-b889-a5ccdf0aacaf-1430299568333-1.7-f-72-hu.wav,hungry,-223.97618103027344,121.18902587890625,-103.4343032836914,21.381893157958984,-35.333683013916016,-49.62480163574219,15.423698425292969,-13.676565170288086,9.565906524658203,3.8100745677948,-17.25279426574707,9.858819007873535,-11.897276878356934,7762.3671875,3179.555908203125,1331.3094482421875,416.8949890136719,318.442626953125,344.7135009765625,196.87892150878906,190.7826690673828,88.1546630859375,68.62274932861328,95.8437271118164,102.72061920166016,50.824623107910156,5.087795734405518,0.9393643140792847,-1.747852087020874,0.8760541677474976,-0.24821405112743378,-0.28933534026145935,0.30157166719436646,-0.6205931305885315,0.09724849462509155,0.07610511034727097,-0.33028265833854675,0.1395365595817566,-0.10600367933511734,152.75428771972656,34.42319107055664,55.16593933105469,11.163990020751953,8.517791748046875,7.184316635131836,5.1504082679748535,5.344521999359131,4.006930828094482,1.849534273147583,3.1708128452301025,3.5386524200439453,1.450846552848816,-0.453609824180603,-0.19689211249351501,0.8035733103752136,-0.24789154529571533,-0.05934451147913933,0.06608232855796814,-0.2691075801849365,0.1390281468629837,0.05418993532657623,-0.07276443392038345,0.06395474076271057,0.02277977578341961,0.1299694925546646,17.83319854736328,6.251279354095459,14.317296981811523,3.707892656326294,2.408782720565796,2.0511858463287354,2.9094417095184326,2.06065034866333,1.5666266679763794,0.7302400469779968,0.6279227137565613,1.0982496738433838,0.736699104309082
1f40790f-68f2-4e7e-845e-715bd97c82d0-1429979568422-1.7-m-04-hu.wav,hungry,-239.78482055664062,153.18190002441406,-95.0416259765625,17.294815063476562,-12.999544143676758,-41.52045822143555,1.298991084098816,-12.502558708190918,8.23388385772705,-3.355327606201172,-11.838862419128418,16.440759658813477,-6.3109636306762695,4978.228515625,768.10986328125,1674.9002685546875,250.44699096679688,291.74822998046875,162.93992614746094,228.85519409179688,290.2582092285156,102.90782928466797,105.37167358398438,95.30520629882812,159.10557556152344,92.84310913085938,2.1261186599731445,0.5896783471107483,-0.9677769541740417,0.33459436893463135,-0.010595055297017097,-0.2130783498287201,0.2713853418827057,-0.09458789229393005,-0.2273709774017334,-0.30982550978660583,-0.1951715052127838,0.15260162949562073,0.01043462473899126,195.10557556152344,27.860910415649414,49.495155334472656,6.772629737854004,5.774518013000488,7.101734638214111,5.66220235824585,5.77468204498291,2.9220354557037354,4.058642864227295,2.998819589614868,3.7405877113342285,3.009634256362915,-1.141578197479248,-0.5873497128486633,0.2666940689086914,-0.031194468960165977,0.17036280035972595,0.32918116450309753,0.1382783055305481,0.05702267214655876,-0.11169668287038803,-0.022852826863527298,0.07107850164175034,-0.12760142982006073,-0.047229792922735214,23.122833251953125,4.875733375549316,6.286816596984863,1.611053466796875,1.183881163597107,3.0017170906066895,1.3661754131317139,1.4651081562042236,0.6323897838592529,1.0716798305511475,0.8591135144233704,0.9543318152427673,1.1613376140594482
1f40790f-68f2-4e7e-845e-715bd97c82d0-1429979603276-1.7-m-72-hu.wav,hungry,-332.5418395996094,121.29087829589844,-62.724246978759766,32.567317962646484,-21.293764114379883,-21.192188262939453,14.04862117767334,-30.60698890686035,-1.2264058589935303,-7.796291351318359,-21.113359451293945,10.529088020324707,-13.443401336669922,5433.40576171875,1614.956298828125,691.3126220703125,134.97303771972656,55.75325012207031,36.00189208984375,59.179683685302734,139.22447204589844,45.803794860839844,57.3441276550293,89.8470230102539,47.217140197753906,29.278730392456055,3.2145164012908936,1.799797534942627,-0.4301770031452179,0.1781470775604248,-0.346416175365448,-0.2708706855773926,0.07897493988275528,-0.22124123573303223,0.03463437035679817,-0.280411958694458,-0.3780049979686737,0.0972791463136673,-0.07063957303762436,123.53546905517578,28.35236167907715,27.380075454711914,4.563681602478027,1.8284720182418823,1.3885070085525513,2.0172154903411865,3.0683605670928955,1.3169262409210205,0.5854738354682922,1.890411376953125,1.4392861127853394,0.7398212552070618,-0.8890721201896667,-0.23760898411273956,0.23902274668216705,-0.2721060812473297,0.1080838292837143,0.030583592131733894,-0.11517912149429321,0.19641311466693878,0.010114146396517754,0.024826042354106903,0.07088419049978256,-0.10445836931467056,0.05481176823377609,22.6607666015625,6.564250469207764,5.208898544311523,1.585805892944336,0.5439148545265198,0.3178074061870575,0.7746661305427551,0.8709385395050049,0.5597954392433167,0.6498592495918274,0.8475852608680725,0.5738145112991333,0.30492016673088074
20E2B5A0-40A4-4FD8-8935-AFD1DB833510-1430127670-1.0-m-26-hu.wav,hungry,-262.97857666015625,162.29183959960938,-91.58185577392578,37.48035430908203,2.3498387336730957,-17.48119354248047,23.023752212524414,-11.787792205810547,7.40993595123291,-9.6733980178833,-27.39615249633789,-2.4964168071746826,-28.19496726989746,1834.4376220703125,251.427490234375,1195.577880859375,383.57293701171875,128.3745574951172,43.99540328979492,63.622314453125,47.27781295776367,82.24272918701172,18.60496711730957,44.58967208862305,66.63720703125,75.70244598388672,-1.3114986419677734,-0.18743647634983063,0.9334141612052917,0.08623445779085159,0.17853552103042603,0.1915246546268463,-0.11056268215179443,-0.0617312453687191,-0.13319338858127594,0.03139472380280495,-0.01859619840979576,-0.13000018894672394,0.1583469808101654,75.21896362304688,10.64314079284668,44.80192565917969,10.898303985595703,6.050748825073242,2.263134002685547,2.554429292678833,1.121194839477539,2.3032758235931396,0.5198851227760315,1.5106375217437744,2.4878458976745605,3.402010440826416,-0.37127554416656494,-0.13197064399719238,0.20885643362998962,0.03906606510281563,0.008442625403404236,0.1010533794760704,0.09687647968530655,0.009743132628500462,-0.08354545384645462,0.016359031200408936,0.105288065969944,0.07351494580507278,0.08828766644001007,18.782363891601562,3.5951333045959473,8.140785217285156,4.419067859649658,1.7147908210754395,0.9653552174568176,0.8626396656036377,0.3605814576148987,0.6374968886375427,0.22776755690574646,1.0501326322555542,0.8024287223815918,1.2032980918884277
218e6fd7-f9c5-4490-afd7-c4fba174e7d2-1430209174300-1.7-m-72-hu.wav,hungry,-327.66064453125,127.7479248046875,-34.90989303588867,23.721181869506836,-16.30527114868164,-31.881906509399414,10.819375991821289,-8.279325485229492,-5.729622840881348,-3.3613317012786865,-10.89906120300293,-4.05806303024292,-16.142578125,8175.5869140625,1004.4554443359375,2242.61962890625,77.21976470947266,415.1600646972656,479.9601135253906,177.226318359375,97.42977142333984,54.06129837036133,33.715606689453125,43.07025909423828,49.88180923461914,74.25494384765625,-0.9694786667823792,-0.7405350208282471,-0.05233462154865265,0.04289523512125015,0.2585684657096863,0.3708541989326477,0.3137800097465515,0.256096750497818,0.068524070084095,-0.0011467350414022803,0.0751008689403534,0.08287974447011948,0.039327576756477356,256.3807678222656,40.827178955078125,58.055450439453125,3.2208251953125,11.486661911010742,15.161900520324707,3.3472673892974854,4.339529037475586,1.2785180807113647,1.4023391008377075,2.2910845279693604,3.128732919692993,2.4295685291290283,-0.7100070118904114,-0.38364678621292114,0.1014581099152565,-0.11413484811782837,0.04163898155093193,0.11685315519571304,-0.025652335956692696,0.11486197263002396,0.09490397572517395,0.012748480774462223,0.0974343791604042,-0.010430729947984219,-0.1108558401465416,60.727054595947266,11.34584903717041,14.66159725189209,1.4831682443618774,1.7771804332733154,2.3216166496276855,1.2206755876541138,1.1679632663726807,0.47566279768943787,0.41423696279525757,0.8276323080062866,0.687225341796875,0.7712215781211853
218e6fd7-f9c5-4490-afd7-c4fba174e7d2-1430209252819-1.7-m-72-hu.wav,hungry,-628.6065673828125,186.3755645751953,-70.29615783691406,70.33261108398438,0.34803032875061035,-12.523161888122559,31.830141067504883,-27.72669792175293,7.601914882659912,0.3266724646091461,-22.615854263305664,10.382831573486328,-17.950910568237305,756.7815551757812,134.56402587890625,110.26367950439453,48.63434982299805,26.88382339477539,18.816181182861328,30.412477493286133,25.27897834777832,22.774993896484375,13.36156177520752,25.64917755126953,17.077495574951172,14.054145812988281,1.433957815170288,0.346065878868103,-0.6457033157348633,0.32756781578063965,0.2566450238227844,0.011772428639233112,-0.029506942257285118,-0.07867582142353058,0.2519007623195648,0.12318787723779678,-0.16012190282344818,0.03625116124749184,0.14674358069896698,24.055837631225586,2.9738454818725586,5.048703193664551,1.253389596939087,1.2065160274505615,0.47791245579719543,0.5226588845252991,0.7083988785743713,0.6353867053985596,0.415801465511322,0.5440845489501953,0.3978358209133148,0.4443840980529785,-0.6708260774612427,-0.2048797458410263,0.35841670632362366,-0.050016794353723526,-0.005197520367801189,0.025073479861021042,-0.026980437338352203,0.1561669558286667,0.003585462924093008,-0.0528908334672451,-0.06259456276893616,-0.08415060490369797,0.08277615159749985,9.602123260498047,1.2367624044418335,1.9797776937484741,0.51382976770401,0.41443073749542236,0.5096714496612549,0.21122978627681732,0.7185150980949402,0.21795716881752014,0.22231881320476532,0.41952821612358093,0.15732407569885254,0.41870081424713135
21c07aff-0a8d-4e74-ad5e-e3c7f7bcb11b-1430031235662-1.7-m-04-hu.wav,hungry,-247.8519744873047,106.97957611083984,-96.46137237548828,5.383063793182373,-12.728164672851562,-43.2028694152832,-3.1469171047210693,-12.2799711227417,3.9612910747528076,10.334236145019531,1.6790058612823486,9.42578411102295,-18.15532684326172,3715.664794921875,267.3462829589844,1970.823974609375,631.1771240234375,148.37551879882812,433.6252136230469,120.93804931640625,95.91506958007812,105.34306335449219,171.2340087890625,79.8629379272461,114.16032409667969,91.19293212890625,0.9887349605560303,-0.5367737412452698,-1.2653677463531494,-0.28506243228912354,0.04104626923799515,-0.3443235456943512,-0.3844093680381775,0.04040232673287392,0.30088749527931213,0.0891646295785904,0.14767014980316162,0.35841456055641174,-0.10968746244907379,58.500572204589844,6.261828899383545,29.170495986938477,24.067523956298828,5.105101585388184,8.205952644348145,4.481381416320801,3.0071661472320557,2.426640748977661,2.797802448272705,2.2855658531188965,5.1947479248046875,3.3768393993377686,0.05599702522158623,-0.22485512495040894,0.21220622956752777,0.07469061762094498,0.0018855587113648653,0.029582444578409195,-0.042710427194833755,-0.0123097263276577,-0.02759968303143978,0.0261673666536808,0.015290179289877415,-0.06619999557733536,0.0041366382502019405,21.707599639892578,2.4706177711486816,7.344078540802002,4.203011989593506,0.9136184453964233,1.0930423736572266,0.9553606510162354,0.7861260771751404,0.6075147390365601,0.6302271485328674,0.7760457992553711,1.3108713626861572,1.3734480142593384
21c07aff-0a8d-4e74-ad5e-e3c7f7bcb11b-1430105653796-1.7-m-04-hu.wav,hungry,-212.35794067382812,141.3606414794922,-97.2190933227539,20.104368209838867,-13.430305480957031,-31.500417709350586,5.024847030639648,-26.8006534576416,2.7979469299316406,-4.126001834869385,-22.957008361816406,9.224527359008789,-8.28847599029541,3220.96337890625,419.1904602050781,1138.435791015625,327.6448974609375,163.1155548095703,113.36104583740234,67.33597564697266,57.42036819458008,55.071434020996094,36.761592864990234,54.402591705322266,41.73174285888672,51.19157409667969,0.1213182657957077,-0.11823370307683945,-0.33392083644866943,-0.234876349568367,-0.2004578411579132,-0.3027813136577606,-0.33364635705947876,0.0028814482502639294,0.10699564218521118,-0.08104166388511658,0.06055591627955437,0.1688169240951538,0.09122574329376221,91.3609848022461,11.73247241973877,34.34051513671875,12.952712059020996,6.962859630584717,3.5128793716430664,2.407832384109497,1.607118010520935,1.549556851387024,1.5719349384307861,1.7261778116226196,0.9528979063034058,1.6198906898498535,-1.1859253644943237,-0.33645451068878174,0.5119982361793518,-0.15001387894153595,0.13504824042320251,0.1000135987997055,-0.19073837995529175,0.1395397186279297,-0.017547326162457466,-0.06668756157159805,0.06984896212816238,-0.06721246987581253,0.032027434557676315,66.47003173828125,8.941699981689453,14.193925857543945,6.360904693603516,2.564399480819702,1.7925068140029907,1.4570308923721313,1.4516807794570923,0.46795475482940674,0.7881882190704346,0.5792369246482849,0.40011900663375854,0.6441786885261536
22b43570-d440-475b-b2f1-e528c81081f7-1430663490095-1.7-m-04-hu.wav,hungry,-307.55426025390625,151.50938415527344,-57.14067077636719,37.81597900390625,15.689457893371582,-17.972442626953125,0.831473708152771,-18.31224250793457,0.9526540040969849,-7.3680524826049805,-20.68346405029297,-1.285812497138977,-17.37601661682129,7006.76123046875,738.8699951171875,3403.91845703125,283.1400146484375,145.57504272460938,193.69461059570312,55.625614166259766,59.58671188354492,41.120811462402344,34.910972595214844,36.820152282714844,28.18150520324707,52.00677490234375,3.870617151260376,1.4402488470077515,-1.395340085029602,0.0939531922340393,-0.13979141414165497,-0.3444291353225708,0.10871419310569763,-0.07145852595567703,0.07196448743343353,-0.11190579831600189,-0.14047089219093323,0.12403079122304916,-0.2997654378414154,50.035614013671875,12.933098793029785,14.337143898010254,5.265251159667969,3.950833320617676,2.939603090286255,1.4040746688842773,1.1693222522735596,1.322677493095398,0.5896435976028442,0.7153657078742981,0.7560781240463257,0.7968079447746277,-0.38034123182296753,-0.4535284638404846,-0.02679254487156868,-0.07534226030111313,-0.03180035203695297,0.06124558672308922,0.026427142322063446,0.11909277737140656,0.026465434581041336,0.002119834069162607,0.07076208293437958,0.04244190454483032,0.06767664849758148,6.525921821594238,2.3029613494873047,3.0125155448913574,0.9993869066238403,1.0193167924880981,0.8663867115974426,0.5053318738937378,0.40812984108924866,0.6653113961219788,0.23306968808174133,0.3833354115486145,0.3453804552555084,0.27838775515556335
2439388A-9CF2-4D3B-9534-E6951FC9EAD4-1436877933-1.1-m-26-hu.wav,hungry,-328.41851806640625,87.38652038574219,-24.524436950683594,-5.038955211639404,-3.4243359565734863,-18.517776489257812,-10.710076332092285,-11.058504104614258,-7.1944475173950195,-5.204824447631836,-7.898297309875488,-6.539787769317627,-8.372647285461426,5555.947265625,1248.395751953125,566.7366333007812,183.15963745117188,490.51629638671875,317.6533203125,64.99594116210938,131.74220275878906,31.407024383544922,29.05571174621582,33.68777084350586,70.48107147216797,30.089033126831055,-0.6246164441108704,-0.1997831165790558,0.14430226385593414,-0.049339402467012405,0.37611520290374756,0.3079119026660919,0.12022155523300171,0.25535574555397034,0.057896655052900314,0.03348151221871376,0.032397083938121796,-0.08311223983764648,-0.03210553899407387,140.76031494140625,29.94017791748047,16.155569076538086,5.558487415313721,6.410149574279785,5.063694953918457,1.8601360321044922,2.8699235916137695,1.729373574256897,1.1213936805725098,1.2034735679626465,2.192446708679199,0.5556117296218872,-1.8156168460845947,-0.4901723563671112,0.7238288521766663,-0.3368690311908722,0.1040656715631485,0.14125436544418335,-0.1348278522491455,0.21239596605300903,-0.06754666566848755,0.0020948292221874,0.11321461200714111,-0.09893206506967545,0.03525857254862785,39.84906768798828,4.533129692077637,7.775498390197754,2.4659688472747803,0.7977673411369324,0.9424232840538025,0.6895050406455994,1.12151300907135,0.47584694623947144,0.2799206078052521,0.6049031615257263,0.5899477005004883,0.5905137658119202
2439388A-9CF2-4D3B-9534-E6951FC9EAD4-1436877944-1.1-m-26-hu.wav,hungry,-397.8798522949219,167.66973876953125,-78.57266998291016,39.920047760009766,-16.87839126586914,-34.37981414794922,6.943830966949463,-37.847259521484375,-7.687077522277832,-9.146584510803223,-23.022197723388672,7.173135280609131,-16.195499420166016,356.7013854980469,150.38600158691406,145.3961944580078,101.65028381347656,89.31884002685547,111.49146270751953,80.41533660888672,83.4721908569336,60.20566177368164,26.59415054321289,25.01518440246582,24.316476821899414,19.56491470336914,-0.2196071892976761,-0.4895932674407959,-0.31842049956321716,0.07121041417121887,-0.08584798872470856,-0.0514107309281826,0.1723717600107193,0.10726597160100937,0.13454139232635498,0.03059122897684574,-0.1097983792424202,0.05635857582092285,0.07296139746904373,10.677188873291016,4.627728462219238,3.587512493133545,2.694221019744873,3.5768938064575195,4.688861846923828,2.885737657546997,1.8791195154190063,2.4599454402923584,1.2907987833023071,1.2367085218429565,0.8279957175254822,0.6767624616622925,0.08637939393520355,0.12310715764760971,0.07849787920713425,0.005674367770552635,-0.024317868053913116,-0.07706895470619202,-0.10118941217660904,-0.04196679964661598,0.01200822088867426,0.10046719759702682,0.1020394116640091,0.016386475414037704,0.039979349821805954,5.984057903289795,1.9355220794677734,1.5262775421142578,0.9511472582817078,1.554802417755127,2.416243553161621,1.2763105630874634,0.7325737476348877,0.9275910258293152,0.6188750863075256,0.535402774810791,0.47082725167274475,0.3971474766731262
2439388A-9CF2-4D3B-9534-E6951FC9EAD4-1436877953-1.1-m-26-hu.wav,hungry,-382.5854797363281,116.28337860107422,-45.80010986328125,6.339142322540283,-4.236567497253418,-17.229530334472656,-0.07532075047492981,-17.89960479736328,-6.057873725891113,-6.7505927085876465,-16.60005760192871,-3.0168771743774414,-12.162285804748535,1112.93115234375,221.01499938964844,133.2723846435547,36.84112548828125,103.9232177734375,45.11014938354492,39.93242263793945,70.92459106445312,18.046287536621094,13.656074523925781,23.005775451660156,22.77216911315918,39.5799560546875,0.4192397892475128,0.4777888059616089,0.3455471396446228,-0.18117955327033997,-0.40029045939445496,-0.3366905152797699,-0.3216365575790405,-0.11414563655853271,-0.028043100610375404,-0.03787665441632271,0.02511826902627945,-0.14266717433929443,-0.21087810397148132,30.08846664428711,8.754305839538574,3.8755953311920166,1.0454580783843994,5.9954938888549805,2.774287223815918,0.6468995809555054,1.8827240467071533,0.6840692758560181,0.3318578898906708,0.6069701313972473,0.8624352812767029,1.1682450771331787,-0.29346656799316406,-0.09415900707244873,0.17137068510055542,-0.1769808530807495,-0.06793121248483658,-0.029086504131555557,-0.11528854817152023,0.04564754664897919,-0.0003894795663654804,0.014812448993325233,0.08025252819061279,0.010660748928785324,0.006805291399359703,24.206119537353516,3.812858819961548,2.4258720874786377,0.8208894729614258,1.0854445695877075,0.5504592061042786,0.5638303756713867,1.0546002388000488,0.4402322471141815,0.234223872423172,0.40414324402809143,0.4595826268196106,0.40056970715522766
24f2a4e1-7161-42a3-a2a2-a29a2422c0b8-1430814730789-1.7-f-26-hu.wav,hungry,-541.9091186523438,114.54669952392578,-40.61069107055664,6.602438926696777,-11.625859260559082,-21.19564437866211,2.8851048946380615,-12.146275520324707,0.1671915501356125,-2.2824785709381104,-12.303187370300293,2.9094254970550537,-5.903045177459717,9551.8642578125,2519.812255859375,1079.589111328125,255.3937225341797,226.56570434570312,459.46331787109375,83.95600891113281,66.8585433959961,48.260623931884766,20.957578659057617,38.3134651184082,51.672489166259766,94.1268310546875,0.8253034949302673,0.38671886920928955,-0.08364961296319962,0.3055804371833801,0.059502437710762024,-0.06848598271608353,0.04428177699446678,-0.07972549647092819,0.03376919403672218,-0.009753546677529812,-0.17187729477882385,-0.04421856626868248,-0.046595364809036255,302.7856750488281,80.51201629638672,41.04233932495117,9.482833862304688,6.63415002822876,17.523744583129883,3.2260284423828125,2.395385980606079,1.295876383781433,0.6090903282165527,1.3993616104125977,1.6986497640609741,3.3095762729644775,-0.20880192518234253,-0.07761150598526001,0.1259513646364212,0.02212650701403618,-0.05476446449756622,-0.06391475349664688,-0.06626839935779572,0.013485586270689964,0.04740549996495247,-0.003621938405558467,-0.004733216483145952,0.01603246107697487,0.010877256281673908,57.483642578125,20.008058547973633,8.699258804321289,4.274050235748291,1.804671287536621,3.44785475730896,1.8451614379882812,0.7894845604896545,0.7435492873191833,0.3520187735557556,0.927266538143158,1.015035629272461,1.3679052591323853
24f2a4e1-7161-42a3-a2a2-a29a2422c0b8-1430814741368-1.7-f-26-hu.wav,hungry,-575.9066162109375,124.8991470336914,-49.73198699951172,31.002872467041016,-1.029625654220581,-11.337416648864746,19.833120346069336,-7.400158405303955,7.860837936401367,-0.48795244097709656,-12.630180358886719,7.243152141571045,-12.644736289978027,2305.358154296875,479.17303466796875,353.1370849609375,150.68043518066406,127.1178207397461,197.44403076171875,74.63220977783203,29.397502899169922,26.429847717285156,26.222698211669922,13.987174987792969,26.15920639038086,43.83642578125,-0.2677343189716339,-0.5289570093154907,0.03559286147356033,0.6714138984680176,0.38455432653427124,0.5448132753372192,0.4607188105583191,-0.18085461854934692,-0.08060842007398605,0.009560669772326946,-0.09430520236492157,0.13758310675621033,0.19858910143375397,67.6883773803711,11.030243873596191,10.654696464538574,6.739286422729492,2.1503753662109375,1.3724415302276611,3.2158732414245605,0.8216921091079712,0.8305848836898804,0.6788027286529541,0.4031006395816803,1.1225900650024414,1.022403359413147,-0.8500341773033142,-0.4170028567314148,0.23275572061538696,-0.09826166182756424,-0.09717632830142975,0.03828998655080795,-0.03475067391991615,-0.0450090654194355,-0.024427302181720734,0.07903438806533813,0.02228955738246441,-0.09972070902585983,0.05479374900460243,26.034317016601562,4.6341118812561035,5.2723069190979,0.7871550917625427,0.7404738068580627,0.45962780714035034,0.4971824884414673,0.5759416222572327,0.4311685264110565,0.39269259572029114,0.17562462389469147,0.2837672829627991,0.4653797149658203
24f94b49-c8bc-4ed2-b43a-80b099f12936-1430534429690-1.7-m-04-hu.wav,hungry,-220.45742797851562,220.6610565185547,-98.17742156982422,43.33677291870117,1.058236837387085,-22.26408576965332,31.414960861206055,-21.019699096679688,-3.110541582107544,-4.5086541175842285,-27.4880428314209,5.127157688140869,-13.515801429748535,2890.75732421875,587.7520141601562,281.8017578125,149.13108825683594,43.946983337402344,52.41045379638672,60.429691314697266,28.935260772705078,21.763795852661133,13.77031421661377,18.96975326538086,17.772062301635742,24.564777374267578,2.826770544052124,1.1439412832260132,-0.6239761710166931,0.4022411108016968,-0.026285316795110703,-0.1268434375524521,0.2127365618944168,-0.0766790434718132,0.17711545526981354,0.0473201721906662,-0.20390740036964417,0.04141059145331383,-0.09614977985620499,102.54454803466797,19.66452407836914,10.29571533203125,4.980647087097168,1.315612554550171,1.3281255960464478,1.7183879613876343,0.8335930109024048,1.0746562480926514,0.36573466658592224,0.6739652156829834,0.27340763807296753,1.0790220499038696,-1.4201405048370361,-0.7634420394897461,0.43784525990486145,-0.19754481315612793,8.184985927073285e-05,0.1837785392999649,-0.08876761049032211,0.09555584192276001,0.0318400040268898,-0.0241438839584589,0.04212908074259758,-0.0649702176451683,0.030402066186070442,26.109886169433594,5.6829705238342285,3.2628650665283203,1.222739577293396,0.48801323771476746,0.68172687292099,0.3120957911014557,0.4507136642932892,0.3041863739490509,0.19773073494434357,0.20276057720184326,0.15339398384094238,0.2661309242248535
24f94b49-c8bc-4ed2-b43a-80b099f12936-1430534715095-1.7-m-04-hu.wav,hungry,-199.23956298828125,181.00035095214844,-94.06075286865234,53.525115966796875,34.520999908447266,-24.35120964050293,16.134498596191406,-12.969161987304688,-12.464969635009766,-1.4801585674285889,-10.6768798828125,1.9292572736740112,-14.241477012634277,2956.53662109375,668.1690673828125,719.6312255859375,247.40647888183594,303.8202819824219,160.99986267089844,152.32730102539062,80.78800201416016,63.37748718261719,36.95272445678711,67.2104721069336,53.99052047729492,56.31793212890625,3.0573315620422363,1.1878198385238647,-0.7413071990013123,0.40400078892707825,0.003521784907206893,-0.10003378242254257,0.40040355920791626,-0.00814453698694706,0.02509317547082901,0.11108975857496262,-0.011437105014920235,0.07084064185619354,-0.14702144265174866,109.6257553100586,34.42189407348633,15.845966339111328,5.446477890014648,4.997345447540283,4.530799865722656,2.891035795211792,2.5094664096832275,2.2354342937469482,0.8982383012771606,2.4010801315307617,1.8400826454162598,1.8566073179244995,-0.9214326739311218,-0.6039284467697144,0.36789947748184204,-0.03298506140708923,-0.05452708899974823,0.04957414045929909,-0.04975234717130661,0.08480656147003174,-0.04617711901664734,-0.04150503873825073,0.09050765633583069,-0.04024427384138107,0.03210512548685074,12.052995681762695,6.812830448150635,5.665657043457031,1.268801212310791,1.6044100522994995,1.2391573190689087,0.9461702108383179,1.2614414691925049,0.702452540397644,0.7644001841545105,0.8296050429344177,0.703848659992218,0.589692234992981
2562ad82-485a-44c2-ad25-f70fce71480b-1430045593479-1.7-m-72-hu.wav,hungry,-203.19277954101562,120.06319427490234,-92.2769775390625,43.62478256225586,2.395329713821411,-17.12594985961914,27.215360641479492,-17.14452362060547,3.1385326385498047,4.5565996170043945,-19.88408088684082,1.18661367893219,-11.887075424194336,8902.94921875,923.11279296875,2642.623779296875,866.8707885742188,234.77590942382812,394.1875,166.86143493652344,496.1193542480469,252.27804565429688,206.21432495117188,198.27651977539062,185.5753631591797,105.73310089111328,2.038588762283325,0.042460858821868896,-1.4446910619735718,0.33960720896720886,0.19049707055091858,0.25855156779289246,0.07810422033071518,-0.7468515038490295,0.21027223765850067,0.6006274223327637,-0.18366770446300507,-0.12034617364406586,-0.028892360627651215,104.99302673339844,22.211353302001953,25.360782623291016,13.494330406188965,5.790956974029541,8.412895202636719,4.218803882598877,11.006196975708008,8.018516540527344,8.654224395751953,5.4244256019592285,6.713976860046387,3.9488701820373535,-0.10783422738313675,-0.058345552533864975,0.022163663059473038,-0.10263112932443619,-0.0603591725230217,0.07186625152826309,0.16043296456336975,0.06130985543131828,-0.2663033604621887,0.10878894478082657,0.312750905752182,-0.13700494170188904,-0.051773685961961746,41.0833854675293,10.82767105102539,13.9060640335083,4.619326591491699,2.4829607009887695,2.5353469848632812,2.3221752643585205,2.6097850799560547,3.6638760566711426,1.3757141828536987,3.51180100440979,1.211878776550293,1.1556731462478638
2602b7c2-e96d-42f6-9767-f1ae74925ef8-1431376228657-1.7-f-22-hu.wav,hungry,-398.93658447265625,139.14981079101562,-62.79969024658203,14.443280220031738,-14.540325164794922,-30.244752883911133,7.647015571594238,-28.035280227661133,-14.64604663848877,0.6011663675308228,-18.91914176940918,-3.862729549407959,-7.3258185386657715,2182.6728515625,691.134033203125,329.9647521972656,375.68719482421875,114.06413269042969,85.2071533203125,88.65354919433594,94.11695861816406,47.8598747253418,54.51832580566406,58.03047561645508,76.39292907714844,32.63589096069336,1.5467368364334106,0.6048535108566284,-0.4324765205383301,0.3940812349319458,0.07123957574367523,-0.12880390882492065,0.2691825330257416,-0.01343607623130083,-0.17003414034843445,-0.14398831129074097,-0.06517419964075089,0.16421827673912048,0.00671791797503829,86.5317153930664,23.544755935668945,12.844226837158203,5.911565780639648,2.538526773452759,2.088839530944824,3.538219451904297,1.953147292137146,1.4381641149520874,1.1682437658309937,2.173628330230713,1.2356752157211304,1.1544413566589355,-1.157020092010498,-0.562687337398529,0.2731598913669586,-0.15299886465072632,0.0443505123257637,0.2379300594329834,0.0447271466255188,0.1658550649881363,0.0860358476638794,-0.0721319317817688,0.027587702497839928,0.02027781680226326,-0.013978591188788414,16.687402725219727,7.138616561889648,1.9755862951278687,2.7788524627685547,1.1013273000717163,1.9098328351974487,1.555065393447876,0.6998645067214966,0.5955706834793091,0.5732741951942444,0.7119853496551514,0.5881096124649048,0.6873876452445984
2a0e6a88-b049-4f46-a3d6-d73ffae470d5-1430770144865-1.7-m-04-hu.wav,hungry,-404.88726806640625,177.73558044433594,-60.89908218383789,20.963308334350586,-7.228488922119141,-5.536146640777588,5.594712257385254,-39.32636260986328,-2.1665918827056885,-12.427841186523438,-21.833932876586914,8.507050514221191,-19.3222599029541,2883.4853515625,646.1504516601562,941.1124267578125,189.5919647216797,131.99249267578125,204.75827026367188,119.12450408935547,153.51943969726562,56.778648376464844,60.003990173339844,31.952735900878906,41.812522888183594,41.230934143066406,3.8398377895355225,0.36963769793510437,-2.183237314224243,-0.12448743730783463,-0.29336684942245483,-0.2841372489929199,0.5467973351478577,0.0005197220598347485,0.137198805809021,0.3173272907733917,-0.19825805723667145,-0.11010822653770447,0.16361664235591888,88.8045654296875,28.09779167175293,36.779754638671875,6.821625232696533,4.862319469451904,7.102950096130371,4.1190948486328125,7.413478851318359,0.9309180974960327,1.8345544338226318,0.6765516996383667,1.3033204078674316,1.454063892364502,-0.12403905391693115,-0.4253596365451813,0.18304066359996796,-0.26622796058654785,-0.14490237832069397,-0.016050277277827263,0.045182764530181885,0.27840375900268555,0.047475267201662064,-0.0053306762129068375,0.07064961642026901,-0.005805092863738537,0.066464863717556,17.873680114746094,2.6039814949035645,4.382820129394531,3.4782400131225586,2.0329744815826416,1.8180291652679443,1.143052577972412,1.266668677330017,0.47088882327079773,0.5855047106742859,0.5316877365112305,0.42101845145225525,0.45727288722991943
2a0e6a88-b049-4f46-a3d6-d73ffae470d5-1430770161530-1.7-m-04-hu.wav,hungry,-230.69485473632812,157.50294494628906,-103.92176818847656,25.261577606201172,-21.855417251586914,-42.74866485595703,14.20283031463623,-12.569320678710938,6.59122371673584,-7.889009952545166,-24.742013931274414,1.510974645614624,-18.21991539001465,5949.47802734375,902.8189086914062,1926.70263671875,471.023193359375,245.6151580810547,204.9868927001953,154.6555633544922,64.3210678100586,103.41687774658203,114.97490692138672,46.2221794128418,72.64820098876953,41.23765563964844,5.189034461975098,0.8558253049850464,-2.1720046997070312,0.3769265115261078,-0.7359143495559692,-0.7161789536476135,0.3722202181816101,-0.19122369587421417,0.32438716292381287,0.20542941987514496,-0.10998658090829849,0.36533600091934204,0.019836843013763428,231.18283081054688,42.75202178955078,61.7818489074707,19.762815475463867,9.894948959350586,8.682872772216797,5.42943811416626,2.6816537380218506,4.473949909210205,2.4876818656921387,1.4965758323669434,2.2685225009918213,1.6652055978775024,-0.08757925778627396,-0.5412055850028992,0.018507374450564384,-0.237272247672081,0.05522288754582405,0.12219712883234024,0.02720632031559944,0.08697019517421722,-0.11480078101158142,0.08345642685890198,0.0701078325510025,-0.10230903327465057,0.11475431174039841,31.91851234436035,6.235114574432373,13.446533203125,5.701597213745117,2.0078322887420654,1.8677194118499756,3.3230645656585693,1.0815777778625488,1.8514069318771362,0.8339112401008606,0.42889371514320374,1.213371992111206,0.9180930256843567
2ad6d558-32f2-4bfd-99c5-cbd31ee3bb11-1430064396119-1.7-m-72-hu.wav,hungry,-341.4446105957031,171.2255401611328,-85.07431030273438,13.750463485717773,-43.78475570678711,-38.895565032958984,16.67780876159668,-27.619131088256836,7.837509632110596,2.7025973796844482,-26.502695083618164,7.45440673828125,-6.125088214874268,3919.044921875,926.8641967773438,402.6039733886719,166.98745727539062,188.04974365234375,145.95497131347656,224.80084228515625,76.9529037475586,76.6330337524414,74.45063018798828,87.60030364990234,80.78511810302734,51.950340270996094,3.7369375228881836,1.6088130474090576,-0.4673600196838379,0.3267165720462799,-0.26829302310943604,-0.6566417813301086,-0.1348176896572113,-0.04222273454070091,0.11812891066074371,-0.019967859610915184,-0.14171335101127625,0.028331467881798744,-0.16977384686470032,125.90042114257812,24.36159324645996,17.639102935791016,6.350963115692139,6.188778400421143,6.043294906616211,6.422282695770264,2.7379255294799805,2.7422797679901123,2.6008963584899902,3.136768341064453,2.1341209411621094,2.0215296745300293,-0.7770105600357056,-0.7558575868606567,0.245482936501503,-0.18807612359523773,0.12215211242437363,0.2375800609588623,-0.009780023247003555,0.12429932504892349,0.014028503559529781,0.11789017170667648,0.16121701896190643,-0.08116310834884644,0.03089097887277603,13.89756965637207,5.370587348937988,2.4542315006256104,2.358705997467041,1.2056093215942383,1.9256644248962402,1.6161741018295288,0.6270493268966675,1.1427193880081177,1.1510350704193115,0.8504775762557983,0.7960550785064697,0.7737206220626831
2e25d0a5-0b2b-44ef-8491-e445b16ea75c-1430056314272-1.7-f-26-hu.wav,hungry,-531.6676025390625,126.99564361572266,-43.46064376831055,-1.8592346906661987,-18.510211944580078,-19.725221633911133,12.944005966186523,-14.766745567321777,-18.319284439086914,-12.928813934326172,-17.141874313354492,-5.500590801239014,-9.017123222351074,4465.25244140625,1252.0872802734375,1179.1923828125,391.4715881347656,154.17941284179688,161.77076721191406,109.22274017333984,45.681724548339844,161.3329315185547,74.16028594970703,75.0622787475586,29.757118225097656,53.66379165649414,1.1553336381912231,0.7151271104812622,-0.11189673095941544,0.07598006725311279,0.0066773914732038975,0.0692523792386055,0.16830052435398102,-0.17742253839969635,-0.32313311100006104,-0.22443346679210663,-0.1250469833612442,0.006402196362614632,0.10863827913999557,137.373291015625,30.938535690307617,36.69541931152344,12.356952667236328,5.3085527420043945,4.764280796051025,6.070554733276367,1.631571650505066,2.760237455368042,1.2603423595428467,1.9591885805130005,1.1906085014343262,1.7383692264556885,-0.30461153388023376,-0.18021279573440552,0.09103141725063324,0.05386338010430336,0.04144931584596634,0.0994836837053299,0.09189897775650024,0.035973768681287766,-0.005591107998043299,0.013021445833146572,0.02490081451833248,0.012058747932314873,-0.005100746639072895,22.686891555786133,6.079459190368652,6.662345886230469,2.6923134326934814,0.9788025617599487,1.4451321363449097,1.7459012269973755,0.7228536605834961,0.5407677888870239,0.5858810544013977,0.5193170309066772,0.2262468934059143,0.6027916669845581
2e25d0a5-0b2b-44ef-8491-e445b16ea75c-1430056332640-1.7-f-26-hu.wav,hungry,-512.5320434570312,129.93319702148438,-74.7601089477539,8.66873836517334,-23.740032196044922,-32.235538482666016,13.584688186645508,-18.34467315673828,-7.027313232421875,-4.439955234527588,-21.919198989868164,0.4449426829814911,-4.268568515777588,4998.39990234375,979.207275390625,758.5330200195312,154.86175537109375,242.6059112548828,264.2516784667969,179.599609375,70.3427963256836,133.0765838623047,47.293907165527344,69.38634490966797,153.978271484375,188.14988708496094,2.5300838947296143,1.1044948101043701,-0.7684595584869385,0.2780190408229828,0.14593473076820374,-0.06058458983898163,0.026634840294718742,-0.2471613734960556,0.012963109649717808,-0.11017609387636185,-0.25585949420928955,-0.02204279974102974,-0.18885056674480438,144.54029846191406,24.65540313720703,28.43470001220703,6.411369800567627,4.163869857788086,5.747027397155762,5.406243324279785,2.1488900184631348,3.178711175918579,1.1873984336853027,1.7155919075012207,4.1319756507873535,5.093771457672119,-0.34580591320991516,-0.3201400637626648,0.025597313418984413,0.17188788950443268,0.04743077978491783,0.03841546177864075,0.15977805852890015,0.08411423861980438,-0.03102579526603222,-0.014997079037129879,-0.026028547435998917,0.013863727450370789,0.10445196181535721,9.61788272857666,2.8274857997894287,5.4898681640625,3.300311803817749,1.3219499588012695,1.3165539503097534,1.8814773559570312,0.9218440055847168,1.2518798112869263,0.5755588412284851,0.699500322341919,0.9698531627655029,1.6969856023788452
2EE636FB-BD76-4118-A0EF-82FAFC32301F-1436586600-1.1-f-04-hu.wav,hungry,-280.17071533203125,151.7191619873047,-76.9188232421875,35.367794036865234,-22.288227081298828,-44.4719352722168,4.904384613037109,-27.702362060546875,-6.821396827697754,-14.195791244506836,-30.6440372467041,-3.20709490776062,-19.930301666259766,1009.216064453125,84.93319702148438,303.93450927734375,74.73294830322266,72.61104583740234,64.1392822265625,130.22474670410156,100.49272918701172,30.670028686523438,15.452113151550293,37.7700080871582,49.33700942993164,77.87206268310547,0.8624871373176575,0.042903363704681396,-0.3253866732120514,-0.1321749985218048,0.018280446529388428,0.0620553195476532,0.032534413039684296,0.09362612664699554,0.13802288472652435,0.044177886098623276,-0.004907903727144003,-0.05094575509428978,-0.15459802746772766,26.037073135375977,3.552271842956543,5.9160943031311035,2.914541482925415,1.655582308769226,1.7800915241241455,1.9510005712509155,2.2205116748809814,1.116464614868164,0.7362270951271057,1.2490509748458862,1.430147647857666,0.9089488387107849,0.38762688636779785,0.03002144955098629,0.00836121290922165,-0.13116692006587982,0.06228313967585564,0.08539500087499619,0.011788182891905308,0.14874230325222015,0.08165375888347626,0.024798771366477013,0.06983844935894012,0.06935268640518188,0.04184655472636223,8.966992378234863,1.2333406209945679,1.836937427520752,0.8931768536567688,0.49680668115615845,0.7401809692382812,0.5330619215965271,0.7954197525978088,0.3627833127975464,0.25914475321769714,0.47843876481056213,0.4040478765964508,0.23835137486457825
2F1C0515-EC8E-44C1-ABEA-E04EB475543A-1432143888-1.1-m-22-hu.wav,hungry,-669.6896362304688,200.87799072265625,-117.671875,58.311275482177734,-17.445171356201172,-26.9599666595459,29.160320281982422,-40.72199249267578,1.6474614143371582,-7.170386791229248,-30.293251037597656,10.069671630859375,-21.874000549316406,357.6781005859375,118.57947540283203,76.91641235351562,31.678831100463867,21.429594039916992,27.465482711791992,26.719810485839844,29.513967514038086,22.933284759521484,29.39815902709961,13.806381225585938,15.758849143981934,10.035161018371582,0.8735164999961853,-0.05057984218001366,-0.09560862928628922,0.14686636626720428,0.053555939346551895,0.023103389889001846,-0.04348373040556908,-0.135492205619812,-0.06985057890415192,0.017269939184188843,0.021699149161577225,0.019562657922506332,0.030119074508547783,9.947011947631836,2.55543851852417,1.8933396339416504,1.0999618768692017,0.699821412563324,0.691493809223175,0.8808907270431519,0.8294807076454163,0.5909300446510315,0.5392258763313293,0.4227747321128845,0.5415636301040649,0.4443334937095642,-0.18410956859588623,-0.3013266324996948,0.23295548558235168,-0.1371774524450302,0.09167957305908203,0.03645889088511467,-0.12209891527891159,0.09242374449968338,-0.055546198040246964,0.0002608457871247083,0.06748030334711075,-0.04102371260523796,0.06788165867328644,1.8587448596954346,1.0204647779464722,0.6739740967750549,0.4578774571418762,0.35031837224960327,0.24219447374343872,0.40471771359443665,0.23408345878124237,0.18391506373882294,0.1740465760231018,0.2605280578136444,0.29077407717704773,0.16066992282867432
3030d0e9-0c9b-4616-9b83-f10dc2dedbfd-1430053447333-1.7-m-26-hu.wav,hungry,-220.73008728027344,150.51242065429688,-107.08832550048828,35.767452239990234,-28.123023986816406,-44.62481689453125,21.781635284423828,-26.72872543334961,0.3401678204536438,1.6239157915115356,-27.015045166015625,7.037171840667725,-12.84431266784668,7863.34765625,751.4598388671875,3430.168212890625,1278.71337890625,282.18218994140625,144.6173553466797,269.1429748535156,314.9297180175781,184.18560791015625,86.8386459350586,134.70248413085938,229.10092163085938,72.5946044921875,0.5457536578178406,0.37745675444602966,0.4185439944267273,0.5355340838432312,0.6849064230918884,-0.01941598765552044,-0.37320488691329956,0.2787141799926758,0.21509450674057007,-0.03189995512366295,0.27782177925109863,0.11674566566944122,-0.11975975334644318,180.05197143554688,36.36650848388672,45.82009506225586,14.871023178100586,12.109002113342285,7.8000383377075195,9.790027618408203,8.44049072265625,3.7800040245056152,2.768566608428955,3.803837776184082,4.380220890045166,2.1598565578460693,0.0159409511834383,-0.3445657789707184,-0.20339438319206238,-0.29698193073272705,-0.3278719186782837,-0.07717765867710114,0.15403170883655548,0.1673276424407959,0.04488133266568184,0.09665049612522125,0.13332492113113403,-0.02115899883210659,-0.06671638041734695,48.116180419921875,6.383553504943848,10.662981986999512,2.786733865737915,4.572983741760254,2.6558287143707275,2.5446479320526123,1.8479893207550049,1.0857818126678467,1.1039226055145264,1.5017602443695068,0.8985069990158081,0.7137653827667236
3030d0e9-0c9b-4616-9b83-f10dc2dedbfd-1430053456045-1.7-m-26-hu.wav,hungry,-333.2066650390625,189.34048461914062,-68.96810150146484,13.399831771850586,-15.223588943481445,-30.6185302734375,16.356220245361328,-15.358637809753418,-8.92644214630127,-6.080069541931152,-20.85531234741211,-4.300079822540283,-13.551203727722168,8265.5283203125,1236.785888671875,1765.068603515625,216.12551879882812,271.4179992675781,192.34156799316406,100.62184143066406,171.31271362304688,86.83676147460938,101.02616119384766,49.402183532714844,28.45568084716797,42.47085189819336,1.8092964887619019,1.2720404863357544,-0.06597553193569183,-0.15306022763252258,0.017999207600951195,0.15589359402656555,-0.02540026791393757,-0.2901560068130493,-0.09973357617855072,0.05532069504261017,-0.0487985797226429,0.012638989835977554,0.13282565772533417,323.1385498046875,55.24366760253906,68.12272644042969,7.1057000160217285,10.393728256225586,8.066516876220703,5.62545919418335,2.5569190979003906,3.476094961166382,3.081639051437378,1.8094773292541504,0.7890732884407043,1.774333119392395,-1.4743983745574951,-0.34803506731987,0.9149642586708069,-0.06663600355386734,0.20297981798648834,0.32719871401786804,-0.19336269795894623,0.023714780807495117,0.03426545858383179,0.05039798468351364,0.11462067812681198,-0.03433389216661453,0.13238434493541718,66.59286499023438,10.95716381072998,16.95846939086914,2.508624792098999,3.2832541465759277,3.3002190589904785,1.6984617710113525,1.1415959596633911,0.9472317695617676,0.8812379837036133,0.7880204319953918,0.5173337459564209,0.9655886888504028
3030d0e9-0c9b-4616-9b83-f10dc2dedbfd-1430053464739-1.7-m-26-hu.wav,hungry,-395.0135498046875,174.70265197753906,-20.18058204650879,31.121828079223633,-7.993488788604736,-25.41193199157715,8.498124122619629,-20.28592872619629,-8.714900970458984,-0.8519061207771301,-17.59173011779785,-3.7083542346954346,-9.247685432434082,3362.549560546875,573.56298828125,677.828369140625,328.5670166015625,262.3946533203125,259.0509338378906,200.52821350097656,131.28317260742188,70.0434341430664,84.67323303222656,53.13252639770508,64.16674041748047,49.70088195800781,-1.4207836389541626,-0.48728471994400024,0.9307617545127869,0.39602965116500854,0.25807589292526245,0.4239449203014374,0.2541118860244751,0.22380401194095612,-0.044048503041267395,-0.28383615612983704,-0.12850496172904968,-0.044871989637613297,0.019288986921310425,144.479736328125,19.844221115112305,24.53310203552246,16.528278350830078,8.572404861450195,11.008882522583008,6.064457893371582,5.421580791473389,2.5676631927490234,2.203251361846924,1.6265603303909302,2.070922374725342,1.3972523212432861,-1.026970624923706,-0.36908799409866333,0.3246734142303467,-0.26529213786125183,0.012884640134871006,0.2313733994960785,-0.11325803399085999,-0.06119135022163391,0.002833402017131448,0.06817546486854553,0.14372515678405762,-0.029431048780679703,-0.03758120536804199,36.1149787902832,4.739775657653809,11.06229305267334,4.746156215667725,2.964578866958618,2.4423139095306396,2.5568337440490723,2.034968376159668,1.1225597858428955,1.1465392112731934,1.1517963409423828,1.102097749710083,0.6850712299346924
3030d0e9-0c9b-4616-9b83-f10dc2dedbfd-1430053594259-1.7-m-26-hu.wav,hungry,-321.6886291503906,177.1772918701172,-95.18272399902344,20.631589889526367,-30.361085891723633,-30.562931060791016,41.763423919677734,-18.62169075012207,-9.799428939819336,4.06821346282959,-26.160093307495117,-8.509013175964355,-15.11192798614502,5117.14404296875,380.07659912109375,1733.3607177734375,128.4542236328125,231.5697479248047,102.88140869140625,151.53695678710938,106.03858184814453,31.02223777770996,60.629005432128906,42.66701126098633,32.05609893798828,69.11492156982422,3.256937265396118,0.5580119490623474,-1.454797625541687,0.17398063838481903,-0.22057868540287018,-0.395011305809021,0.3175233006477356,-0.21102973818778992,-0.05700181797146797,0.3557024300098419,-0.07410523295402527,-0.0958380177617073,-0.06189306825399399,107.5164566040039,10.358250617980957,43.53143310546875,4.3985443115234375,5.053283214569092,3.231199264526367,2.282083034515381,2.660498857498169,1.0859183073043823,1.1404097080230713,1.2502403259277344,0.7510656118392944,2.227977991104126,-0.5196239352226257,-0.5954023599624634,0.3387916386127472,-0.006551471073180437,0.06014670059084892,0.15138983726501465,-0.07115934044122696,0.0446205735206604,-0.01007021963596344,-0.01898869127035141,0.1350039392709732,0.0381040945649147,0.03732544928789139,21.797693252563477,5.255086898803711,9.348639488220215,2.2175755500793457,1.554094672203064,0.8637576699256897,0.6039440035820007,0.824444055557251,0.3960403800010681,0.3649379312992096,0.35627132654190063,0.3927631676197052,0.5062655806541443
3030d0e9-0c9b-4616-9b83-f10dc2dedbfd-1430326171876-1.7-m-26-hu.wav,hungry,-368.2586364746094,116.5016098022461,-89.34048461914062,32.53598403930664,-11.279443740844727,-46.392093658447266,17.451784133911133,-11.015446662902832,-14.190505027770996,1.7689056396484375,-10.846263885498047,-4.43847131729126,-7.73353910446167,18880.052734375,1576.3675537109375,4796.203125,496.35546875,223.92247009277344,460.1656799316406,299.38519287109375,88.41127014160156,44.862186431884766,47.4572639465332,158.64956665039062,59.38759994506836,80.8398666381836,2.0852115154266357,1.0411080121994019,-0.40107858180999756,0.30229222774505615,-0.10791642963886261,-0.2874031960964203,0.15654480457305908,-0.1190134584903717,-0.07027357071638107,0.21265552937984467,0.13059411942958832,0.030880507081747055,0.031683050096035004,682.7881469726562,66.8653564453125,157.41107177734375,18.012239456176758,11.304409980773926,13.91376781463623,10.098123550415039,4.920584678649902,1.2997918128967285,1.8772574663162231,4.937195777893066,2.456209659576416,3.1436381340026855,-1.6511489152908325,-0.4562261402606964,0.7755243182182312,-0.2275828719139099,-0.051323577761650085,0.03511298820376396,-0.20522154867649078,0.15281611680984497,0.01334854681044817,-0.020333092659711838,0.1665336787700653,-0.013371726498007774,-0.01557137630879879,171.2805633544922,13.030356407165527,50.37460708618164,8.5989408493042,3.756211996078491,3.638089656829834,2.758789300918579,1.4627399444580078,0.905372679233551,1.156166672706604,1.570316195487976,1.2143112421035767,0.7990584969520569
30c2cee4-b682-4dcb-86b9-7fa6f36f1b66-1430728411287-1.7-f-72-hu.wav,hungry,-278.3927917480469,110.56049346923828,-114.04932403564453,18.781614303588867,-21.088878631591797,-19.907413482666016,15.94840145111084,-31.084442138671875,10.765045166015625,0.0557217001914978,-22.881694793701172,15.808673858642578,-6.495814323425293,18241.21484375,2016.963134765625,4122.0380859375,538.2313232421875,394.1249694824219,341.48895263671875,166.24972534179688,239.3519744873047,206.35508728027344,75.04051971435547,155.29930114746094,218.56558227539062,82.93721008300781,1.5914040803909302,1.2938034534454346,0.26483094692230225,-0.24606160819530487,-0.4354792535305023,0.14807187020778656,0.4408093988895416,0.021105218678712845,-0.16070087254047394,-0.04744366928935051,0.019581753760576248,-0.09502477943897247,-0.3311425447463989,392.93231201171875,56.339027404785156,67.19390869140625,14.313053131103516,19.129043579101562,10.579527854919434,7.27467679977417,4.618221282958984,5.684232711791992,3.234182834625244,4.635037422180176,7.526650905609131,4.514928340911865,-1.1623345613479614,-0.4762667715549469,0.07834743708372116,-0.6466754078865051,0.11099252104759216,0.350283682346344,-0.030632657930254936,0.11790657043457031,-0.07982980459928513,-0.036677271127700806,0.0014359367778524756,-0.08094128966331482,0.1749802827835083,50.23675537109375,11.729053497314453,11.530182838439941,5.567490577697754,4.225896835327148,3.6418275833129883,2.248626470565796,0.9165309071540833,1.6430573463439941,1.0593855381011963,2.0270862579345703,1.5972542762756348,1.5276319980621338
31e785de-b0c9-464f-88e2-bd8f1dd5cda4-1433403682898-1.7-m-04-hu.wav,hungry,-234.47662353515625,90.68029022216797,-133.1079864501953,36.87645721435547,-3.8887319564819336,-39.72968673706055,12.103572845458984,-23.558385848999023,0.3411514461040497,8.892916679382324,-7.743725299835205,15.266505241394043,-7.264211654663086,6223.18603515625,325.7181396484375,2218.84716796875,329.68328857421875,171.86886596679688,301.78485107421875,118.22135925292969,137.41387939453125,175.712646484375,127.83379364013672,195.042236328125,146.7642059326172,189.75137329101562,2.1347033977508545,0.5154107809066772,-0.6902569532394409,-0.031176231801509857,-0.34692350029945374,-0.46351927518844604,-0.14527563750743866,-0.25538721680641174,-0.011637781746685505,0.19139431416988373,0.0889064371585846,0.13079845905303955,-0.08749112486839294,328.0372009277344,15.30833625793457,109.04744720458984,8.038620948791504,6.664589881896973,13.278244972229004,4.604580402374268,5.987807750701904,6.126378536224365,3.973212480545044,7.604152679443359,4.727960109710693,5.096023082733154,-1.3465142250061035,-0.3682630956172943,1.0804744958877563,-0.18100272119045258,0.06713029742240906,0.15294073522090912,-0.1478727012872696,0.24920804798603058,-0.030914535745978355,-0.020311202853918076,0.08742217719554901,-0.1853572130203247,0.07408086955547333,113.87891387939453,3.5916333198547363,45.751319885253906,3.2229228019714355,1.1646368503570557,3.4980309009552,2.3549447059631348,2.091196060180664,1.2871897220611572,1.7137926816940308,2.761833906173706,1.971908688545227,1.0891704559326172
323cab80-2551-4a46-8c3d-62c7a5264afa-1430382588301-1.7-m-22-hu.wav,hungry,-218.4151153564453,84.73348236083984,-142.8821563720703,2.723867893218994,-19.705352783203125,-15.194134712219238,26.70954704284668,-24.302762985229492,0.8253943920135498,-0.9918227791786194,-12.994940757751465,10.647494316101074,-19.38184356689453,2473.728271484375,407.0735168457031,1134.13037109375,147.53097534179688,194.09750366210938,151.0805206298828,157.5131378173828,107.55697631835938,92.99735260009766,40.13786697387695,25.240619659423828,41.07825469970703,73.06090545654297,1.5198479890823364,0.595359206199646,0.023256057873368263,-0.01644795574247837,-0.5619942545890808,-0.4266168773174286,-0.24330836534500122,-0.16587421298027039,0.17872977256774902,0.06602007150650024,-0.008110453374683857,0.04042425379157066,-0.11523330211639404,96.41602325439453,8.659729957580566,39.93560028076172,4.184035778045654,3.258220911026001,2.7156472206115723,5.160658359527588,3.648315191268921,1.4871712923049927,1.4366534948349,1.003456711769104,1.2954350709915161,1.245858073234558,-0.05253110080957413,-0.10771774500608444,0.4443337917327881,0.10713204741477966,-0.018503155559301376,0.05368391051888466,-0.04455668851733208,0.10760942101478577,0.08884146064519882,-0.03806125000119209,0.04922061413526535,0.046959538012742996,-0.035946689546108246,32.77198028564453,2.0824286937713623,10.162885665893555,0.6716609597206116,0.7079042196273804,1.0513120889663696,1.259404182434082,0.5703461170196533,0.4814993739128113,0.4901193380355835,0.3197017014026642,0.7010892629623413,0.3613266348838806
35D58153-7AB7-443D-BED0-2D7ABF73743F-1431855847-1.1-m-04-hu.wav,hungry,-145.83226013183594,119.1800308227539,-161.80857849121094,51.71359634399414,-8.683588981628418,-31.954044342041016,23.963951110839844,-28.96508026123047,19.9512882232666,14.367561340332031,-11.369457244873047,21.962158203125,-11.716742515563965,4207.28125,434.6816711425781,817.2651977539062,900.7818603515625,219.32357788085938,170.6811065673828,154.4649200439453,132.2646026611328,171.04788208007812,164.13409423828125,277.22125244140625,178.7963104248047,296.755126953125,1.8938673734664917,0.49601608514785767,-0.0862698033452034,1.1168588399887085,0.1755860149860382,-0.35404226183891296,-0.218640998005867,-0.2931389808654785,0.34180742502212524,0.2186862677335739,-0.2557525634765625,-0.017692722380161285,-0.08683875948190689,161.17344665527344,15.812126159667969,25.7668399810791,47.896202087402344,7.910171985626221,5.675418853759766,4.504185676574707,5.22628927230835,6.4124627113342285,4.993529796600342,12.14843463897705,5.544990539550781,10.589765548706055,-1.5542746782302856,-0.5620821118354797,0.7912901043891907,-0.21439792215824127,2.973637674585916e-05,0.10433787852525711,-0.03340389207005501,0.26612329483032227,-0.1460767239332199,-0.06827370822429657,0.12391310185194016,-0.18347379565238953,-0.05595869570970535,94.2947998046875,10.067200660705566,25.086246490478516,10.188685417175293,3.7270326614379883,1.9277894496917725,2.0946104526519775,3.2447593212127686,2.244093656539917,3.725126266479492,3.147374153137207,3.3416261672973633,6.354959011077881
36f1b3ec-3d2a-470e-af6f-0a8cc11b2723-1430237012976-1.7-m-04-hu.wav,hungry,-309.9888000488281,64.09281921386719,-88.29331970214844,16.38776969909668,19.611804962158203,-18.40542984008789,-1.9379585981369019,-11.65170955657959,-2.492311477661133,-1.1877561807632446,-12.236284255981445,2.067085027694702,0.28448566794395447,5893.9794921875,1553.0667724609375,2829.69970703125,396.48736572265625,524.8759155273438,542.960205078125,302.0594177246094,479.64569091796875,413.80047607421875,388.82489013671875,279.6174621582031,252.24000549316406,150.2005157470703,1.1157094240188599,0.18183091282844543,-0.28952285647392273,0.21542029082775116,0.37792304158210754,0.15845510363578796,-0.5395482778549194,-0.28249526023864746,0.6107192039489746,-0.07272889465093613,-0.5403004288673401,0.2299976497888565,0.18245545029640198,167.189697265625,32.07722473144531,60.7127571105957,14.209396362304688,14.328958511352539,12.040645599365234,11.499475479125977,12.49836254119873,14.529534339904785,16.658287048339844,14.216343879699707,9.429482460021973,7.670546054840088,-0.36234933137893677,-0.34999772906303406,0.2630223035812378,-0.09989669173955917,-0.11169224232435226,0.17911361157894135,0.1107625886797905,0.0221242755651474,-0.01662461832165718,0.09401921182870865,0.12687130272388458,-0.06979714334011078,-0.10230530053377151,27.480308532714844,8.026681900024414,12.898107528686523,3.5719571113586426,5.002952575683594,4.3121209144592285,3.5851998329162598,4.65802001953125,4.802345275878906,7.851912021636963,4.172333240509033,4.356916904449463,1.7232202291488647
37105492-58b1-432e-a1ce-ea154425abab-1430744728397-1.7-f-26-hu.wav,hungry,-507.52264404296875,93.74076080322266,-49.296730041503906,-26.24108123779297,-7.519776821136475,-5.1861162185668945,8.62789249420166,-8.871456146240234,-16.795106887817383,-7.585763454437256,-1.9606964588165283,5.904067516326904,3.037022590637207,13541.5693359375,2660.6982421875,2464.774169921875,223.95059204101562,186.35385131835938,363.79022216796875,157.04734802246094,62.929718017578125,118.13714599609375,35.3859748840332,94.62175750732422,94.17282104492188,83.89185333251953,-1.0105153322219849,-0.4374822974205017,0.5385128259658813,0.34339994192123413,0.36121174693107605,0.2377970665693283,-0.28585344552993774,-0.3123738169670105,-0.06473895162343979,0.1593046635389328,0.2836054265499115,0.05567797273397446,-0.09956809133291245,404.0547790527344,77.90274810791016,71.17142486572266,6.996170520782471,6.397294521331787,14.472278594970703,6.56179666519165,2.1895861625671387,4.818741798400879,1.6549162864685059,4.349421501159668,3.1600162982940674,2.6615490913391113,-0.5521208643913269,-0.1890750378370285,0.21578052639961243,-0.056689608842134476,0.11271332949399948,0.14846539497375488,-0.13145016133785248,-0.01806875318288803,0.07613098621368408,-0.0044744196347892284,0.020228954032063484,-0.015799786895513535,-0.011178462766110897,42.71388244628906,9.180130004882812,9.634952545166016,2.7881641387939453,1.111007809638977,2.355354070663452,1.4641673564910889,0.5690657496452332,0.8052539229393005,0.6038545370101929,1.2865815162658691,0.6395101547241211,0.6730660200119019
375308C6-F894-49A5-B246-8C2819E9C6ED-1430416651-1.0-m-04-hu.wav,hungry,-512.4435424804688,134.06358337402344,-68.47621154785156,35.04266357421875,-20.77813148498535,-36.01461410522461,8.149937629699707,-30.3032283782959,-5.236662864685059,-1.5730024576187134,-20.14899444580078,-1.9460395574569702,-18.19594955444336,1840.368896484375,327.7224426269531,418.8009033203125,190.44088745117188,163.815673828125,127.23041534423828,71.51588439941406,88.84603881835938,62.85345458984375,73.58949279785156,27.61745262145996,46.72964096069336,55.26460266113281,1.0183358192443848,0.2110978364944458,0.09983129799365997,0.0684804916381836,-0.2355552464723587,-0.36746910214424133,-0.09457684308290482,0.0025758184492588043,-0.19222691655158997,-0.12698841094970703,-0.04821428284049034,-0.08718647062778473,0.11174216121435165,29.40830421447754,8.45536994934082,9.041834831237793,6.472693920135498,6.034462928771973,3.5968239307403564,2.0417635440826416,2.9444892406463623,1.7399108409881592,3.0384161472320557,0.7209898829460144,1.8541102409362793,1.34752357006073,0.06678640842437744,-0.15497897565364838,0.26081258058547974,-0.17715701460838318,-0.02327624335885048,0.07930304110050201,-0.08298593759536743,-0.009094632230699062,-0.08089745044708252,0.0005874481867067516,0.0909130647778511,-0.038789331912994385,0.009781131520867348,9.607372283935547,4.343498229980469,3.0594735145568848,3.7710750102996826,1.6412694454193115,1.0643349885940552,0.971163809299469,0.7021684646606445,0.9133235216140747,0.8110548257827759,0.5788401365280151,0.7661998867988586,0.38200637698173523
376C006E-3664-4056-80D0-7661F631A062-1436930593-1.1-m-26-hu.wav,hungry,-288.02081298828125,109.29205322265625,-64.03231048583984,30.97519874572754,-6.889059066772461,-20.273801803588867,10.69556713104248,-24.55097770690918,-2.1572964191436768,-0.7570211291313171,-17.61501121520996,2.369748592376709,-12.157421112060547,8842.8291015625,339.5099792480469,2495.48291015625,470.03265380859375,69.2298355102539,103.99095153808594,188.18081665039062,128.34848022460938,159.97911071777344,197.37510681152344,201.48800659179688,184.75401306152344,161.97093200683594,2.414933443069458,0.2631358802318573,-1.0860975980758667,0.3940553069114685,-0.07272125780582428,0.08382664620876312,0.350734680891037,-0.31867924332618713,0.10016875714063644,0.16688279807567596,-0.06368842720985413,0.2162744402885437,0.2206702083349228,92.1911849975586,7.906320571899414,28.646541595458984,4.379873275756836,2.071525812149048,3.068286657333374,2.9687259197235107,1.3021104335784912,4.547368049621582,6.157127380371094,5.557918548583984,4.466207981109619,5.38523530960083,-0.002124121878296137,-0.0990229994058609,0.07576248049736023,-0.15793882310390472,-0.0081766527146101,-0.030742324888706207,-0.09712927043437958,0.018052682280540466,-0.037971481680870056,-0.004339232109487057,0.01266773883253336,0.027037562802433968,0.0759265348315239,29.01845932006836,4.48428201675415,7.168097496032715,1.974935531616211,0.9117721915245056,1.0601487159729004,1.6789577007293701,0.5861251354217529,1.0762420892715454,1.1496577262878418,1.727054238319397,1.9846513271331787,1.1662362813949585
39180491-e076-4300-b5de-24e812dca6fe-1435708371348-1.7-f-04-hu.wav,hungry,-353.2322692871094,109.74098205566406,-75.72550201416016,31.696815490722656,-17.50569725036621,-34.41075134277344,14.942859649658203,-22.888486862182617,-7.000256061553955,1.9627255201339722,-17.292367935180664,-3.048454523086548,-14.437649726867676,6929.5400390625,2612.2548828125,747.9115600585938,231.153564453125,136.31231689453125,358.3330993652344,104.5926513671875,100.39734649658203,199.53175354003906,52.74352264404297,43.72858428955078,162.13389587402344,44.664695739746094,3.832139253616333,1.4553616046905518,-0.8102966547012329,0.45397233963012695,-0.3494737148284912,-0.7292906641960144,0.41451629996299744,-0.1290917694568634,-0.48902615904808044,0.1242789700627327,-0.16053585708141327,-0.3748781383037567,-0.08222294598817825,164.9213104248047,38.04670715332031,38.32480239868164,12.185931205749512,4.20492696762085,14.93506908416748,4.858676910400391,3.4450631141662598,5.83634614944458,2.0064260959625244,1.1504535675048828,5.238402843475342,1.3967258930206299,-0.0040200999937951565,-0.10100141167640686,0.17945748567581177,-0.26678746938705444,-0.0018789565656334162,-0.013143653981387615,-0.027036422863602638,0.22369484603405,-0.04284980520606041,0.05858922377228737,0.19289647042751312,-0.09461936354637146,-0.0061710551381111145,30.297622680664062,8.64631462097168,9.147711753845215,5.6605048179626465,1.4889754056930542,2.471953868865967,1.5636022090911865,1.7612252235412598,1.319118618965149,0.8949034810066223,0.9504334330558777,1.326494812965393,0.8077974319458008
3941D08C-5A97-48A4-8830-091D878137F6-1430099813-1.0-m-72-hu.wav,hungry,-179.32911682128906,134.89102172851562,-98.64994049072266,5.9124555587768555,-40.71904754638672,-31.278535842895508,31.54871940612793,-11.708395957946777,7.869461536407471,2.3994834423065186,-24.688461303710938,1.8622069358825684,-5.059883117675781,3202.61279296875,514.3291015625,470.3050537109375,371.0834045410156,393.7344665527344,172.0566864013672,183.61477661132812,106.8909912109375,75.81202697753906,68.54169464111328,119.34435272216797,82.83311462402344,119.04866027832031,2.212743043899536,0.5708885788917542,-0.6828653216362,0.35918912291526794,-0.4899492859840393,0.0249042771756649,0.4997591972351074,-0.265908420085907,0.07132773846387863,-0.024002796038985252,-0.29810386896133423,0.3963489532470703,0.5206793546676636,123.33480834960938,21.909006118774414,16.36618423461914,14.154977798461914,13.2649564743042,6.318082332611084,4.571086883544922,4.4578423500061035,2.5533978939056396,3.5067245960235596,3.92065691947937,3.2535510063171387,4.266029357910156,-0.3591655194759369,0.05446388199925423,0.49630388617515564,-0.05666013062000275,-0.26186925172805786,-0.12486441433429718,-0.1297554224729538,-0.05491475388407707,-0.09809903800487518,0.11486547440290451,0.11429093033075333,-0.03608807548880577,0.12047135829925537,34.323280334472656,8.628583908081055,7.1836371421813965,4.20560884475708,5.092472076416016,3.2480969429016113,2.180036783218384,1.688373327255249,0.9738444089889526,1.7696201801300049,1.4897533655166626,1.6588143110275269,1.7168362140655518
3941D08C-5A97-48A4-8830-091D878137F6-1430099826-1.0-m-72-hu.wav,hungry,-179.4318084716797,132.57908630371094,-114.93025970458984,29.330537796020508,-24.383272171020508,-22.610820770263672,31.95669937133789,-28.88430404663086,5.118452548980713,6.606897354125977,-23.643901824951172,6.837362766265869,-6.156887531280518,4908.1640625,604.5420532226562,970.4767456054688,663.3756103515625,341.6396179199219,80.11944580078125,87.73369598388672,107.7910385131836,76.25485229492188,100.34185028076172,131.41824340820312,143.81578063964844,109.59806823730469,-0.35489800572395325,-0.027270428836345673,-0.09470096230506897,-0.6880598664283752,-0.390125036239624,-0.09760526567697525,0.12290850281715393,0.3615820109844208,0.09947187453508377,0.037229329347610474,0.11065848171710968,0.0018472265219315886,0.009776817634701729,88.9666519165039,14.039966583251953,15.074822425842285,7.616403102874756,2.7222671508789062,2.46307373046875,2.6963610649108887,2.7480807304382324,3.3621742725372314,2.4599215984344482,3.2215516567230225,5.305184364318848,2.789555311203003,-0.9793789386749268,-0.4659113883972168,0.12897378206253052,-0.21357661485671997,0.11133501678705215,0.19816729426383972,0.04801125079393387,0.1726076900959015,0.046349067240953445,0.008033858612179756,-0.01895770989358425,-0.10829827189445496,0.04103967547416687,54.639503479003906,9.812779426574707,4.507394790649414,2.593285083770752,1.9464879035949707,1.9685664176940918,1.351054072380066,1.1312068700790405,0.8415283560752869,1.0821096897125244,1.4046366214752197,2.1968588829040527,1.073145866394043
3bb2445a-9ae9-4dc8-9a2e-86c696ffa405-1430122005544-1.7-m-26-hu.wav,hungry,-257.16461181640625,125.0271987915039,-54.0666618347168,17.450376510620117,-10.03698444366455,-33.35688400268555,-3.7846457958221436,-24.777185440063477,-7.19232177734375,-2.981661796569824,-22.066564559936523,-0.4454580247402191,-4.832459926605225,6398.78173828125,1110.5728759765625,529.2239379882812,323.4976806640625,192.0753173828125,179.86839294433594,140.3079376220703,229.3270263671875,62.65540313720703,47.74176788330078,65.43917846679688,94.81890869140625,50.77116775512695,3.4733476638793945,1.2525089979171753,-0.3179958164691925,0.3702855706214905,0.07530412077903748,-0.1862211674451828,-0.18632709980010986,-0.14493431150913239,0.17293228209018707,-0.10994677990674973,-0.05165642872452736,0.3820019066333771,-0.025940487161278725,117.95581817626953,23.85280418395996,17.76654052734375,10.291415214538574,4.607287883758545,6.221383094787598,3.491299629211426,6.458873271942139,2.37691068649292,1.6902204751968384,2.229395866394043,1.8337501287460327,1.4074490070343018,0.21234996616840363,-0.37030693888664246,0.21658629179000854,-0.15295563638210297,-0.01716560497879982,0.15569080412387848,-0.1406126767396927,0.008283352479338646,0.1430623084306717,-0.018595634028315544,-0.011390644125640392,0.07397712022066116,0.08443140238523483,41.873023986816406,5.317902565002441,5.172701358795166,3.6018073558807373,1.1968178749084473,2.7776641845703125,1.2311815023422241,1.4897738695144653,0.8143295645713806,0.6706919074058533,0.6306489109992981,0.6605094075202942,0.4978792667388916
3bb2445a-9ae9-4dc8-9a2e-86c696ffa405-1430122381138-1.7-m-26-hu.wav,hungry,-316.71429443359375,168.79502868652344,-102.23342895507812,43.96159362792969,-2.6653308868408203,-26.88377571105957,16.10822105407715,-38.44352722167969,-6.877721309661865,-0.22440756857395172,-24.409896850585938,8.163313865661621,-12.65785026550293,3550.982666015625,513.2129516601562,751.110107421875,217.3267059326172,65.18317413330078,38.44678497314453,144.84217834472656,64.48746490478516,60.0200080871582,42.43318557739258,54.32644271850586,32.450927734375,22.97594451904297,3.011988878250122,0.7551058530807495,-0.7186539173126221,0.6726929545402527,0.14380796253681183,-0.18635672330856323,0.1741977483034134,-0.16181296110153198,-0.015082941390573978,0.06758498400449753,0.07926283776760101,0.2769305408000946,0.03017895296216011,76.81855010986328,19.448415756225586,14.64454460144043,5.392603874206543,3.162990093231201,1.0967087745666504,2.7297775745391846,2.2354278564453125,1.6361807584762573,1.238430142402649,1.5552009344100952,0.5062721967697144,0.8081754446029663,-0.4908226430416107,-0.4391365051269531,0.39151719212532043,-0.09895966202020645,0.05817912891507149,0.07843701541423798,-0.042342934757471085,0.14979848265647888,-0.01018545962870121,0.060993507504463196,0.10201416909694672,-0.10680869966745377,0.05025532841682434,12.12719440460205,3.9328606128692627,4.121168613433838,1.4928635358810425,0.9290155172348022,0.7578685283660889,0.6507904529571533,0.8660589456558228,0.7337141633033752,0.5109492540359497,0.7055708169937134,0.5363388657569885,0.300365149974823
3bb2445a-9ae9-4dc8-9a2e-86c696ffa405-1430122479873-1.7-m-26-hu.wav,hungry,-332.6544494628906,140.93865966796875,-54.630916595458984,27.12917137145996,-16.52073860168457,-34.3856086730957,12.570056915283203,-20.720806121826172,-5.929795265197754,1.9810556173324585,-25.129981994628906,-6.653235912322998,-12.779829025268555,5681.4873046875,1218.066650390625,1002.0748901367188,569.7875366210938,404.2430725097656,256.48907470703125,119.59131622314453,109.5177230834961,65.31998443603516,66.07771301269531,48.175819396972656,43.423362731933594,40.44822311401367,1.6402981281280518,0.76227205991745,-0.10083277523517609,0.645100474357605,-0.11038713157176971,-0.4086991250514984,0.06960176676511765,-0.18454934656620026,-0.07683901488780975,0.041489675641059875,-0.1467422991991043,0.1149231418967247,0.11105689406394958,75.3983154296875,28.648818969726562,17.150663375854492,32.87068176269531,11.833078384399414,6.953750133514404,3.8182590007781982,3.2747390270233154,1.7467446327209473,2.3586790561676025,1.1925697326660156,2.1873550415039062,1.6069687604904175,-0.3571949899196625,-0.20862384140491486,0.03562736138701439,-0.10108653455972672,-0.0738900750875473,-0.019567063078284264,-0.018919935449957848,0.09387914091348648,0.018392113968729973,-0.04512009397149086,0.05440600961446762,0.04690789058804512,0.058452293276786804,18.101037979125977,7.240748405456543,7.783679008483887,7.072713851928711,2.3657407760620117,1.526458740234375,1.60458505153656,0.8845289349555969,0.6168299317359924,1.1282250881195068,0.5569762587547302,0.8782058358192444,0.2484326809644699
3bb2445a-9ae9-4dc8-9a2e-86c696ffa405-1430123758633-1.7-m-26-hu.wav,hungry,-267.3386535644531,134.76400756835938,-115.67758178710938,46.35695266723633,-8.263748168945312,-41.8506965637207,21.743488311767578,-27.347793579101562,-8.33860969543457,3.3401196002960205,-25.656646728515625,4.191771984100342,-3.677450656890869,5027.80029296875,533.9293823242188,2887.46533203125,209.2432861328125,187.42596435546875,120.73165130615234,228.50901794433594,163.34014892578125,103.4500732421875,94.1861801147461,114.8061752319336,131.10031127929688,109.41738891601562,1.6903201341629028,0.8919257521629333,-0.22695772349834442,0.10817993432283401,-0.3993368446826935,-0.3118157684803009,0.22755570709705353,-0.043641597032547,0.08283831179141998,0.2357272356748581,-0.16961200535297394,-0.14605659246444702,-0.15436160564422607,108.43134307861328,20.183807373046875,35.6560173034668,6.315357685089111,3.5422399044036865,3.717155694961548,4.401541709899902,5.693386554718018,2.347069025039673,2.20626163482666,3.772068500518799,3.7337493896484375,3.7572927474975586,-1.8153632879257202,-0.4789664149284363,1.016653299331665,0.0387130044400692,0.2550903558731079,0.1972452998161316,-0.26174402236938477,0.09910675883293152,-0.0763920247554779,-0.12239976972341537,0.06501058489084244,-0.06776624917984009,0.15717972815036774,63.91408920288086,6.267345905303955,21.91537857055664,1.848597764968872,1.2787097692489624,1.914154052734375,1.6046959161758423,1.5366876125335693,0.9693343043327332,0.9276551008224487,0.9689311385154724,1.447824478149414,2.1167685985565186
3bb2445a-9ae9-4dc8-9a2e-86c696ffa405-1430124221551-1.7-m-26-hu.wav,hungry,-241.77285766601562,134.82199096679688,-130.51121520996094,42.65238952636719,-20.173269271850586,-43.62858581542969,21.354787826538086,-29.350793838500977,4.728928089141846,4.1874871253967285,-30.0528507232666,9.998749732971191,-1.4963784217834473,7289.17236328125,735.0802001953125,2343.502197265625,255.4959259033203,116.35839080810547,162.47463989257812,183.03285217285156,98.75283813476562,99.75285339355469,50.8194694519043,85.52251434326172,101.3934097290039,52.635528564453125,5.322103500366211,1.066402792930603,-1.695334553718567,0.2269631177186966,-0.3782038986682892,-0.21971453726291656,0.34490102529525757,-0.19900508224964142,0.2165512591600418,-0.11389057338237762,-0.2736216187477112,0.33577635884284973,0.05822070688009262,333.3695068359375,33.98176956176758,91.29071807861328,7.885404586791992,6.476251602172852,8.926630973815918,5.193866729736328,2.9332282543182373,4.596060752868652,1.918607234954834,4.008010387420654,4.35695219039917,2.333379030227661,-0.8317911028862,-0.8270975351333618,0.7735185027122498,-0.28358593583106995,-0.05816585570573807,0.2757420241832733,-0.14138168096542358,-0.0035038627684116364,-0.0855526551604271,0.05779574438929558,0.2830321490764618,0.031320348381996155,0.058178216218948364,50.02899932861328,10.72766399383545,21.4476375579834,2.6784791946411133,2.571749448776245,3.162060022354126,1.652854561805725,1.2522741556167603,1.2032040357589722,1.1492524147033691,1.4927767515182495,1.5755261182785034,0.9968815445899963
3bb2445a-9ae9-4dc8-9a2e-86c696ffa405-1430142760958-1.7-m-26-hu.wav,hungry,-251.89239501953125,111.59513854980469,-111.93907928466797,21.600229263305664,-14.046825408935547,-38.01197814941406,8.971156120300293,-24.550424575805664,2.5784502029418945,4.32999849319458,-23.832441329956055,6.422865867614746,0.45101386308670044,7486.59228515625,631.2015380859375,2277.6376953125,575.1337280273438,130.42124938964844,84.94025421142578,207.65992736816406,205.58827209472656,42.986637115478516,59.23313903808594,55.96224594116211,129.13648986816406,66.54176330566406,4.559858322143555,1.274680256843567,-2.105720281600952,0.29058536887168884,0.22601474821567535,-0.15446530282497406,0.09798896312713623,-0.4171786904335022,0.03424090892076492,-0.06915045529603958,-0.35172945261001587,0.13130255043506622,0.008228512480854988,167.39170837402344,17.806777954101562,46.902950286865234,15.02091121673584,2.634544610977173,3.272142171859741,4.660143852233887,4.284807205200195,1.2689831256866455,1.7353439331054688,2.3684723377227783,4.513651371002197,2.4477577209472656,-0.144684299826622,-0.20046314597129822,0.06294361501932144,-0.15724076330661774,-0.00937657430768013,0.121963731944561,-0.004958197008818388,0.031270917505025864,0.019859468564391136,-0.0032618597615510225,-0.03707123547792435,-0.03888209909200668,0.050679098814725876,11.1962251663208,2.217968225479126,4.564021587371826,2.655982494354248,1.157683253288269,0.8757100105285645,1.0431997776031494,0.672698974609375,0.553152322769165,0.7337518334388733,0.4970807433128357,1.1995729207992554,1.1676840782165527
3bb2445a-9ae9-4dc8-9a2e-86c696ffa405-1430142784308-1.7-m-26-hu.wav,hungry,-209.2840118408203,111.58467102050781,-132.3523712158203,57.92926025390625,-22.5328311920166,-62.35927963256836,20.17569351196289,-32.25414276123047,-4.490450859069824,16.049802780151367,-23.837804794311523,3.201408863067627,4.273940563201904,4959.49462890625,813.3458251953125,1416.5440673828125,391.636962890625,195.15008544921875,159.00901794433594,149.1365203857422,163.18418884277344,128.92906188964844,66.89794158935547,82.00923156738281,151.40066528320312,115.00330352783203,2.109748363494873,0.33560672402381897,-1.1503381729125977,0.4329693615436554,-0.05503982678055763,-0.1509760618209839,0.37565183639526367,-0.260583758354187,-0.19432507455348969,-0.057393889874219894,-0.13937179744243622,0.08220303058624268,-0.051978517323732376,233.3769989013672,36.27043914794922,40.039039611816406,10.701252937316895,5.181769847869873,6.849167346954346,5.67721700668335,5.338778495788574,3.7709529399871826,3.5486416816711426,4.213006019592285,5.544952392578125,3.9989821910858154,-0.8516566753387451,-0.30888599157333374,0.32396379113197327,-0.1807578206062317,-0.11211179941892624,0.05902942642569542,-0.03998973220586777,0.1620844602584839,0.19473116099834442,0.12264980375766754,0.15269488096237183,0.0019369068322703242,-0.10930226743221283,56.101837158203125,9.644332885742188,9.59739875793457,2.812291145324707,1.4267700910568237,1.6544846296310425,1.56857168674469,1.1802690029144287,1.1301064491271973,0.9319822192192078,1.5226531028747559,1.220504641532898,1.40973699092865
3bb2445a-9ae9-4dc8-9a2e-86c696ffa405-1430146536552-1.7-m-26-hu.wav,hungry,-264.68914794921875,137.57069396972656,-134.5386199951172,42.000160217285156,-19.141620635986328,-41.80075454711914,22.319032669067383,-34.848052978515625,-0.964016854763031,3.6027636528015137,-29.42471694946289,8.601675033569336,-8.492096900939941,4552.32861328125,748.5967407226562,1007.3732299804688,320.285400390625,177.8892364501953,146.22390747070312,123.83097076416016,81.94499206542969,94.65470886230469,57.083988189697266,84.7044448852539,97.20843505859375,52.474090576171875,0.31460362672805786,0.1444757729768753,0.02074332907795906,0.21311114728450775,0.0978553369641304,-0.029192453250288963,-0.15523993968963623,-0.13049830496311188,0.16683422029018402,0.1366395801305771,0.00680222362279892,0.01887313276529312,-0.08259876072406769,275.37176513671875,39.57986068725586,51.25457763671875,12.71897029876709,7.951572418212891,4.812112331390381,5.99892520904541,2.325240135192871,3.9388914108276367,2.825162172317505,3.217404365539551,3.965273380279541,1.6891372203826904,-0.43313583731651306,-0.2098439782857895,-0.010481921024620533,-0.08756455034017563,0.19943265616893768,0.007595904171466827,-0.22518448531627655,0.06564375758171082,0.05445965379476547,-0.12251026183366776,-0.0930914357304573,-0.037784453481435776,0.02851909212768078,65.24552154541016,12.936674118041992,12.345739364624023,4.217691421508789,2.47794771194458,1.6318742036819458,1.229702353477478,1.3031014204025269,1.998105525970459,1.1803498268127441,1.5921056270599365,1.2500436305999756,0.8083730936050415
3BF71DAF-2A9E-4355-89D3-41AC37E94083-1437281306-1.1-f-26-hu.wav,hungry,-475.6754455566406,174.98109436035156,-103.32640838623047,50.303749084472656,-17.367277145385742,-35.47430419921875,32.49745559692383,-25.703529357910156,-12.063886642456055,-8.101476669311523,-24.84587287902832,-2.8072688579559326,-21.01225471496582,1889.697021484375,218.17698669433594,255.3262939453125,150.12049865722656,205.9940948486328,293.59466552734375,114.85066223144531,43.49357604980469,19.13800811767578,35.01134490966797,14.4779691696167,16.402755737304688,30.294038772583008,0.9097902774810791,0.3106371760368347,-0.6308484077453613,0.3655557930469513,-0.3869096040725708,-0.5571104884147644,0.32118716835975647,0.05510331317782402,0.0019717784598469734,0.054852139204740524,0.023732570931315422,0.027083823457360268,-0.23490141332149506,53.083370208740234,7.0257134437561035,6.801142692565918,2.759364366531372,4.945279598236084,8.04389762878418,2.0536398887634277,1.096303939819336,0.5960096120834351,0.6143525838851929,0.48146235942840576,0.5546078681945801,0.6036837697029114,-0.08046166598796844,-0.09390696883201599,0.3234400451183319,-0.01749393157660961,0.1753220111131668,0.26449233293533325,-0.04108557477593422,0.04220036417245865,0.07666753977537155,0.10543655604124069,0.07684115320444107,0.011677891947329044,0.09680086374282837,17.294191360473633,2.3983592987060547,2.62931752204895,1.5385501384735107,1.7907845973968506,3.911569833755493,0.5699329376220703,0.462058424949646,0.3355221450328827,0.4481253921985626,0.32725247740745544,0.25473955273628235,0.34264329075813293
3c0b4e07-33ec-4d68-a6b2-5f5dcb8cff8e-1430070829977-1.7-m-26-hu.wav,hungry,-242.3035430908203,160.1056365966797,-84.72834014892578,29.883508682250977,-31.758790969848633,-30.410728454589844,20.742717742919922,-33.51015853881836,0.5814098715782166,2.0646181106567383,-22.13674545288086,5.735404968261719,-10.83536434173584,2549.857177734375,366.11572265625,681.9761962890625,216.3614501953125,133.19252014160156,32.45673370361328,203.81761169433594,62.135501861572266,27.974658966064453,28.22500228881836,48.62930679321289,32.42288589477539,48.30803298950195,1.0661700963974,0.42860060930252075,0.15100568532943726,0.6303377151489258,-0.20319069921970367,0.06109028309583664,0.33726003766059875,-0.3664644658565521,-0.11519896984100342,0.008178962394595146,-0.23563458025455475,0.03470226377248764,0.11660867184400558,60.76533889770508,15.921497344970703,17.16362190246582,8.652379035949707,4.078514575958252,0.8924014568328857,7.2046027183532715,2.3007967472076416,1.0098633766174316,1.3961106538772583,1.5065577030181885,1.1126930713653564,1.4949595928192139,-0.8563727736473083,-0.3070661127567291,0.21779514849185944,-0.167336568236351,0.09779281169176102,0.04216637834906578,-0.08548622578382492,0.1561339795589447,0.021970665082335472,-0.007827585563063622,0.04979447275400162,-0.03188614547252655,0.02045614831149578,28.39415740966797,5.471240043640137,9.229348182678223,2.6579606533050537,1.6401044130325317,0.5430492758750916,2.095477342605591,0.9592096209526062,0.5053186416625977,0.5761586427688599,0.4409131109714508,0.500439465045929,0.28130343556404114
3c51dedc-6e4c-47dd-a179-86a25e95f1ef-1430651019625-1.7-m-04-hu.wav,hungry,-238.45616149902344,149.11505126953125,-72.31555938720703,-4.835134506225586,-6.705617904663086,-14.563019752502441,3.806870222091675,-24.573200225830078,-2.037205696105957,-0.4156774878501892,-21.96763801574707,-1.934208631515503,-5.053878307342529,4845.515625,870.0180053710938,3335.80078125,1072.1173095703125,459.611328125,457.03155517578125,296.13885498046875,231.3521270751953,116.49376678466797,70.39476776123047,117.56986236572266,101.68643951416016,114.43313598632812,1.0244718790054321,1.1744976043701172,0.4004286825656891,-0.011033481918275356,0.41504141688346863,0.3493996560573578,-0.38520318269729614,-0.2917872369289398,0.3289255201816559,0.18911860883235931,-0.2919730842113495,-0.287962406873703,-0.12932436168193817,168.0673065185547,23.161479949951172,129.92169189453125,41.92148971557617,20.206951141357422,11.247543334960938,8.376384735107422,9.142343521118164,3.580615997314453,3.9540209770202637,3.202261447906494,3.7824695110321045,2.6875405311584473,-1.3563071489334106,-0.433081716299057,0.6053506731987,-0.08012951910495758,0.21573027968406677,0.3955555260181427,-0.008036091923713684,0.024581752717494965,-0.08111143857240677,-0.08406703174114227,0.10537639260292053,0.07238414138555527,0.08593040704727173,50.694480895996094,10.648343086242676,16.613924026489258,13.851178169250488,6.769073486328125,2.7786476612091064,2.281144857406616,2.6513619422912598,1.1440776586532593,1.3685245513916016,1.4570603370666504,1.3151867389678955,1.7338544130325317
3c51dedc-6e4c-47dd-a179-86a25e95f1ef-1430651049104-1.7-m-72-hu.wav,hungry,-299.1890563964844,123.67923736572266,-45.654293060302734,-7.433196544647217,-6.587965488433838,-13.120840072631836,-6.137350082397461,-24.885068893432617,-5.1485981941223145,-3.722134828567505,-18.07911491394043,-1.0752582550048828,0.2514878511428833,8298.2509765625,1617.2532958984375,2279.785888671875,986.7863159179688,192.02114868164062,236.14425659179688,157.425048828125,282.4779968261719,78.26300811767578,163.01434326171875,107.00345611572266,249.44082641601562,344.76116943359375,2.301168441772461,1.0489498376846313,-0.5665000677108765,-0.6618212461471558,-0.03132949024438858,0.08281276375055313,-0.21057458221912384,-0.13140732049942017,0.22905834019184113,0.11038151383399963,-0.28954261541366577,-0.21764473617076874,-0.1232173964381218,246.6476287841797,68.81812286376953,79.3685531616211,29.960025787353516,9.288691520690918,7.2099289894104,5.589825630187988,8.000900268554688,4.47145414352417,7.661915302276611,3.8910012245178223,4.986941814422607,7.791860580444336,-0.6131147146224976,-0.5667092800140381,0.39225253462791443,-0.09757760167121887,0.06896547228097916,0.12835974991321564,-0.04105191305279732,0.1605706661939621,-0.006184443365782499,-0.023646032437682152,0.07947169989347458,-0.057504430413246155,0.012632879428565502,66.73345184326172,25.213163375854492,12.018643379211426,9.463624000549316,3.646697759628296,3.2796497344970703,1.8576844930648804,1.662814974784851,1.5775479078292847,1.7961543798446655,1.5487474203109741,1.56498122215271,2.1034553050994873
3d3e244d-20b1-4ec3-9732-92dcd14ff35a-1436961241219-1.7-m-72-hu.wav,hungry,-205.4610595703125,216.68560791015625,-36.46766662597656,43.07969284057617,-1.2040455341339111,-15.696101188659668,21.542715072631836,-20.937639236450195,-5.214303970336914,-1.3141615390777588,-15.583603858947754,0.8634051084518433,-12.50571346282959,6495.33837890625,2335.60498046875,1152.3680419921875,440.74468994140625,109.30968475341797,70.67477416992188,104.17288208007812,55.638465881347656,29.816572189331055,46.07106399536133,31.267412185668945,44.06725311279297,97.17662048339844,4.499183177947998,2.148268461227417,-0.8282176852226257,0.053756408393383026,-0.03988581895828247,-0.02037482149899006,0.10652576386928558,-0.3507765829563141,0.06928841769695282,0.06519785523414612,-0.13604697585105896,0.1924164891242981,-0.09175124764442444,303.1318359375,45.91690444946289,66.55184936523438,12.891755104064941,2.685741901397705,1.7174614667892456,4.113683700561523,3.0743613243103027,0.8395169973373413,1.4889373779296875,1.3513556718826294,1.2689032554626465,2.5403897762298584,-0.4685136377811432,-0.4120091497898102,0.37637394666671753,-0.06067556142807007,0.02848992496728897,0.12372567504644394,-0.15782895684242249,-0.028739120811223984,0.06878950446844101,0.02095489762723446,0.03733886033296585,0.07443349063396454,0.06356950849294662,44.500980377197266,7.6835527420043945,12.337966918945312,3.7282326221466064,0.9798202514648438,0.8542108535766602,0.5461921095848083,0.7364403009414673,0.5182272791862488,0.405711829662323,0.27323272824287415,0.7022812962532043,0.5489679574966431
3DF341FA-E90B-4335-A51A-A9B0769150CE-1436859277-1.1-m-04-hu.wav,hungry,-298.7933044433594,124.21836853027344,-77.5227279663086,47.35064697265625,-4.421040058135986,-21.880420684814453,9.93979263305664,-32.0543212890625,1.4604002237319946,-9.859762191772461,-34.09516525268555,1.205372929573059,-13.52824592590332,3469.314208984375,77.5091781616211,939.5435791015625,582.7988891601562,81.81503295898438,106.63721466064453,209.6680450439453,75.78997039794922,217.11949157714844,76.91944122314453,46.915252685546875,182.53025817871094,24.860980987548828,-1.6256362199783325,0.11745205521583557,0.45940765738487244,-0.8090436458587646,0.19815269112586975,-0.12732359766960144,-0.2890714704990387,0.20893073081970215,-0.27282044291496277,-0.04468658193945885,0.055358223617076874,-0.32979580760002136,0.05329490825533867,14.616791725158691,2.279658317565918,6.581081867218018,3.9966864585876465,3.2116358280181885,3.212472438812256,1.6961454153060913,1.539523959159851,1.7870758771896362,1.6590224504470825,1.5433443784713745,1.7342915534973145,0.8568371534347534,-0.014839463867247105,-0.3291991949081421,-0.049818769097328186,-0.009157621301710606,-0.02857879549264908,0.13414032757282257,-0.03432304039597511,-0.019636930897831917,-0.022449711337685585,-0.03450795263051987,0.04459927976131439,0.03477228060364723,0.09546978771686554,1.9128259420394897,1.974658727645874,0.7214916348457336,1.0025652647018433,0.44649508595466614,0.5236482620239258,0.6936254501342773,0.47452399134635925,0.37150144577026367,0.3130648136138916,0.3794555962085724,0.42163655161857605,0.3788410723209381
3DF341FA-E90B-4335-A51A-A9B0769150CE-1436859328-1.1-m-04-hu.wav,hungry,-267.1624450683594,115.77493286132812,-76.46969604492188,50.779659271240234,0.006946020759642124,-12.885748863220215,14.414180755615234,-34.98332214355469,4.476109504699707,-5.902918815612793,-35.43729782104492,1.8753670454025269,-13.575033187866211,2610.174560546875,44.32416534423828,1110.5594482421875,461.3252868652344,92.50605773925781,39.67329406738281,178.6004638671875,176.65521240234375,191.60536193847656,120.94252014160156,53.93064880371094,194.64378356933594,32.3255615234375,-1.2491061687469482,0.06042219698429108,0.8995051383972168,-0.2608659863471985,-0.04251180589199066,-0.21731072664260864,-0.17857295274734497,0.2452080249786377,-0.24494676291942596,0.0346142016351223,0.19426801800727844,-0.28272268176078796,-0.09614867717027664,46.0994987487793,1.2147687673568726,27.266902923583984,5.224913120269775,3.611661195755005,1.6977956295013428,2.834855794906616,4.276235103607178,4.962575912475586,2.8745715618133545,2.0868613719940186,3.460573673248291,1.2785780429840088,0.5511605143547058,-0.03099726140499115,-0.4674174189567566,0.0077437288127839565,-0.010749385692179203,0.06113473325967789,0.00647602416574955,-0.10243692994117737,0.16378280520439148,0.05892390385270119,-0.031437598168849945,0.12862959504127502,0.10515229403972626,7.2075934410095215,0.4973556697368622,4.66029167175293,0.6590238809585571,0.8462066650390625,0.41466742753982544,0.6638801693916321,0.7719389200210571,1.168144702911377,0.7796218395233154,0.4693758487701416,0.5428373217582703,0.5130208134651184
40a4c760-facf-4911-b0a6-22eccc3ab18d-1430466164038-1.7-f-26-hu.wav,hungry,-243.54917907714844,152.27638244628906,-89.55587005615234,49.059715270996094,-18.6273193359375,-10.991440773010254,35.21583557128906,-29.865272521972656,2.9055733680725098,-10.719778060913086,-23.005277633666992,13.5540771484375,-25.206830978393555,2702.525634765625,443.9105224609375,651.425048828125,293.87506103515625,206.80418395996094,98.52318572998047,128.12631225585938,118.7614517211914,39.48176574707031,60.804473876953125,66.38996887207031,44.65314483642578,48.73452377319336,2.4998929500579834,0.5397101640701294,-0.49659985303878784,0.27221396565437317,-0.3031913936138153,0.05941534414887428,0.21393871307373047,-0.16630788147449493,0.16757920384407043,0.11458256840705872,-0.08559294044971466,0.019584471359848976,0.024362320080399513,143.7699432373047,20.80001449584961,31.870641708374023,5.611146926879883,9.115199089050293,4.908566951751709,7.157439708709717,3.566263437271118,0.9450170397758484,1.5706783533096313,2.392707109451294,1.4655457735061646,1.3579710721969604,-0.367257297039032,-0.5495955944061279,0.36166852712631226,-0.03071477636694908,-0.07046952843666077,0.24453459680080414,-0.017477544024586678,0.07948999106884003,-0.02470025047659874,-0.19523610174655914,-0.05653836205601692,-0.03016996942460537,0.057184167206287384,23.900726318359375,3.871412992477417,5.621431827545166,1.9470911026000977,3.000688314437866,1.899972677230835,1.5733871459960938,1.3227710723876953,0.427898108959198,1.0243834257125854,0.9909153580665588,0.48070594668388367,0.7522003650665283
40a4c760-facf-4911-b0a6-22eccc3ab18d-1430466176951-1.7-f-26-hu.wav,hungry,-290.5001220703125,192.19300842285156,-112.1086654663086,70.18344116210938,-16.0035343170166,-17.414127349853516,34.367374420166016,-42.03428268432617,6.632335186004639,-7.2313714027404785,-28.197006225585938,9.788007736206055,-28.185489654541016,713.8826293945312,142.0187225341797,182.1032257080078,101.2929916381836,52.202152252197266,77.30775451660156,48.384620666503906,47.66523742675781,48.16461944580078,83.62256622314453,43.810386657714844,30.09231948852539,32.200740814208984,1.0413748025894165,0.27940449118614197,-0.13868623971939087,0.0656733289361,-0.22029246389865875,-0.07504577189683914,0.12149383872747421,0.0274432972073555,0.08434923738241196,0.0031174675095826387,-0.18572287261486053,-0.10905034840106964,-0.022708091884851456,18.54310417175293,4.464469909667969,5.362984657287598,2.9942498207092285,2.005601644515991,3.8678267002105713,1.5976176261901855,2.168879985809326,1.6577695608139038,2.7724967002868652,1.784299612045288,1.074657917022705,0.8938098549842834,-0.6247623562812805,-0.25229066610336304,0.31138983368873596,-0.22180095314979553,0.10527316480875015,0.045418642461299896,-0.14842526614665985,0.128536656498909,-0.12803322076797485,-0.00920310989022255,0.15398921072483063,-0.04383569210767746,0.06811951845884323,12.00004768371582,2.2386975288391113,3.40586256980896,1.7771984338760376,0.712053656578064,1.2032209634780884,0.7742425799369812,0.8160086870193481,1.0435903072357178,0.961400032043457,0.7803183794021606,0.5969478487968445,0.36537909507751465
40a4c760-facf-4911-b0a6-22eccc3ab18d-1430466393384-1.7-f-26-hu.wav,hungry,-182.4566192626953,157.42796325683594,-77.47435760498047,34.32725143432617,-51.822052001953125,-38.852455139160156,20.228464126586914,-35.46439743041992,5.539128303527832,-8.488724708557129,-31.238187789916992,11.635537147521973,-14.96769905090332,4064.65869140625,580.0134887695312,739.441650390625,167.67686462402344,293.707275390625,186.37527465820312,89.4764404296875,89.2651596069336,162.23167419433594,65.29658508300781,192.14891052246094,245.67002868652344,99.05360412597656,2.186190605163574,0.11183345317840576,-0.8529748320579529,0.34276774525642395,-0.5494950413703918,-0.2468414306640625,0.10075897723436356,-0.2596893310546875,0.17817845940589905,0.21250900626182556,0.3570486307144165,0.4681771397590637,-0.12443497031927109,56.978302001953125,10.452831268310547,12.426251411437988,2.922163248062134,4.446084976196289,6.065418720245361,3.038459539413452,2.5332391262054443,5.26002311706543,2.25457501411438,4.685041904449463,4.083017826080322,3.817330837249756,-0.5202867984771729,-0.21452412009239197,0.5370128154754639,-0.1270432323217392,-0.023647772148251534,0.11022540181875229,-0.21289582550525665,0.13105592131614685,0.10200940817594528,0.07607235014438629,0.15426822006702423,-0.04426301270723343,0.017899001017212868,22.763134002685547,4.513693332672119,5.191788673400879,1.0582488775253296,2.0116047859191895,2.073669910430908,0.9743911027908325,0.8375230431556702,1.8405065536499023,0.9877933859825134,0.9174338579177856,0.9032803177833557,1.4407947063446045
40a4c760-facf-4911-b0a6-22eccc3ab18d-1430477691332-1.7-f-26-hu.wav,hungry,-134.9409942626953,152.42161560058594,-75.22753143310547,43.12517547607422,-27.05292320251465,-15.538243293762207,29.96641731262207,-35.369171142578125,0.5975996255874634,-5.231716156005859,-23.884328842163086,9.332488059997559,-19.38482093811035,4215.42138671875,1542.1285400390625,2231.95068359375,1077.0992431640625,366.95184326171875,280.4934387207031,343.8064270019531,130.93055725097656,234.64279174804688,56.60222244262695,53.596839904785156,127.95646667480469,103.99755096435547,2.371819019317627,0.6570428013801575,-0.16068588197231293,0.9339082837104797,0.5048359632492065,-0.41204720735549927,-0.04756155237555504,0.16259782016277313,-0.41041645407676697,-0.3502199649810791,-0.01923116110265255,-0.04308374226093292,-0.08683131635189056,109.18892669677734,36.11164855957031,93.54634857177734,51.423282623291016,16.75586700439453,12.175920486450195,15.478002548217773,5.07802677154541,6.970574378967285,2.2072536945343018,2.1668567657470703,5.2622880935668945,3.5006425380706787,-0.23970413208007812,-0.726418137550354,0.17427614331245422,0.3036443293094635,0.28267425298690796,-0.07894635945558548,-0.3124464750289917,0.15288056433200836,0.062307510524988174,-0.07475951313972473,0.10617279261350632,0.01754014380276203,-0.0123102106153965,45.85769271850586,10.82395076751709,22.437847137451172,13.382497787475586,5.376014709472656,3.7031705379486084,4.3778839111328125,1.5419658422470093,2.1222262382507324,0.6540091633796692,0.8049426674842834,1.9624404907226562,1.109544277191162
40a4c760-facf-4911-b0a6-22eccc3ab18d-1430477717469-1.7-f-26-hu.wav,hungry,-129.46778869628906,123.03833770751953,-127.08320617675781,72.6676025390625,-24.1060848236084,-28.74215316772461,36.65726089477539,-37.34297180175781,6.055062770843506,-7.40932035446167,-28.63290023803711,18.31476593017578,-21.62059211730957,2184.362548828125,903.538330078125,1200.0191650390625,901.9207153320312,213.9927520751953,106.09138488769531,280.84521484375,102.35062408447266,196.38092041015625,72.05760955810547,74.92955780029297,105.85633087158203,104.35002136230469,0.03355768695473671,-0.3193112313747406,0.08564694225788116,0.33685433864593506,-0.009536266326904297,-0.12311329692602158,-0.25088149309158325,0.11522334814071655,0.16106517612934113,-0.09527265280485153,0.024114953354001045,0.10181208699941635,-0.09685134887695312,50.895755767822266,25.740253448486328,37.904720306396484,20.09201431274414,6.927411079406738,2.8977599143981934,7.675501823425293,4.203638553619385,3.469456195831299,3.1652464866638184,3.272040605545044,2.7031099796295166,4.7026777267456055,-1.209195852279663,-0.4699152708053589,0.7082709670066833,0.018419375643134117,0.026505809277296066,-0.023325681686401367,-0.3164134919643402,0.11345606297254562,-0.10266073793172836,-0.012461507692933083,0.16084560751914978,-0.0657212883234024,0.05066871643066406,63.964595794677734,5.050110340118408,26.887428283691406,6.248998165130615,1.872727632522583,1.49521803855896,3.3750593662261963,1.0745787620544434,0.8852881789207458,0.6353054046630859,1.1019946336746216,1.1386921405792236,1.332971215248108
40a4c760-facf-4911-b0a6-22eccc3ab18d-1430477726097-1.7-f-26-hu.wav,hungry,-144.4750518798828,102.88671112060547,-129.34445190429688,76.86852264404297,-30.684539794921875,-30.019287109375,35.26576232910156,-37.902069091796875,13.13786506652832,-10.758749961853027,-32.03273391723633,23.942354202270508,-20.03888702392578,2229.374755859375,876.5748291015625,1277.6641845703125,574.7754516601562,160.6752471923828,74.8226547241211,230.1659393310547,83.6459732055664,411.1263427734375,40.93901824951172,53.29108428955078,204.59852600097656,113.34408569335938,3.2372210025787354,-0.21501648426055908,-1.6664432287216187,0.7502322196960449,0.06354852765798569,0.06188955530524254,0.08366898447275162,-0.09206368029117584,0.49329468607902527,-0.12920314073562622,0.086087167263031,0.3694535195827484,-0.40693798661231995,120.35357666015625,22.447385787963867,47.665775299072266,16.398971557617188,4.743008136749268,1.7698804140090942,5.676520347595215,2.369035482406616,6.368052959442139,1.5971918106079102,2.6800315380096436,4.0767316818237305,2.7900495529174805,-0.4556087255477905,-0.6345314979553223,0.2509636878967285,-0.02116457372903824,0.15948528051376343,0.05078911781311035,-0.18865230679512024,0.16646085679531097,-0.08624837547540665,-0.037143100053071976,0.11290130019187927,-0.11258835345506668,0.0719444528222084,12.34708309173584,4.686813831329346,5.739195346832275,2.570190668106079,2.158724069595337,0.6617718935012817,2.4724345207214355,0.9057837724685669,1.1526505947113037,0.6445010900497437,0.5738683938980103,0.42304423451423645,0.6778629422187805
40a4c760-facf-4911-b0a6-22eccc3ab18d-1430477756469-1.7-f-26-hu.wav,hungry,-171.73239135742188,144.93186950683594,-114.9778823852539,80.3386001586914,-40.89143371582031,-31.7969970703125,41.24290084838867,-43.44028091430664,4.171754360198975,-11.394614219665527,-24.672069549560547,19.862398147583008,-31.81580924987793,2004.3548583984375,458.6456604003906,608.4393310546875,713.780517578125,146.19052124023438,72.09526824951172,82.37105560302734,87.0174560546875,136.7688751220703,51.22443771362305,29.446086883544922,91.86012268066406,137.08834838867188,0.5937368273735046,0.36062073707580566,0.016275670379400253,-0.3317067623138428,-0.45569103956222534,-0.02475873939692974,0.4850773811340332,-0.05035310983657837,-0.2595604360103607,0.3563452363014221,-0.019481848925352097,-0.07658222317695618,0.4869081974029541,47.72047805786133,14.643156051635742,19.019535064697266,12.086142539978027,3.3811135292053223,3.1392693519592285,2.792442798614502,2.8739848136901855,3.418987274169922,1.551430106163025,0.9263169169425964,2.4256539344787598,4.094200611114502,-0.8409812450408936,-0.5656344890594482,0.32843834161758423,0.086148701608181,-0.02633332647383213,-0.15102830529212952,-0.08689296990633011,0.20568521320819855,0.0028794417157769203,-0.03481719270348549,0.07024521380662918,-0.03881416469812393,-0.005409889854490757,32.51409912109375,6.688559532165527,8.356579780578613,2.3268659114837646,1.3091131448745728,1.4591070413589478,0.6848914623260498,1.1573805809020996,0.5709964036941528,0.41815558075904846,0.3716422915458679,0.707334578037262,0.5614944696426392
40a4c760-facf-4911-b0a6-22eccc3ab18d-1430477780076-1.7-f-26-hu.wav,hungry,-120.8034896850586,152.57504272460938,-116.09813690185547,49.36880874633789,-38.398990631103516,-22.93563461303711,33.355438232421875,-43.10127258300781,10.814244270324707,-5.452965259552002,-30.70576286315918,20.13563346862793,-18.764801025390625,4626.6806640625,554.5394287109375,1888.2344970703125,468.37603759765625,75.06258392333984,88.21495056152344,127.34104919433594,161.98716735839844,396.3321838378906,101.40689086914062,89.28056335449219,176.61636352539062,108.1614990234375,0.8381745219230652,1.093441367149353,0.530194878578186,-0.18212643265724182,0.02518833987414837,0.013603201135993004,-0.10816965997219086,0.2681637704372406,0.18819062411785126,-0.15669243037700653,-0.36189350485801697,-0.38926202058792114,-0.08326013386249542,108.24638366699219,25.3653507232666,50.01607131958008,15.25377368927002,2.63590145111084,2.708322763442993,7.945075035095215,5.1145172119140625,9.93566608428955,3.350698232650757,4.107597827911377,4.564248561859131,3.185462474822998,-0.6421210765838623,-0.31045693159103394,0.3184855878353119,0.10292885452508926,0.10436513274908066,-0.07967489957809448,-0.25942927598953247,-0.09980182349681854,-0.06131298467516899,0.14320321381092072,0.15078489482402802,-0.06713847815990448,-0.07419288158416748,31.801319122314453,6.649933338165283,12.032378196716309,4.1352219581604,1.186221718788147,1.888504147529602,1.9353959560394287,1.8051801919937134,2.096108913421631,2.349277973175049,2.039156436920166,0.9075028300285339,1.2680602073669434
415d69b4-6d84-4bf8-97b0-10f8f108dc1d-1430739498797-1.7-m-04-hu.wav,hungry,-421.22564697265625,226.527099609375,-125.54095458984375,39.245357513427734,-19.56500816345215,-24.666194915771484,29.749317169189453,-40.355472564697266,3.5731029510498047,3.2250311374664307,-24.431236267089844,13.108100891113281,-14.365976333618164,838.2193603515625,195.7411651611328,83.89842987060547,202.39894104003906,62.63140869140625,32.5865592956543,77.15660095214844,86.51132202148438,41.481719970703125,25.850988388061523,26.207176208496094,20.3116397857666,16.87150001525879,1.441156268119812,0.49174532294273376,-0.08150060474872589,0.23301798105239868,-0.13888926804065704,-0.05058691278100014,0.07460853457450867,-0.1472911238670349,-0.23537805676460266,0.0024015954695641994,0.06899147480726242,-0.0885847881436348,-0.0880901962518692,22.729087829589844,5.658189296722412,2.2438857555389404,6.453220367431641,1.6696109771728516,0.9356372356414795,2.1225991249084473,1.555616021156311,0.8684272766113281,0.7712671160697937,0.8495336771011353,0.7853527665138245,0.46226072311401367,-0.4712599813938141,-0.47350695729255676,0.06179635226726532,-0.1703069806098938,0.026842687278985977,0.07198530435562134,-0.0971437394618988,0.12626610696315765,-0.04072485491633415,0.015475112944841385,0.036820072680711746,-0.0992683619260788,0.04745563492178917,12.548709869384766,2.805312156677246,1.574819564819336,2.653975486755371,0.6799982786178589,0.32461482286453247,1.0750833749771118,0.44143563508987427,0.5202784538269043,0.27686434984207153,0.4159093499183655,0.34343114495277405,0.23134833574295044
415d69b4-6d84-4bf8-97b0-10f8f108dc1d-1430739528719-1.7-m-04-hu.wav,hungry,-492.2164611816406,188.18325805664062,-117.3380126953125,31.101037979125977,-12.684835433959961,-24.36912727355957,19.21619987487793,-31.81744956970215,4.965490341186523,-2.869889497756958,-23.391204833984375,10.138598442077637,-16.579994201660156,19482.37890625,3891.4013671875,1662.356689453125,207.6665496826172,83.8630599975586,108.04373931884766,88.85929107666016,129.3404083251953,51.72025680541992,27.0164852142334,95.67593383789062,43.971981048583984,60.6226692199707,4.621877670288086,2.1108274459838867,-1.1653136014938354,0.4295886158943176,-0.04531477391719818,-0.275936096906662,0.1074550524353981,-0.37544572353363037,0.001404925831593573,0.010977601632475853,-0.18305008113384247,0.10210617631673813,-0.12668870389461517,240.20506286621094,59.77803421020508,20.657133102416992,2.6298699378967285,2.8670592308044434,2.273170232772827,1.9066462516784668,1.982054352760315,1.3892041444778442,0.5253828167915344,1.848568320274353,1.2565929889678955,0.8514500260353088,0.03293605148792267,-0.021490588784217834,0.054809048771858215,0.004920172970741987,-0.024516798555850983,0.023278187960386276,-0.009359309449791908,0.039768036454916,0.018627028912305832,-0.011265615001320839,0.0002209128870163113,0.0021311230957508087,0.005943733267486095,40.78375244140625,9.902481079101562,4.016129493713379,0.5614715218544006,0.8418896198272705,0.746641993522644,0.5280073881149292,0.49128544330596924,0.46294277906417847,0.22577796876430511,0.45591771602630615,0.45601579546928406,0.2960495054721832
42ec6f14-6ba6-457f-8a80-101ee201195c-1431345009828-1.7-m-22-hu.wav,hungry,-662.245361328125,114.81957244873047,-91.59776306152344,29.8406925201416,2.585446834564209,-24.9959774017334,14.137386322021484,-15.833014488220215,-0.8859272599220276,2.7686994075775146,-11.96416187286377,8.501255989074707,-7.4607062339782715,26403.79296875,4569.71435546875,2970.37744140625,391.3477783203125,134.61370849609375,349.91180419921875,113.54969024658203,133.4228973388672,19.959758758544922,47.03076171875,72.4650650024414,53.847984313964844,35.104854583740234,4.47537088394165,1.4741522073745728,-1.3869251012802124,0.15564200282096863,-0.06498990952968597,-0.49899473786354065,0.1226101666688919,-0.02986759878695011,-0.05923066660761833,-0.09534850716590881,-0.17070087790489197,0.08588278293609619,-0.10849670320749283,235.78575134277344,37.237117767333984,29.593420028686523,7.25661039352417,3.327357769012451,6.744688510894775,1.7652698755264282,2.5276682376861572,0.7612941265106201,0.9573020339012146,0.9980055689811707,1.2554099559783936,0.8679336309432983,0.48288458585739136,-0.16879552602767944,0.048881977796554565,-0.0745573490858078,-0.05506625026464462,-0.023256229236721992,-0.05574548617005348,0.04405956715345383,0.0025059983599931,0.0010252624051645398,0.03331931307911873,-0.03721140697598457,0.015124877914786339,44.320228576660156,7.965551376342773,6.616539001464844,1.9466938972473145,0.7837879657745361,1.3050920963287354,0.6787201762199402,0.7524427771568298,0.39702552556991577,0.6177107691764832,0.2665698528289795,0.40210792422294617,0.325247585773468
459c3f85-5710-4efa-bcc9-8012aa1af55e-1430034880215-1.7-f-48-hu.wav,hungry,-373.5860595703125,87.24236297607422,-80.32654571533203,18.52662467956543,-10.06440258026123,-15.342137336730957,27.513084411621094,-15.135082244873047,-9.446080207824707,0.5157456994056702,-11.34569263458252,3.051954984664917,-8.197415351867676,7320.34228515625,728.4871826171875,2636.071044921875,400.3185119628906,201.04074096679688,144.8998565673828,143.93348693847656,225.47482299804688,80.74295806884766,67.46597290039062,74.625732421875,172.0137176513672,119.40536499023438,0.28820428252220154,0.0630878284573555,-0.37947532534599304,-0.3666793406009674,-0.16019585728645325,0.06886803358793259,0.17021603882312775,-0.010522439144551754,-0.08569694310426712,0.00034538100589998066,-0.09066842496395111,-0.02331596426665783,0.18966737389564514,270.3919982910156,31.707475662231445,85.31620025634766,12.619793891906738,8.131471633911133,4.228601455688477,4.809693813323975,9.407934188842773,3.2643673419952393,1.9743577241897583,2.2039284706115723,7.662537097930908,4.217498779296875,-1.0676087141036987,-0.13425777852535248,0.6328771114349365,-0.17054390907287598,0.21207714080810547,0.3095332682132721,-0.14052681624889374,0.15546484291553497,0.17574524879455566,-0.01753004640340805,-0.014585007913410664,-0.08966221660375595,0.008309018798172474,37.05650329589844,5.40693998336792,11.76866626739502,4.954681396484375,1.5599877834320068,2.330174446105957,0.6341473460197449,2.2469942569732666,1.2594504356384277,0.6609219312667847,1.1914408206939697,1.1888009309768677,1.4005674123764038
459c3f85-5710-4efa-bcc9-8012aa1af55e-1430034895673-1.7-f-48-hu.wav,hungry,-281.02593994140625,114.98975372314453,-147.32225036621094,35.6363525390625,-19.273176193237305,-39.46380615234375,31.765052795410156,-20.737760543823242,-3.725276231765747,-0.1737852245569229,-16.489538192749023,7.117683410644531,-19.34177017211914,4304.83837890625,324.274169921875,1826.8828125,1559.958984375,44.96976852416992,140.02133178710938,179.1968231201172,191.08555603027344,107.5039291381836,103.62061309814453,26.61819076538086,212.1467742919922,133.88992309570312,-0.877643346786499,0.33446425199508667,0.8959671854972839,-0.4115980863571167,-0.16290272772312164,-0.09073854237794876,-0.11774443835020065,0.17668196558952332,-0.15884865820407867,0.09571220725774765,-0.0028175832703709602,-0.3087346851825714,0.20328845083713531,76.483154296875,7.615494251251221,33.9038200378418,26.95848846435547,1.6668050289154053,4.799457550048828,5.313000202178955,4.444161891937256,3.3534345626831055,3.000244379043579,1.1861059665679932,2.6612980365753174,2.624577045440674,-0.11293812841176987,-0.19750279188156128,-0.11910247802734375,0.06018035113811493,0.10011298954486847,-0.0038118602242320776,-0.04108067601919174,-0.04298019781708717,-0.05702102556824684,0.02906627394258976,-0.03739384934306145,-0.0610223114490509,0.05922659486532211,16.226736068725586,2.6986966133117676,6.64450740814209,2.041215658187866,0.683922290802002,1.2982425689697266,1.0748493671417236,1.0419155359268188,0.7841379046440125,0.552445650100708,0.4840906858444214,0.40602973103523254,0.6740183234214783
46002244-7304-45DC-BF69-B6EC2BB25009-1436902364-1.1-f-48-hu.wav,hungry,-448.6195068359375,144.55599975585938,-107.16958618164062,27.367136001586914,-15.716769218444824,-17.18607521057129,28.521743774414062,-30.750652313232422,-4.959019660949707,-3.9674324989318848,-21.85344886779785,6.7910475730896,-17.907285690307617,4890.31884765625,673.2731323242188,1609.7242431640625,217.156982421875,126.13689422607422,156.8814239501953,170.55184936523438,84.04994201660156,72.8720932006836,23.222793579101562,28.399564743041992,71.57731628417969,60.59166717529297,3.073157548904419,1.5349938869476318,-0.8280956745147705,-0.08611705154180527,-0.41363096237182617,-0.422272264957428,0.011431947350502014,-0.2530999481678009,-0.09616828709840775,-0.07638486474752426,-0.04982496798038483,0.06546928733587265,-0.14793658256530762,164.72080993652344,20.40359115600586,54.42543411254883,11.477962493896484,3.78062105178833,3.8650128841400146,6.959843635559082,2.776045083999634,3.1497247219085693,0.8419026136398315,0.7792384624481201,2.150678873062134,2.223203659057617,-2.0041043758392334,-0.4950883388519287,1.0754016637802124,-0.16913850605487823,-0.10919082164764404,-0.08662223070859909,-0.28309258818626404,0.12897343933582306,-0.07887174189090729,-0.04467793181538582,0.07900221645832062,-0.13201776146888733,0.11160392314195633,61.579429626464844,9.696554183959961,18.881338119506836,3.849714994430542,1.095126986503601,1.2740662097930908,1.728920817375183,0.6262145638465881,0.9648902416229248,0.3619423806667328,0.36814960837364197,0.7083964943885803,0.7622597217559814
4be720ce-a5e5-4a48-930f-a212f8a239f6-1434737668804-1.7-f-48-hu.wav,hungry,-412.65667724609375,149.01092529296875,-84.9844970703125,11.226805686950684,-12.035612106323242,-16.385522842407227,21.806188583374023,-21.553577423095703,-5.823196887969971,-2.8928840160369873,-19.400550842285156,4.922885417938232,-9.043378829956055,8552.10546875,1197.0516357421875,2863.4267578125,625.5134887695312,191.3673095703125,159.29510498046875,151.34226989746094,130.62753295898438,111.54908752441406,34.47157287597656,55.20359802246094,178.36680603027344,56.11474609375,0.8686455488204956,0.19647681713104248,-0.4086211919784546,0.12950432300567627,-0.12035384029150009,-0.08848869800567627,0.2176198959350586,-0.025473183020949364,0.011317641474306583,0.06068737059831619,-0.048223771154880524,0.03135569021105766,-0.049093496054410934,193.85975646972656,23.44508934020996,61.095375061035156,23.00090980529785,6.898182392120361,5.823538303375244,5.623016357421875,4.008803844451904,4.583139419555664,0.9969145655632019,1.396048903465271,5.2863264083862305,2.2161507606506348,-0.5998338460922241,-0.44901490211486816,-0.010257665067911148,-0.0010502667864784598,0.03959107771515846,0.0699697956442833,0.05051429569721222,0.03724340349435806,-0.0746786966919899,-0.08269267529249191,-0.03106587566435337,-0.08178304135799408,-0.032848045229911804,28.344970703125,8.685998916625977,6.870468616485596,4.191657066345215,2.396449327468872,1.5504581928253174,2.4793896675109863,0.8217458724975586,1.7390081882476807,0.651165246963501,0.9045915007591248,1.2504774332046509,1.068044662475586
4be720ce-a5e5-4a48-930f-a212f8a239f6-1434737694572-1.7-f-48-hu.wav,hungry,-590.9129638671875,167.5416259765625,-86.6884994506836,41.52700424194336,-17.514057159423828,-21.965085983276367,32.10935592651367,-29.076187133789062,-1.0593372583389282,2.7953617572784424,-24.17202377319336,9.168928146362305,-9.51735782623291,1525.2044677734375,304.2209167480469,955.2442626953125,133.06907653808594,126.94695281982422,86.6515884399414,121.51630401611328,33.180320739746094,34.69697189331055,36.46748352050781,31.954355239868164,29.13300132751465,31.030763626098633,1.10050630569458,0.7344548106193542,0.22146987915039062,0.35372185707092285,0.1971854716539383,0.0954209566116333,-0.19008293747901917,-0.24848580360412598,-0.05858242139220238,-0.20924966037273407,-0.09399972856044769,0.11608830094337463,-0.0697016790509224,61.89280700683594,9.692585945129395,24.4083194732666,4.046419143676758,3.288632392883301,2.421175718307495,3.7394373416900635,1.1775776147842407,1.1279773712158203,0.766197144985199,1.2354782819747925,0.8457292318344116,0.566715657711029,-0.6431321501731873,-0.23597541451454163,0.3202182650566101,-0.07264383882284164,0.055051639676094055,0.10941342264413834,-0.10060454159975052,0.059136927127838135,-0.023170139640569687,-0.026683609932661057,0.11597328633069992,-0.016355551779270172,-0.020003996789455414,19.263273239135742,4.260649681091309,5.834467887878418,1.2554045915603638,1.2896828651428223,0.9548238515853882,1.281460165977478,0.4534294903278351,0.4233998954296112,0.33987122774124146,0.5045912265777588,0.527208685874939,0.40596768260002136
4be720ce-a5e5-4a48-930f-a212f8a239f6-1434774932733-1.7-f-48-hu.wav,hungry,-423.5841979980469,147.7249755859375,-152.689208984375,6.4436750411987305,-5.352370738983154,-36.315792083740234,26.532533645629883,-10.153024673461914,-3.964937686920166,8.845876693725586,-18.50487518310547,-2.4507031440734863,-3.5975852012634277,4835.09619140625,583.7124633789062,1399.0997314453125,150.89320373535156,114.01991271972656,138.6860809326172,87.94051361083984,59.3933219909668,38.85328674316406,46.450721740722656,32.01498031616211,27.276247024536133,37.81162643432617,4.230062961578369,0.48749372363090515,-0.5816618800163269,0.6920100450515747,-0.4513547718524933,-0.06595068424940109,0.41527602076530457,-0.535920262336731,-0.012965924106538296,0.23431652784347534,-0.17400333285331726,0.15652620792388916,-0.05536052957177162,219.70518493652344,29.096580505371094,55.92982864379883,6.282038688659668,5.826210021972656,4.798164367675781,4.22542667388916,3.004455804824829,1.204280972480774,1.4629740715026855,1.2676903009414673,0.8532984852790833,0.8914151191711426,0.011168967001140118,-0.760527491569519,0.5311797261238098,-0.05028371512889862,-0.004826201591640711,0.08119027316570282,-0.19773462414741516,0.05327669531106949,-0.035143714398145676,-0.11178996413946152,-0.004268215503543615,-0.03782745450735092,0.05079923942685127,33.42373275756836,8.854180335998535,8.466354370117188,1.6768983602523804,1.4479645490646362,1.1216681003570557,1.101994276046753,0.8358158469200134,0.40871989727020264,0.46818432211875916,0.41064533591270447,0.3381939232349396,0.44415441155433655
4be720ce-a5e5-4a48-930f-a212f8a239f6-1434774947458-1.7-f-48-hu.wav,hungry,-311.2854919433594,109.27159118652344,-113.70402526855469,-0.5692895650863647,-11.394099235534668,-26.278512954711914,18.575761795043945,-18.10238265991211,-8.266273498535156,6.028645038604736,-14.680950164794922,0.21052125096321106,-8.270699501037598,8196.32421875,1048.7584228515625,2449.31396484375,348.9519348144531,149.1249237060547,170.9361114501953,155.38583374023438,317.68023681640625,72.40391540527344,41.72383117675781,133.85008239746094,67.15133666992188,53.05271911621094,3.979109048843384,1.6952509880065918,-1.3580832481384277,-0.27020466327667236,-0.4246174693107605,-0.2147291600704193,0.510237455368042,-0.22246474027633667,-0.09178365767002106,0.2031441181898117,-0.33881527185440063,-0.15227048099040985,-0.09248752892017365,211.659423828125,26.867055892944336,65.82859802246094,11.87119197845459,9.501066207885742,8.441631317138672,7.019540309906006,6.926374912261963,3.147934913635254,1.8150235414505005,2.0699684619903564,1.9809294939041138,2.4271299839019775,-0.2065870761871338,-0.15455244481563568,0.2981272041797638,0.13189569115638733,-0.005671346560120583,-0.11539246141910553,-0.07820829749107361,0.19508658349514008,0.12904201447963715,0.004024244844913483,0.062453147023916245,-0.002874015597626567,-0.02345002442598343,23.781776428222656,5.1825175285339355,6.857010364532471,2.1863203048706055,2.15096378326416,4.174206256866455,1.3903522491455078,1.3852657079696655,1.1058117151260376,0.6682566404342651,0.617130696773529,0.47782862186431885,0.9752441644668579
4CD5903D-E2CE-401E-B898-D873C763F44B-1430727644-1.0-m-26-hu.wav,hungry,-567.9110717773438,201.23843383789062,-107.29541015625,48.374454498291016,-23.235429763793945,-22.03193473815918,27.25437355041504,-42.79475784301758,1.5774518251419067,-9.715544700622559,-32.56693649291992,10.082595825195312,-21.883686065673828,1354.8580322265625,397.73529052734375,201.27755737304688,75.77818298339844,95.16064453125,74.08370208740234,33.548423767089844,28.50468635559082,17.666412353515625,20.68291664123535,35.01694869995117,26.740386962890625,13.902066230773926,-0.6169700026512146,-0.09190139174461365,0.4407626688480377,0.0452902689576149,0.15772095322608948,-0.1265568882226944,0.006792713422328234,0.03580687567591667,-0.028303876519203186,-0.0776498094201088,-0.16381433606147766,0.03721321001648903,0.042376454919576645,53.536903381347656,15.450339317321777,6.757678031921387,2.68373703956604,3.7326302528381348,2.3454995155334473,1.335290551185608,1.2802550792694092,0.8386459946632385,0.6975157856941223,1.2141135931015015,1.0378822088241577,0.34408247470855713,0.3280380368232727,-0.15307079255580902,-0.0204433836042881,-0.04673103243112564,-0.021218065172433853,0.15340399742126465,-0.060529958456754684,0.0768936350941658,0.05383913964033127,0.03205770254135132,0.0997949168086052,-0.012026742100715637,0.010432573035359383,15.130194664001465,2.883371114730835,2.226395606994629,0.659869372844696,0.7340849041938782,0.7469661235809326,0.476566880941391,0.47004976868629456,0.3935186564922333,0.2023962289094925,0.5925328135490417,0.45162034034729004,0.17936965823173523
4CD5903D-E2CE-401E-B898-D873C763F44B-1430727653-1.0-m-26-hu.wav,hungry,-417.9715270996094,125.25443267822266,-97.25968933105469,21.51211929321289,-8.967529296875,-4.330724239349365,27.800931930541992,-33.562904357910156,-5.119078159332275,-3.398780584335327,-23.68168830871582,9.236978530883789,-12.93250846862793,10142.669921875,688.2343139648438,3262.208740234375,346.00274658203125,83.76921081542969,99.32510375976562,261.4092102050781,160.79345703125,49.43564987182617,55.1647834777832,63.63489532470703,177.4228057861328,45.81650924682617,-2.792102575302124,-0.20630954205989838,1.8659552335739136,-0.5100910663604736,-0.06553442776203156,0.0969516858458519,-0.43351730704307556,0.252373605966568,-0.06397803127765656,-0.13587503135204315,-0.01889709383249283,-0.3546290993690491,-0.054244689643383026,137.97178649902344,17.06613540649414,34.9548454284668,7.071791172027588,2.4107019901275635,1.837734341621399,6.796004772186279,6.343295574188232,1.3013454675674438,1.5461925268173218,2.6478657722473145,3.795950174331665,1.3833996057510376,-0.31049707531929016,0.024363581091165543,0.1489269733428955,-0.18324480950832367,0.029298068955540657,0.021281881257891655,-0.04400590807199478,0.10231396555900574,-0.038201797753572464,0.004941864404827356,0.08323908597230911,-0.07239153981208801,-0.0022137227933853865,29.05952262878418,5.791369915008545,5.878701210021973,3.291372537612915,0.5675280690193176,0.6901051998138428,1.7151167392730713,2.1006391048431396,0.5028455853462219,0.3560895323753357,0.7213250994682312,0.9197105169296265,0.5910369753837585
4cefc13c-e7c0-4b5a-bddb-c40c103e640a-1431583459308-1.7-f-26-hu.wav,hungry,-313.6986083984375,101.06368255615234,-68.93243408203125,-13.725114822387695,-12.918191909790039,-21.556440353393555,6.212350845336914,-11.899467468261719,-9.018805503845215,-5.583520889282227,-19.43568992614746,-0.258863627910614,7.030562877655029,6500.06396484375,1330.5855712890625,1349.771240234375,176.84420776367188,274.9670104980469,184.45944213867188,259.82269287109375,151.44747924804688,121.82510375976562,59.66936111450195,72.54874420166016,248.2922821044922,115.69625854492188,3.237442970275879,1.4980007410049438,-1.1630525588989258,-0.361745148897171,-0.26283448934555054,-0.39163559675216675,0.030831316486001015,-0.16975732147693634,-0.16597500443458557,0.0414336659014225,-0.22130921483039856,-0.34066787362098694,-0.05176148563623428,183.10076904296875,28.499649047851562,41.53440856933594,5.123155117034912,4.853029727935791,3.605881929397583,4.167202949523926,4.657401084899902,3.6485822200775146,2.8086655139923096,2.1776630878448486,2.2365939617156982,2.027982234954834,-0.043465014547109604,-0.1476329267024994,0.13109531998634338,0.22132962942123413,0.131754070520401,0.00457832682877779,-0.10477281361818314,0.08280286937952042,0.1852617859840393,0.053898993879556656,-0.04619288071990013,-0.16656838357448578,-0.08585675060749054,14.244351387023926,4.602867126464844,3.5039188861846924,3.0041744709014893,0.8885796070098877,1.0749895572662354,1.1177860498428345,1.1421815156936646,1.7673910856246948,0.9023669362068176,0.39398279786109924,0.7437578439712524,0.7998625636100769
4cefc13c-e7c0-4b5a-bddb-c40c103e640a-1431583470764-1.7-f-26-hu.wav,hungry,-420.6345520019531,137.20281982421875,-69.6354751586914,22.631532669067383,-23.846975326538086,-36.037113189697266,14.856243133544922,-23.9134578704834,-10.57857608795166,-1.869639277458191,-20.79413604736328,1.0002212524414062,-2.6395750045776367,5550.15576171875,768.0045166015625,1567.0667724609375,198.9322052001953,205.58680725097656,117.04191589355469,363.68804931640625,62.99847412109375,79.90272521972656,69.8414535522461,45.529266357421875,58.579444885253906,119.76191711425781,3.5420172214508057,0.9820321202278137,-0.6128693222999573,0.11147714406251907,-0.1274426281452179,-0.3029187321662903,-0.02208661288022995,-0.09402114897966385,0.07813028246164322,0.18317551910877228,-0.13819538056850433,-0.43443959951400757,-0.4632031321525574,178.24249267578125,45.32767868041992,30.8670654296875,6.369578838348389,5.576414108276367,5.3047051429748535,9.375223159790039,3.2738397121429443,3.649808883666992,1.1670433282852173,2.4037935733795166,2.5456104278564453,3.944373607635498,-0.5554826855659485,-0.6501712799072266,0.5821477770805359,-0.3100523352622986,0.1017337366938591,0.3094257712364197,-0.16866570711135864,0.1879831701517105,0.10812380164861679,-0.052002571523189545,0.0788581445813179,-0.1456356644630432,-0.11675935238599777,33.415836334228516,5.441572666168213,7.102561950683594,2.2341206073760986,3.254567861557007,1.954001784324646,5.229171276092529,0.9026648998260498,1.413466215133667,0.47956159710884094,0.5870412588119507,0.9888074398040771,1.1087925434112549
4D43D6CD-C084-4081-ABF3-8B25951B2D75-1430146631-1.0-m-04-hu.wav,hungry,-314.1866455078125,117.3611068725586,-91.56542205810547,23.090484619140625,-16.581851959228516,-35.047889709472656,20.175922393798828,-9.404387474060059,-7.820237636566162,-12.936071395874023,-19.26170539855957,4.032458782196045,-6.876248836517334,7806.51708984375,1506.93994140625,1186.8045654296875,287.62640380859375,239.31019592285156,250.4833221435547,150.62245178222656,60.69533920288086,98.71410369873047,150.3460693359375,130.88966369628906,307.0411071777344,207.07192993164062,-2.4279823303222656,-1.1397756338119507,0.44773322343826294,-0.3964124619960785,0.1442994624376297,0.273117333650589,0.07629462331533432,0.42490455508232117,0.13157184422016144,0.1432671993970871,-0.0816471204161644,-0.6338141560554504,-0.3760555684566498,105.17762756347656,22.878747940063477,23.704200744628906,9.104413986206055,4.442244052886963,6.933538436889648,7.013808250427246,2.974879741668701,2.6419734954833984,4.428749084472656,3.831740140914917,5.329029560089111,7.177736282348633,-0.3366258144378662,0.11421854794025421,0.30921703577041626,-0.13789597153663635,0.16725486516952515,0.23918111622333527,-0.0921488031744957,-0.017160438001155853,-0.02730940282344818,-0.11640577763319016,-0.042638301849365234,-0.03339020535349846,-0.0206073597073555,19.232954025268555,8.597055435180664,6.987797737121582,3.676083564758301,2.1662657260894775,2.699476480484009,2.3761045932769775,0.6892192363739014,0.7834020853042603,1.821313738822937,1.5448505878448486,1.4335412979125977,2.009460926055908
50DC5FBC-AC95-44F2-B55F-E4E5FB03AC96-1430007656-1.0-m-26-hu.wav,hungry,-342.3581848144531,131.99864196777344,-110.9239501953125,29.57275390625,-16.31654167175293,-34.30524444580078,17.040529251098633,-22.154644012451172,2.4107258319854736,-1.7820825576782227,-22.20984649658203,2.565589189529419,-14.974136352539062,5825.408203125,805.913330078125,1372.885009765625,462.5600891113281,126.5804443359375,138.989990234375,284.6759338378906,79.52613067626953,48.92119598388672,40.19247817993164,95.31959533691406,84.28997039794922,57.92035675048828,2.2964985370635986,0.9020673036575317,-0.6909347176551819,0.29837706685066223,0.00692274235188961,0.04241027310490608,0.1868394911289215,-0.20004211366176605,0.04564956948161125,-0.16943372786045074,-0.23191513121128082,0.05103812366724014,-0.24041250348091125,199.58242797851562,30.51408576965332,32.262123107910156,10.579761505126953,3.2428083419799805,5.294989585876465,4.261470317840576,2.842754364013672,1.4452600479125977,1.299605131149292,3.68971586227417,3.454125165939331,1.8359315395355225,-1.3103022575378418,-0.43456411361694336,0.4998871088027954,-0.1318853348493576,0.13398967683315277,0.1385793536901474,-0.10135621577501297,0.12483105063438416,-0.04925329238176346,-0.04649532213807106,0.11140582710504532,0.03746222332119942,0.12006162106990814,64.54153442382812,12.391385078430176,7.8073625564575195,1.8527848720550537,0.6226940751075745,1.7339788675308228,0.5479605793952942,0.7412881851196289,0.3214009404182434,0.36854714155197144,1.0782698392868042,0.80482017993927,0.8379747867584229
50DC5FBC-AC95-44F2-B55F-E4E5FB03AC96-1430007668-1.0-m-26-hu.wav,hungry,-280.2957458496094,93.7724609375,-95.88115692138672,22.761640548706055,-5.60979700088501,-23.729454040527344,9.914925575256348,-20.31991958618164,3.6912925243377686,-2.336184501647949,-24.5582332611084,5.099243640899658,3.517159938812256,8876.7509765625,662.8828735351562,2331.510986328125,374.00946044921875,269.9367980957031,124.65928649902344,163.94325256347656,129.89292907714844,291.1394958496094,88.67578887939453,55.08047866821289,207.736328125,148.06362915039062,1.9793490171432495,0.020921776071190834,-1.1017330884933472,0.2707923650741577,0.28848180174827576,0.031250569969415665,0.050374891608953476,-0.08459732681512833,0.19996927678585052,0.05525990203022957,-0.13797584176063538,0.04637220501899719,-0.18177829682826996,285.25701904296875,22.77727699279785,83.8472671508789,4.4980669021606445,3.4423396587371826,2.545436143875122,7.287916660308838,4.352264404296875,5.443232536315918,3.425678253173828,1.485682725906372,6.510706424713135,7.65099573135376,1.2356253862380981,0.4291022717952728,-0.1428138017654419,-0.02888762764632702,-0.027745185419917107,-0.09497779607772827,-0.008940999396145344,0.008761489763855934,-0.037764742970466614,0.001039820141158998,-0.036784954369068146,-0.06316722184419632,0.0018232223810628057,75.76789855957031,11.125713348388672,18.12228775024414,1.5458853244781494,1.390470266342163,1.476468563079834,1.5735944509506226,0.7840939164161682,0.9764119982719421,0.6025884747505188,1.0711637735366821,1.9936474561691284,1.9286646842956543
50DC5FBC-AC95-44F2-B55F-E4E5FB03AC96-1430007691-1.0-m-26-hu.wav,hungry,-297.9194641113281,111.22828674316406,-118.69880676269531,30.680160522460938,-12.290693283081055,-33.54584503173828,15.967328071594238,-21.0148868560791,3.22399640083313,-5.914834022521973,-29.551401138305664,9.827149391174316,6.429919719696045,11878.828125,1079.617919921875,2618.3544921875,505.9975891113281,335.62884521484375,145.55235290527344,124.37665557861328,104.28046417236328,158.19122314453125,84.45040130615234,116.07522583007812,377.7817077636719,187.91079711914062,2.4583840370178223,0.11817146837711334,-0.8775697350502014,0.520205020904541,-0.15825390815734863,-0.23372378945350647,0.13386520743370056,-0.19193726778030396,0.2003728598356247,-0.10682781785726547,-0.15002112090587616,0.5146654844284058,0.236467182636261,295.384033203125,27.37566566467285,75.10662078857422,8.745620727539062,9.872237205505371,4.655857086181641,6.1334638595581055,5.222136974334717,2.3803579807281494,3.067365884780884,5.520692348480225,11.719208717346191,9.896344184875488,2.5028891563415527,0.5846668481826782,-0.5415329337120056,0.0843144953250885,0.1038050428032875,0.005676558706909418,-0.01165695395320654,0.030362635850906372,-0.0023083819542080164,-0.10817218571901321,-0.0923958346247673,-0.047968678176403046,-0.02409564144909382,171.6610870361328,22.378427505493164,27.241037368774414,4.1553144454956055,1.8876227140426636,1.7069519758224487,1.8135511875152588,2.006650924682617,0.42354637384414673,0.9944363236427307,1.420830249786377,2.754763603210449,2.4344301223754883
50DC5FBC-AC95-44F2-B55F-E4E5FB03AC96-1430108024-1.0-m-26-hu.wav,hungry,-253.66542053222656,121.2431640625,-123.10070037841797,60.4650993347168,-19.071449279785156,-43.312740325927734,29.023588180541992,-24.676965713500977,3.8492324352264404,0.41165855526924133,-29.535106658935547,6.03113317489624,-7.826421737670898,3080.427978515625,335.80157470703125,789.8207397460938,197.78445434570312,143.5337677001953,118.05575561523438,98.31892395019531,42.393192291259766,168.04946899414062,131.72698974609375,85.9328842163086,219.44772338867188,164.82908630371094,2.172680377960205,0.8669794201850891,-0.6627110242843628,0.12731137871742249,-0.1768963634967804,-0.1625327616930008,0.043163400143384933,-0.2108992487192154,0.1793113797903061,0.3497098684310913,0.30385148525238037,0.28872814774513245,-0.1483715921640396,139.3954315185547,9.850921630859375,34.54002380371094,5.699763298034668,2.492955446243286,3.112027168273926,5.662313938140869,1.5826092958450317,5.517684459686279,2.981173515319824,2.574683427810669,5.658533096313477,4.766167163848877,-0.9541844129562378,-0.31191202998161316,0.3829025626182556,-0.1676245480775833,0.10689777880907059,0.16894708573818207,-0.11479731649160385,-0.0011742220958694816,-0.2210010439157486,-0.18200545012950897,0.08773902803659439,0.09352919459342957,0.23007628321647644,20.413530349731445,2.6206412315368652,4.802886486053467,1.6850591897964478,0.6505377888679504,1.302065372467041,0.8929329514503479,0.41453447937965393,1.3731780052185059,0.9232215285301208,0.5504348278045654,1.3305339813232422,2.3718924522399902
52dfc27a-fbc4-4d9f-bbcf-6406c919324a-1430041644396-1.7-m-26-hu.wav,hungry,-444.36749267578125,138.24732971191406,-67.31432342529297,-0.28962716460227966,-1.7590610980987549,-33.18333053588867,-8.19648551940918,-13.845398902893066,-5.844144344329834,-5.559436321258545,-17.771028518676758,-1.4647579193115234,-8.46766185760498,4106.6220703125,1495.1065673828125,469.93780517578125,346.2479553222656,95.16153717041016,97.7024917602539,87.37744140625,76.05729675292969,43.79623031616211,39.789058685302734,33.705604553222656,18.5833683013916,16.776317596435547,3.0755226612091064,0.8499792218208313,-0.840743362903595,0.2439170926809311,-0.14561381936073303,-0.5317628979682922,0.022782566025853157,0.1565055102109909,0.27988964319229126,0.1572481244802475,0.0162274781614542,0.12053517997264862,-0.14152514934539795,137.48019409179688,39.162635803222656,17.071678161621094,7.614748477935791,3.4324522018432617,4.282872676849365,2.6422102451324463,2.325371503829956,1.7906808853149414,1.516501545906067,1.1249706745147705,0.6654614210128784,0.5230236649513245,0.11301828175783157,-0.2300529032945633,0.28687551617622375,-0.14481554925441742,-0.22198109328746796,0.004990549758076668,-0.0024081100709736347,0.10485756397247314,0.13578243553638458,0.13455843925476074,0.15314917266368866,-0.003550285939127207,-0.022886991500854492,26.047521591186523,5.7833051681518555,3.9049887657165527,3.384720802307129,1.2577670812606812,1.5131633281707764,0.8268868327140808,0.630652666091919,0.45751872658729553,0.564691960811615,0.5768274068832397,0.28315678238868713,0.3085706830024719
52dfc27a-fbc4-4d9f-bbcf-6406c919324a-1430041657947-1.7-m-26-hu.wav,hungry,-241.85671997070312,83.1295166015625,-111.95223999023438,15.211462020874023,-19.084251403808594,-43.9319953918457,10.826644897460938,-11.776683807373047,4.673334121704102,5.017505168914795,-19.13080406188965,2.510152816772461,-5.90000581741333,7590.095703125,1593.5860595703125,2687.8525390625,907.0652465820312,399.2207946777344,219.505615234375,214.50942993164062,134.61508178710938,188.75814819335938,97.11778259277344,151.12857055664062,199.63406372070312,107.03299713134766,1.6869932413101196,-0.10926444828510284,-0.7647610902786255,0.5564666390419006,0.4055068790912628,-0.020602155476808548,0.08764615654945374,-0.35223016142845154,-0.24816429615020752,0.12160754948854446,-0.23242074251174927,-0.18448269367218018,0.11506886035203934,108.3341293334961,39.69599914550781,18.312219619750977,15.480077743530273,6.482761383056641,5.755973815917969,7.823853015899658,2.475060224533081,5.382624626159668,3.5479729175567627,5.919027805328369,7.387642860412598,3.3225889205932617,-0.9649269580841064,-0.6268441081047058,0.5927832722663879,-0.15772296488285065,0.1588146984577179,0.38892361521720886,-0.058811187744140625,-0.028353188186883926,-0.09870108962059021,0.04538540169596672,0.12014475464820862,-0.09597820788621902,0.12272007018327713,62.170658111572266,12.025691986083984,10.486528396606445,5.1669721603393555,1.583029866218567,1.949122667312622,1.885204553604126,1.0052305459976196,1.2524442672729492,1.1503982543945312,2.4545514583587646,2.1027982234954834,1.7709629535675049
539FDD32-6326-422E-A707-FCF063D3426C-1437073534-1.1-f-26-hu.wav,hungry,-258.9623107910156,149.2353973388672,-84.5645751953125,43.68498992919922,-17.30432891845703,-43.41209030151367,14.121249198913574,-26.07542610168457,-7.92925500869751,-0.6763594150543213,-18.215147018432617,-1.314092993736267,-17.049222946166992,4053.40087890625,358.8691101074219,1199.702392578125,460.0466613769531,63.9604606628418,268.4520263671875,230.84925842285156,65.78793334960938,28.488258361816406,35.48723602294922,32.27068328857422,42.643524169921875,28.364768981933594,2.2922141551971436,0.596244215965271,-0.6891995668411255,-0.18157751858234406,-0.02722902223467827,-0.18705055117607117,-0.15163099765777588,-0.1376228779554367,-0.0017864349065348506,-0.011041700839996338,-0.17522165179252625,-0.08436521887779236,0.07618175446987152,125.42831420898438,15.786164283752441,37.43584442138672,12.311025619506836,1.8191064596176147,4.414913177490234,7.4831223487854,2.787245035171509,1.1375422477722168,0.531840980052948,1.0307964086532593,2.090721845626831,1.0488598346710205,-0.7659187912940979,-0.47612303495407104,0.5490635633468628,-0.3852898180484772,-0.00904302392154932,0.14077331125736237,-0.1306014209985733,0.13640764355659485,-0.042919229716062546,0.044362738728523254,0.14137740433216095,-0.07403495907783508,0.11186158657073975,35.8378791809082,4.491410732269287,8.514507293701172,2.4829349517822266,0.6721897721290588,1.3378723859786987,1.7291295528411865,0.8902040123939514,0.5022664666175842,0.19453418254852295,0.5168194770812988,0.5243890285491943,0.3452286422252655
539FDD32-6326-422E-A707-FCF063D3426C-1437073544-1.1-f-26-hu.wav,hungry,-254.57472229003906,114.53459167480469,-45.79600143432617,33.52342987060547,-14.118861198425293,-27.821531295776367,6.1139092445373535,-22.113393783569336,-3.5665676593780518,-5.785321235656738,-15.227252006530762,4.005194187164307,-13.562999725341797,3560.486083984375,112.19151306152344,997.62158203125,166.42691040039062,92.35749816894531,76.76883697509766,95.68817901611328,68.89146423339844,98.78491973876953,24.33041763305664,25.943395614624023,164.97315979003906,46.53011703491211,1.5582516193389893,0.46991169452667236,-0.5103058218955994,0.17953580617904663,-0.2627846598625183,-0.0687950998544693,0.18830573558807373,-0.06865851581096649,0.15014013648033142,0.012891527265310287,-0.0020469087176024914,0.2658977210521698,0.05203266441822052,14.163915634155273,3.0153636932373047,5.7271728515625,1.478745460510254,0.96448814868927,1.3456302881240845,0.839942455291748,1.3196139335632324,1.3225198984146118,0.4397473931312561,0.7444283366203308,0.8479118347167969,1.8688747882843018,-0.0982806608080864,-0.1058754101395607,0.04397905617952347,0.054848503321409225,0.010090095922350883,0.044121153652668,-0.009689201600849628,-0.00891121756285429,-0.021624354645609856,0.02504904381930828,0.07314901053905487,0.004708887543529272,0.029450099915266037,6.905237197875977,1.5993983745574951,1.292434811592102,0.48586776852607727,0.2969783544540405,0.4767165184020996,0.2801107168197632,0.38574084639549255,0.23589876294136047,0.14437247812747955,0.23034584522247314,0.26186972856521606,0.3787403404712677
549a46d8-9c84-430e-ade8-97eae2bef787-1430130669340-1.7-m-48-hu.wav,hungry,-638.971435546875,109.29560852050781,-47.26066970825195,15.382331848144531,-13.851491928100586,-29.349990844726562,10.105210304260254,-12.899274826049805,-10.452298164367676,0.4512813687324524,-11.379524230957031,-4.822535514831543,-6.30861759185791,8655.98046875,1993.91650390625,1569.510986328125,205.88230895996094,167.53273010253906,316.77899169921875,80.62226867675781,46.64558029174805,33.92607498168945,40.759456634521484,42.90926742553711,84.07425689697266,41.42363739013672,2.8729703426361084,1.1758815050125122,-1.1040042638778687,0.08299706131219864,-0.24709388613700867,-0.4714517295360565,0.3726852834224701,0.02177351526916027,-0.16504378616809845,0.10891468822956085,-0.12007659673690796,-0.201223224401474,-0.12522897124290466,211.1681365966797,59.795597076416016,28.708675384521484,5.293213367462158,5.422232627868652,7.727545738220215,1.9614437818527222,1.3969333171844482,1.1726337671279907,1.1660540103912354,0.8923747539520264,1.7609035968780518,1.3409833908081055,-0.39295071363449097,-0.2627110481262207,-0.04914326220750809,-0.11845478415489197,-0.05093790218234062,-0.079124316573143,-0.026932992041110992,0.10755712538957596,0.006530491169542074,-0.0009104714263230562,0.0013469859259203076,-0.09910649806261063,0.008681063540279865,27.912446975708008,7.440532207489014,4.465983867645264,1.7360230684280396,1.8739713430404663,2.1336183547973633,0.5885061621665955,1.082402229309082,0.37423670291900635,0.3414805829524994,0.429043710231781,0.5658619403839111,0.7251797914505005
549a46d8-9c84-430e-ade8-97eae2bef787-1430130686288-1.7-m-48-hu.wav,hungry,-598.6845703125,130.25119018554688,-78.52661895751953,-4.528408527374268,-5.849828243255615,-34.1057014465332,-4.253913879394531,-5.028091907501221,4.0261945724487305,0.5671175122261047,-6.640050411224365,10.004021644592285,-0.4894760251045227,4729.1884765625,1305.50146484375,917.3892822265625,307.7340087890625,65.62342834472656,214.2284393310547,77.60044860839844,42.55223846435547,93.32188415527344,115.14949798583984,44.94297409057617,47.98796844482422,84.20976257324219,1.7793188095092773,0.7553790211677551,-0.4646777808666229,-0.00163774355314672,0.00838631484657526,-0.02814464084804058,0.009962962009012699,-0.021822882816195488,0.12556469440460205,-0.0008099164697341621,-0.0009504353511147201,0.12792928516864777,-0.0885969027876854,171.0313262939453,49.0766487121582,33.22576904296875,9.86111068725586,2.6915245056152344,8.477654457092285,2.874354839324951,1.7426913976669312,3.0748183727264404,4.040463447570801,1.66962468624115,1.3667904138565063,3.565187931060791,-0.9258056282997131,-0.5252172350883484,0.32425451278686523,-0.12019076198339462,-0.041309576481580734,0.09403038024902344,-0.018066484481096268,0.11776341497898102,0.026024820283055305,0.06980330497026443,0.1308833211660385,-0.0764109343290329,-0.04916859790682793,49.408443450927734,11.574355125427246,10.243924140930176,2.02341628074646,1.1266729831695557,1.9304962158203125,0.7734266519546509,0.8246403336524963,0.6547238230705261,1.146654725074768,0.7757164239883423,1.0225229263305664,1.8231061697006226
549a46d8-9c84-430e-ade8-97eae2bef787-1430130702316-1.7-m-48-hu.wav,hungry,-370.41839599609375,122.03514862060547,-119.0356216430664,20.189838409423828,-1.301560401916504,-44.511173248291016,9.292867660522461,-18.75093650817871,-11.342169761657715,6.355701923370361,-19.99811363220215,-3.7034873962402344,3.8706419467926025,6459.990234375,923.6187744140625,2064.293701171875,350.0743103027344,159.79473876953125,161.35104370117188,172.985107421875,162.4587860107422,95.05248260498047,55.30746841430664,93.50296020507812,78.70054626464844,101.77996063232422,3.3375043869018555,1.356774926185608,-1.0211058855056763,0.45056700706481934,-0.18969330191612244,-0.44099676609039307,0.3663978576660156,-0.17379936575889587,-0.23906360566616058,0.044897809624671936,-0.031613655388355255,-0.015691300854086876,-0.1043967455625534,175.40359497070312,29.684349060058594,32.892093658447266,7.606600284576416,3.920581579208374,6.083824157714844,3.3411853313446045,2.8069465160369873,1.9645708799362183,1.346718668937683,2.1927788257598877,2.904507875442505,2.058382034301758,-0.7330218553543091,-0.17203880846500397,0.3931359350681305,-0.17313863337039948,-0.06628819555044174,0.19621746242046356,0.059288132935762405,0.13070973753929138,0.049611207097768784,-0.008562777191400528,0.1556633859872818,0.020549410954117775,-0.09702282398939133,19.82743263244629,4.633005619049072,5.185653209686279,1.9963042736053467,1.9452154636383057,1.4744192361831665,1.1112147569656372,0.9605829119682312,0.409697949886322,0.2630256116390228,0.821219801902771,0.690602719783783,0.5160160660743713
549a46d8-9c84-430e-ade8-97eae2bef787-1430130714659-1.7-m-48-hu.wav,hungry,-527.155517578125,117.41073608398438,-75.7387466430664,-10.131725311279297,-6.57831335067749,-30.884319305419922,1.7678134441375732,-3.189161539077759,-3.671922445297241,1.332186222076416,-10.225769996643066,-6.407253742218018,-6.66965389251709,12231.802734375,2047.923828125,2776.276611328125,226.7034149169922,126.23925018310547,169.28749084472656,247.61386108398438,95.10062408447266,64.88175201416016,80.51390838623047,71.74977111816406,63.17715072631836,48.82148742675781,2.2463972568511963,1.1767557859420776,-0.9413015246391296,-0.3917761445045471,-0.02584405057132244,-0.27846699953079224,0.030715856701135635,0.1260136365890503,-0.07841064780950546,-0.020107636228203773,0.07191725820302963,-0.008071163669228554,-0.12568272650241852,212.2760772705078,61.39875793457031,42.34254837036133,11.972567558288574,5.378955841064453,4.815893650054932,4.877287864685059,2.087250232696533,1.5124695301055908,2.3123459815979004,2.8243589401245117,1.7925916910171509,2.109288215637207,-0.05705728009343147,-0.08876080065965652,-0.00365498592145741,0.08256272226572037,0.006737047806382179,-0.02318418212234974,0.03696932643651962,0.02194283902645111,-0.020519133657217026,0.003971525467932224,0.043317388743162155,0.04080760106444359,0.05451280623674393,49.244834899902344,16.871957778930664,7.358838081359863,3.361119031906128,1.8831660747528076,3.271306037902832,1.3649535179138184,0.5180408954620361,0.32715287804603577,0.5954554677009583,0.8853668570518494,0.4414215087890625,0.4500422477722168
549a46d8-9c84-430e-ade8-97eae2bef787-1430130760929-1.7-m-48-hu.wav,hungry,-582.0645751953125,99.14346313476562,-65.46858978271484,-3.6460788249969482,-7.445381164550781,-31.957643508911133,2.8853039741516113,-0.8149915933609009,-5.9774065017700195,-0.923136830329895,-5.308681964874268,-1.0289151668548584,-6.19040584564209,15021.25390625,3361.35546875,2910.90283203125,387.3460693359375,108.5419921875,299.714111328125,87.84124755859375,49.78791046142578,78.19330596923828,45.891815185546875,27.132352828979492,23.29660415649414,37.56298065185547,-0.7220479249954224,-0.16742189228534698,0.7276319861412048,0.45228832960128784,0.22568964958190918,0.07345950603485107,-0.2554265260696411,0.054326899349689484,0.23662841320037842,-0.19008727371692657,-0.08385290205478668,0.1365191638469696,-0.057212211191654205,322.8810119628906,86.80424499511719,46.9031867980957,10.57091999053955,4.576433181762695,9.446348190307617,3.2710049152374268,1.4458361864089966,2.6715474128723145,1.878695011138916,1.503195881843567,0.5438858270645142,0.7367724776268005,-1.7219610214233398,-0.7663143277168274,0.6851682662963867,0.06423913687467575,0.1203426942229271,0.3049713969230652,-0.07753217220306396,0.02219778671860695,0.01445853989571333,-0.13823455572128296,0.05793004482984543,0.06335711479187012,-0.01775561459362507,88.16415405273438,22.64634132385254,15.662543296813965,3.7545676231384277,1.940191388130188,3.1988441944122314,1.17690908908844,0.8401594161987305,0.9188034534454346,1.0986748933792114,0.6343303322792053,0.28883302211761475,0.3548945188522339
5728DDD6-149B-412F-A14B-C29B9B5E415F-1432635035-1.0-m-26-hu.wav,hungry,-343.4999694824219,149.57357788085938,-79.46961975097656,32.47999954223633,-10.136091232299805,-26.258708953857422,17.463436126708984,-16.365549087524414,1.9421961307525635,-9.61568546295166,-25.770185470581055,1.138277292251587,-22.28573226928711,724.7776489257812,126.02429962158203,221.68702697753906,50.171112060546875,70.9833984375,82.43272399902344,27.00756072998047,67.76741027832031,32.33844757080078,55.80955505371094,16.115821838378906,22.7601375579834,47.76935577392578,0.3434162139892578,0.054517533630132675,-0.10402679443359375,-0.029420481994748116,-0.047313861548900604,0.07475888729095459,-0.02482559159398079,-0.06445131450891495,0.09958973526954651,0.1318475902080536,0.12768635153770447,0.041335515677928925,-0.15868932008743286,12.43919849395752,3.833406448364258,4.474562168121338,1.191617488861084,1.7721648216247559,1.7659718990325928,0.7471717596054077,1.3767735958099365,0.881277859210968,1.5376791954040527,0.6201505661010742,0.4682628810405731,1.1651374101638794,0.24674804508686066,0.15275755524635315,0.014063592068850994,-0.11390237510204315,-0.1239524632692337,-0.08311378210783005,-0.03812841698527336,0.08962201327085495,-0.006045572925359011,-0.0840197205543518,0.030164100229740143,0.06864733248949051,0.06790047883987427,7.282770156860352,1.8332527875900269,2.0382707118988037,0.7472739815711975,0.7257591485977173,0.5770827531814575,0.3799091875553131,0.6825840473175049,0.2842690348625183,0.5733230113983154,0.2618938088417053,0.33661365509033203,0.3199903070926666
5728DDD6-149B-412F-A14B-C29B9B5E415F-1432635047-1.0-m-26-hu.wav,hungry,-228.27297973632812,131.7151336669922,-115.00033569335938,35.66241455078125,-9.834604263305664,-24.806964874267578,28.443532943725586,-21.06070327758789,-2.204265832901001,-4.355528354644775,-19.396568298339844,12.338764190673828,-4.53530740737915,1717.442138671875,367.4764099121094,398.9995422363281,812.8505859375,284.77301025390625,184.21078491210938,70.76171875,128.24375915527344,171.27517700195312,65.33656311035156,113.58124542236328,134.2616424560547,108.86048889160156,-1.3683147430419922,-0.5087682604789734,0.7795087099075317,0.25909659266471863,0.0519377626478672,0.07287902384996414,-0.1052531898021698,-0.170792818069458,-0.1421463042497635,0.04911675304174423,-0.08575055003166199,-0.25085416436195374,-0.10587818175554276,27.333057403564453,7.152490615844727,6.696750640869141,5.5399980545043945,4.747700214385986,3.513537883758545,1.9901808500289917,1.6877881288528442,2.0193982124328613,1.2143268585205078,2.139802932739258,2.7526423931121826,2.218306541442871,-0.07122549414634705,0.04451761022210121,0.14586195349693298,0.0287497416138649,0.06849361211061478,0.21011726558208466,0.12397906929254532,-0.0513046532869339,-0.10812672227621078,-0.10031495988368988,-0.10061269998550415,-0.02478247694671154,0.13495837152004242,7.717666149139404,2.155299186706543,2.922729730606079,1.747592568397522,0.9293500185012817,0.9358097910881042,0.6553929448127747,0.4227997064590454,0.48195356130599976,0.5033220052719116,0.7006077170372009,0.5281413197517395,0.7634809017181396
5728DDD6-149B-412F-A14B-C29B9B5E415F-1432635069-1.0-m-26-hu.wav,hungry,-272.6318054199219,134.25547790527344,-77.2292251586914,28.3894100189209,-7.84342098236084,-24.046945571899414,21.630653381347656,-12.278077125549316,-5.633409023284912,-11.205111503601074,-24.57594108581543,-3.6234049797058105,-15.028403282165527,2747.5966796875,449.83349609375,718.9744873046875,184.1748046875,66.50205993652344,39.0357780456543,184.69102478027344,107.9887924194336,27.56631088256836,64.15423583984375,83.12480926513672,89.21240997314453,139.7622833251953,1.7822993993759155,0.7580968141555786,-0.11674992740154266,0.2615393400192261,0.0126616470515728,-0.05822627991437912,0.06696469336748123,-0.24318966269493103,-0.21414655447006226,0.07760274410247803,0.2237454205751419,0.238939568400383,-0.05872708186507225,88.62730407714844,22.24738883972168,11.779788970947266,9.25936508178711,2.9166951179504395,1.3155747652053833,3.75954270362854,3.1914186477661133,0.5922237038612366,2.3591296672821045,2.621401309967041,4.072188854217529,6.240928649902344,-1.4117830991744995,-0.7031687498092651,0.473993182182312,-0.3994174003601074,-0.030215011909604073,0.07051579654216766,-0.10613259673118591,0.2738896310329437,-0.022563504055142403,-0.06366923451423645,0.093640998005867,-0.04581557959318161,0.1018652692437172,28.01832389831543,7.132167816162109,4.685153007507324,2.611701488494873,1.160819411277771,0.7468452453613281,0.5432193875312805,1.3722891807556152,0.2943207621574402,0.8480316400527954,0.8633981943130493,1.149335265159607,1.31027352809906
5afc6a14-a9d8-45f8-b31d-c79dd87cc8c6-1430757081034-1.7-m-48-hu.wav,hungry,-243.23361206054688,132.48915100097656,-93.51944732666016,39.616302490234375,-27.56513786315918,-31.498586654663086,20.011878967285156,-32.757293701171875,2.835665464401245,6.190526962280273,-7.203993320465088,19.77431869506836,-13.49068546295166,9107.8369140625,524.913818359375,4489.9501953125,184.7562713623047,443.2445983886719,254.77032470703125,128.86453247070312,282.5367736816406,63.88589859008789,200.1439666748047,100.55730438232422,228.7187042236328,252.91217041015625,2.95710825920105,0.8268002271652222,-1.3257488012313843,0.15912532806396484,-0.4279203712940216,-0.4459449350833893,0.08413766324520111,-0.25868505239486694,0.01809282973408699,-0.1165839433670044,-0.04503192752599716,0.4596335291862488,0.11133071035146713,124.30390167236328,22.46763801574707,62.817955017089844,5.759679794311523,5.237083911895752,3.4369490146636963,2.7915849685668945,6.357621669769287,2.3916890621185303,6.006791114807129,3.0611894130706787,4.948300838470459,8.590174674987793,-0.9859870076179504,-0.7492544054985046,-0.038881272077560425,-0.12688663601875305,-0.05152149498462677,0.05541166290640831,0.01280162576586008,0.1841418296098709,0.07312776148319244,-0.11888433992862701,-0.1249813511967659,-0.09091638773679733,0.026174448430538177,49.48525619506836,10.221136093139648,18.721071243286133,2.6843154430389404,2.456489324569702,0.8407297134399414,0.940039873123169,3.2467236518859863,0.8869972825050354,1.114243745803833,1.0822380781173706,3.150829553604126,2.806696891784668
5b49f19f-a3a7-411e-bb32-755da3cbd6f0-1430029991480-1.7-m-48-hu.wav,hungry,-200.50022888183594,138.27818298339844,-114.89803314208984,17.21426773071289,-4.426111221313477,-21.266647338867188,26.847110748291016,-13.521039962768555,2.5211610794067383,6.972142696380615,-17.228172302246094,2.757638454437256,-7.395867347717285,3129.925537109375,957.2833251953125,1374.32080078125,387.17291259765625,93.82841491699219,279.88604736328125,146.62353515625,55.37641906738281,165.6051788330078,55.348873138427734,43.56027603149414,41.64485168457031,38.209964752197266,2.3298044204711914,1.0791784524917603,-0.49777376651763916,0.4345753788948059,0.07602071017026901,0.04435451328754425,0.37461215257644653,-0.3085916340351105,-0.21553830802440643,0.19854995608329773,0.06869284808635712,0.018322762101888657,-0.032045211642980576,121.6468276977539,13.490930557250977,50.39569091796875,13.807530403137207,2.477893352508545,7.176030158996582,5.307629108428955,1.7759870290756226,5.901576042175293,1.4311110973358154,1.3829351663589478,1.5771137475967407,1.2208728790283203,-1.273268222808838,-0.48376789689064026,0.41628241539001465,-0.11233896017074585,0.1802498996257782,0.19941508769989014,-0.08419626206159592,0.059892669320106506,-0.049350935965776443,0.02161073125898838,0.09763844311237335,-0.03295648470520973,0.11124338209629059,33.599456787109375,4.574514865875244,12.86487865447998,4.266963005065918,1.1927205324172974,1.4337018728256226,1.5960060358047485,1.0213288068771362,1.220768690109253,0.5607506036758423,0.7219023108482361,0.6411746144294739,0.5892135500907898
5C2F730C-9721-40B7-A2D8-C257DB518978-1429966327-1.0-m-04-hu.wav,hungry,-455.8811950683594,93.34249114990234,-26.229536056518555,17.073148727416992,-12.155048370361328,-20.059284210205078,3.3933844566345215,-20.803550720214844,-12.459182739257812,-6.013025760650635,-15.433012962341309,-5.184271812438965,-8.862781524658203,17602.119140625,1473.2169189453125,2848.739990234375,311.96630859375,413.7369079589844,280.7020568847656,411.9806823730469,163.84945678710938,93.70559692382812,149.58860778808594,47.74793243408203,112.7638168334961,133.0410919189453,2.960035562515259,0.3317640721797943,-0.864069938659668,0.3804827332496643,-0.3896291255950928,-0.21333496272563934,0.33769217133522034,-0.10480030626058578,0.3114565908908844,0.3492615818977356,-0.05874406546354294,0.021366190165281296,-0.1919059306383133,150.26834106445312,22.39463996887207,29.938188552856445,3.556489944458008,4.46956205368042,3.9382662773132324,4.924910545349121,2.657909393310547,3.466214179992676,1.6923458576202393,1.6348977088928223,3.545322895050049,5.049899578094482,0.28998419642448425,-0.21689467132091522,0.22643296420574188,-0.1290319412946701,-0.0004287159244995564,0.04582450911402702,-0.10908325016498566,0.07010931521654129,-0.003436509519815445,-0.02952626906335354,0.04716900736093521,0.022305013611912727,0.11551713198423386,77.9592056274414,7.208803653717041,15.346587181091309,1.6678389310836792,1.817245602607727,0.9637210369110107,2.702587127685547,0.6572901010513306,1.6082041263580322,1.1302090883255005,1.0718967914581299,2.5144975185394287,4.2750725746154785
5C2F730C-9721-40B7-A2D8-C257DB518978-1429966336-1.0-m-04-hu.wav,hungry,-311.9936828613281,118.16831970214844,-61.020694732666016,35.35232925415039,-41.063541412353516,-38.53261184692383,18.863405227661133,-29.674591064453125,0.34388938546180725,5.881051540374756,-19.957767486572266,2.129826545715332,-12.866886138916016,11215.1396484375,885.5206298828125,1693.1607666015625,250.4503631591797,559.6311645507812,257.8055725097656,233.78440856933594,251.0467071533203,298.2345275878906,113.93950653076172,71.01553344726562,149.9033203125,122.69525909423828,1.4075316190719604,0.32551929354667664,-0.3031634986400604,0.24051083624362946,-0.5399704575538635,0.2821987569332123,0.3534070551395416,-0.46828943490982056,0.4331994950771332,0.2364099621772766,-0.2615833580493927,0.17579679191112518,-0.12595638632774353,104.6604232788086,11.961206436157227,20.68950653076172,2.5813653469085693,3.177812337875366,5.913614273071289,2.814058303833008,3.1818392276763916,1.9841963052749634,1.5206239223480225,1.4001578092575073,1.8471029996871948,1.8802553415298462,0.37773850560188293,0.1455521136522293,-0.12838450074195862,0.037601400166749954,-0.07558045536279678,-0.1458512395620346,0.024007637053728104,0.05902455747127533,0.01082141138613224,0.013501148670911789,0.03295276686549187,0.027624551206827164,0.001222960534505546,32.02652359008789,4.6040358543396,5.107905387878418,0.9541940689086914,1.4083219766616821,1.028091311454773,0.8806771039962769,0.730846643447876,1.1092679500579834,0.9242113828659058,0.3236044943332672,0.5650043487548828,1.2742176055908203
5E01DC60-1DE3-4AF9-A661-7F649EAE457D-1430141106-1.0-m-26-hu.wav,hungry,-309.4949035644531,88.1838607788086,-75.78341674804688,8.419031143188477,-14.891845703125,-20.97672462463379,17.941709518432617,-13.881779670715332,-8.061664581298828,-5.507613658905029,-18.03190040588379,3.845170021057129,5.694371223449707,9109.716796875,873.5696411132812,2335.568603515625,313.5599365234375,168.94659423828125,263.9826354980469,334.3226318359375,65.78598022460938,67.65785217285156,61.3232421875,135.30282592773438,226.68394470214844,210.13015747070312,-1.9351954460144043,-0.6813451051712036,1.027532696723938,0.22578930854797363,0.12304344773292542,0.2544045150279999,0.13874854147434235,0.07093732059001923,-0.17464718222618103,0.0895475447177887,0.1281195729970932,-0.13654972612857819,-0.036153994500637054,256.78741455078125,32.913482666015625,60.42216491699219,11.702505111694336,7.990097522735596,10.569236755371094,11.52375602722168,2.1345701217651367,1.5592169761657715,2.4877772331237793,5.5318603515625,9.530574798583984,9.177830696105957,-0.09006132930517197,0.03531639277935028,-0.007353650871664286,-0.13514043390750885,0.01157081127166748,-0.075332872569561,-0.09707475453615189,0.03872174769639969,-0.009804842062294483,0.03741771727800369,0.05998566746711731,-0.03189164772629738,-0.07980667054653168,70.4757080078125,9.984114646911621,18.176008224487305,2.4268200397491455,2.2536439895629883,3.2830915451049805,3.509199857711792,0.7921944260597229,0.7051289081573486,0.9068949818611145,2.466416120529175,3.5891473293304443,3.722123146057129
5f0a1ed4-ee2c-493c-bc00-6b56aad78a72-1430933240505-1.7-m-72-hu.wav,hungry,-512.2960205078125,126.44776153564453,-91.99373626708984,35.72898864746094,-11.148344993591309,-27.688037872314453,11.66062068939209,-28.463417053222656,8.500566482543945,5.832374572753906,-19.00836753845215,13.23072338104248,-7.682498931884766,2907.79248046875,314.2156677246094,1787.14697265625,289.4881591796875,91.67259216308594,289.24456787109375,149.30999755859375,199.5764617919922,224.84312438964844,102.94451141357422,111.3152847290039,209.17214965820312,127.49842834472656,-1.7675162553787231,-0.30805617570877075,0.777443528175354,-0.720329225063324,-0.2617023289203644,0.21411821246147156,0.1618204563856125,0.317209929227829,-0.22420556843280792,0.01574390009045601,0.3116071820259094,-0.32529643177986145,-0.32696935534477234,55.23542785644531,9.69843864440918,18.056018829345703,5.079627990722656,2.274395704269409,11.608268737792969,5.194037437438965,4.204174995422363,4.415459632873535,2.950425148010254,4.101785182952881,9.199315071105957,6.071289539337158,-0.008603839203715324,0.04454471170902252,-0.04407837614417076,-0.07153395563364029,0.13369236886501312,0.09297440946102142,0.0044203088618814945,-0.011380075477063656,-0.08805613964796066,0.020792920142412186,0.07482223212718964,-0.031476762145757675,0.05334435775876045,13.86128044128418,3.1143038272857666,4.462488174438477,2.26875901222229,1.2768785953521729,2.6116344928741455,2.1462979316711426,1.2748336791992188,1.7268720865249634,1.2982196807861328,1.297336459159851,2.2843410968780518,1.8424314260482788
5f651112-d2a3-4911-b3a5-f37bfc092494-1430734658837-1.7-m-72-hu.wav,hungry,-271.0963439941406,118.90593719482422,-57.869529724121094,33.469173431396484,-6.716251373291016,-52.06103515625,-9.085598945617676,-24.869110107421875,-15.798466682434082,0.9054911732673645,-17.833791732788086,-1.922971248626709,10.263524055480957,6641.24658203125,913.561279296875,1121.3797607421875,337.39227294921875,135.81454467773438,365.1542663574219,85.97086334228516,185.4084930419922,123.54412078857422,38.287750244140625,157.3254852294922,132.6936798095703,114.869140625,2.3555808067321777,0.540205180644989,-0.7459831833839417,0.35408562421798706,-0.2620730400085449,-0.48126983642578125,-0.018880601972341537,-0.2459484189748764,-0.021849002689123154,0.03588944301009178,-0.08185088634490967,0.20962563157081604,0.17588412761688232,117.89556884765625,14.645195960998535,22.002439498901367,11.795981407165527,4.0982537269592285,7.451064586639404,2.906130790710449,6.870102405548096,2.606074810028076,1.401842474937439,3.2435619831085205,3.2727231979370117,2.7810614109039307,0.37295612692832947,-0.09655208885669708,0.013197330757975578,-0.005344035569578409,-0.12894576787948608,0.10748918354511261,0.013977183029055595,-0.0837615504860878,0.11188507825136185,-0.011632616631686687,-0.040765225887298584,0.08945430815219879,-0.0538497269153595,33.74354553222656,3.6993696689605713,6.084657669067383,3.447556734085083,2.0021989345550537,2.2324018478393555,1.2522947788238525,2.0120809078216553,1.3760024309158325,0.3842589557170868,1.1144177913665771,1.0375339984893799,0.7444453239440918
602b06a7-31f0-4370-b35a-9cc81d205958-1430739585531-1.7-m-04-hu.wav,hungry,-246.66522216796875,136.01817321777344,-52.79852294921875,-2.624596357345581,-4.32943868637085,-32.79515838623047,-7.275038242340088,-14.634090423583984,-11.564326286315918,-0.19018976390361786,-13.73548698425293,-10.308196067810059,-7.873095512390137,9874.0048828125,2064.2412109375,1484.8497314453125,367.0703125,78.57801818847656,136.70738220214844,112.25648498535156,126.9419174194336,83.6421127319336,35.49296188354492,48.378658294677734,50.22917175292969,47.73713302612305,3.9610190391540527,1.6190763711929321,-0.9434594511985779,0.5370572805404663,-0.029288776218891144,-0.21291114389896393,0.01204465702176094,-0.574099063873291,-0.07961384207010269,-0.004372734110802412,-0.16848810017108917,0.14505444467067719,-0.04202180355787277,70.99815368652344,17.738542556762695,18.45294952392578,8.88020133972168,2.246387481689453,2.5995571613311768,3.387601137161255,1.7042484283447266,4.195600509643555,1.2512950897216797,1.253303050994873,2.327308416366577,1.0407904386520386,0.04500529170036316,-0.30462396144866943,-0.13582292199134827,0.01878195069730282,-0.00013064450467936695,0.15923142433166504,0.0316556915640831,-0.09672150760889053,0.054988931864500046,0.08437688648700714,0.1418614536523819,0.14627261459827423,-0.024074790999293327,18.570697784423828,3.794278144836426,5.356069087982178,3.1248950958251953,0.9817191362380981,1.6407753229141235,1.1410655975341797,0.6640353798866272,1.1593862771987915,0.8852933645248413,0.787519097328186,0.9682593941688538,0.5736063122749329
602b06a7-31f0-4370-b35a-9cc81d205958-1430739609286-1.7-f-72-hu.wav,hungry,-201.3074493408203,132.8670196533203,-66.88571166992188,-22.04118537902832,-18.18625259399414,-33.065895080566406,-12.794341087341309,-22.953304290771484,-12.706094741821289,3.731191396713257,15.068111419677734,30.52442741394043,13.53251838684082,4078.925537109375,582.1558227539062,780.8956909179688,374.7398986816406,106.66571807861328,58.77833938598633,97.3392105102539,62.998165130615234,184.0090789794922,169.80499267578125,74.51365661621094,114.08757781982422,150.44285583496094,2.512192726135254,1.1496925354003906,-0.40908822417259216,-0.16832739114761353,0.12813186645507812,-0.120261549949646,-0.21169427037239075,-0.3003073036670685,-0.3708201050758362,-0.11343517899513245,0.1616927683353424,0.34522709250450134,0.3347858786582947,138.0645294189453,20.525314331054688,30.532670974731445,15.886425018310547,1.838057279586792,1.8698177337646484,3.7963523864746094,3.105466842651367,7.102575302124023,6.354642391204834,3.135613203048706,3.325576066970825,4.6033220291137695,-0.4078311026096344,-0.6573840975761414,0.30092528462409973,0.24126406013965607,0.1608600914478302,0.1341067999601364,0.07954731583595276,0.09125234931707382,-0.13013505935668945,-0.22341589629650116,-0.1741945594549179,-0.08621291816234589,0.14313346147537231,55.95341491699219,5.606269836425781,14.175640106201172,8.734736442565918,2.178349018096924,0.7383779883384705,2.1407053470611572,1.2939660549163818,3.195354461669922,3.7310917377471924,1.310808777809143,1.0544750690460205,1.7148622274398804
602b06a7-31f0-4370-b35a-9cc81d205958-1430907796431-1.7-f-72-hu.wav,hungry,-330.85455322265625,106.52058410644531,-49.308292388916016,-9.482861518859863,-10.952835083007812,-26.796772003173828,-4.905880451202393,-10.962043762207031,-7.908785343170166,-7.78896951675415,-12.393036842346191,-0.9437055587768555,-13.54814338684082,6542.79052734375,1839.09326171875,851.0447387695312,204.26629638671875,300.7929382324219,203.18975830078125,64.9856185913086,55.34284973144531,45.768943786621094,45.33524703979492,39.9781379699707,98.36190795898438,49.822837829589844,0.7441744804382324,0.47278887033462524,0.043308988213539124,0.3135382831096649,0.14184540510177612,-0.07784521579742432,-0.010490273125469685,-0.16554848849773407,-0.13774965703487396,0.05190927907824516,-0.06376569718122482,-0.09764540195465088,-0.02600480429828167,128.63539123535156,31.354354858398438,27.651525497436523,4.6471991539001465,3.150752305984497,3.311434268951416,1.5641931295394897,2.360705614089966,1.6908987760543823,1.9779565334320068,1.2780733108520508,1.9883642196655273,1.355185627937317,-0.8113168478012085,-0.397970974445343,0.22682614624500275,0.04887653887271881,0.16768628358840942,0.10100141167640686,-0.05204492434859276,0.12881487607955933,0.08953075110912323,0.04261528328061104,0.07214898616075516,-0.008732268586754799,0.07512779533863068,16.601896286010742,5.580906867980957,5.189605236053467,1.6341363191604614,0.9764750599861145,0.3720471262931824,0.4360004961490631,0.8165642023086548,0.6834297776222229,0.5640752911567688,0.6112579107284546,0.3752153813838959,0.6176077127456665
63CA92F7-973A-4DCA-A410-7B19811A2478-1430041884-1.0-f-26-hu.wav,hungry,-504.5536193847656,141.85263061523438,-76.83150482177734,29.877017974853516,-18.0637264251709,-31.251972198486328,13.874167442321777,-29.475107192993164,-12.894433975219727,-11.192745208740234,-24.710283279418945,2.207115411758423,-11.310323715209961,10482.7822265625,1391.5914306640625,2054.6923828125,98.35259246826172,147.1018829345703,147.86680603027344,276.41448974609375,90.19956970214844,42.11703872680664,66.88328552246094,62.32115936279297,48.32073211669922,60.31505584716797,3.900601625442505,1.414119005203247,-1.0636039972305298,0.2884730398654938,-0.2151162177324295,-0.3696868121623993,0.17475298047065735,-0.2810816168785095,-0.20274588465690613,-0.1945762187242508,-0.24570326507091522,0.009475777857005596,-0.26457616686820984,253.0955810546875,49.04252624511719,44.970096588134766,2.7031466960906982,3.3967902660369873,6.118382453918457,5.644937515258789,4.581254482269287,2.2813704013824463,2.9381020069122314,2.151599884033203,2.0501322746276855,2.7126965522766113,-0.04497529938817024,0.06429023295640945,0.46403366327285767,-0.046355392783880234,0.10958346724510193,0.14345067739486694,0.0025390831287950277,0.19402089715003967,0.04250800237059593,0.058338165283203125,0.1860782355070114,0.04741116613149643,0.09762588143348694,65.44361114501953,14.744108200073242,9.332913398742676,1.2223565578460693,1.349929690361023,2.083559989929199,1.4418522119522095,0.5808653235435486,0.6518865823745728,0.8732182383537292,0.6672025918960571,0.9888023138046265,1.0067301988601685
63CA92F7-973A-4DCA-A410-7B19811A2478-1430041902-1.0-f-26-hu.wav,hungry,-537.376708984375,111.35829162597656,-50.46125030517578,24.570749282836914,-9.495409965515137,-25.714923858642578,5.716782569885254,-23.3320255279541,-13.968509674072266,-12.125993728637695,-21.911672592163086,-3.5427041053771973,-11.677482604980469,5669.623046875,1040.90966796875,952.796630859375,147.06727600097656,100.86445617675781,167.47547912597656,157.23341369628906,49.141395568847656,47.45667266845703,47.61505126953125,39.13628005981445,46.810508728027344,51.46067428588867,1.4727660417556763,0.4706946909427643,-0.45714324712753296,0.31247028708457947,-0.2405613362789154,-0.30519434809684753,0.10393451154232025,-0.2121984213590622,-0.042055048048496246,0.0319516696035862,-0.08582735061645508,0.09519723802804947,-0.03287911415100098,148.38323974609375,31.82215118408203,21.76266860961914,5.1151885986328125,3.876035690307617,3.8278133869171143,5.156166076660156,1.5697946548461914,1.1807013750076294,1.753621220588684,1.7167718410491943,1.4499237537384033,1.4549245834350586,0.5826698541641235,0.26443108916282654,-0.22461295127868652,-0.02820763736963272,0.034428760409355164,0.02709515579044819,0.011189551092684269,-0.0384351946413517,0.03416572883725166,0.04698122292757034,0.09343837946653366,0.12943525612354279,0.019319860264658928,74.07071685791016,19.818500518798828,8.303187370300293,1.5394610166549683,1.7268365621566772,2.3052260875701904,1.104758381843567,0.8480985760688782,0.3773617148399353,0.7540043592453003,0.42490801215171814,0.739102303981781,0.36440420150756836
64acb345-a61e-4ef3-a5a6-cf83c04b83f1-1430045478300-1.7-m-72-hu.wav,hungry,-231.8763885498047,130.15798950195312,-45.0842170715332,-5.291940689086914,-26.505563735961914,-31.836660385131836,-9.672613143920898,-25.800758361816406,-4.112987518310547,-1.8108878135681152,-4.776841640472412,17.199249267578125,4.083249568939209,2157.118408203125,646.303466796875,490.5703125,117.91262817382812,199.83128356933594,283.792236328125,283.3038330078125,182.41195678710938,106.60989379882812,112.17121887207031,95.65679931640625,232.20599365234375,185.8716278076172,2.257082223892212,1.015459656715393,-0.5943132638931274,0.14416952431201935,-0.3551172614097595,-0.5027401447296143,-0.1349382847547531,-0.2894405424594879,0.021838312968611717,0.03355058655142784,-0.03245602175593376,0.23162910342216492,0.0830361619591713,77.76121520996094,35.66021728515625,16.79334259033203,4.893313884735107,6.793472766876221,9.739917755126953,13.590595245361328,8.322442054748535,3.827540874481201,4.305373668670654,5.189197063446045,9.884930610656738,9.652726173400879,-0.9362446665763855,-0.7951933741569519,-0.06845923513174057,0.06699943542480469,0.05559614300727844,0.18313178420066833,0.2026110291481018,0.05551273748278618,0.05423213914036751,0.14530618488788605,0.0015018677804619074,-0.10758144408464432,-0.06885848194360733,15.13675594329834,9.5922269821167,5.997042179107666,2.137767791748047,1.6436278820037842,2.7059175968170166,3.9886059761047363,2.7780230045318604,1.3636873960494995,1.359326958656311,1.428633689880371,2.4338109493255615,2.602501630783081
64acb345-a61e-4ef3-a5a6-cf83c04b83f1-1430058973897-1.7-m-72-hu.wav,hungry,-181.542724609375,135.90089416503906,-81.66931915283203,4.6197614669799805,-45.9396858215332,-43.38108825683594,10.819710731506348,-27.227802276611328,2.6632683277130127,11.96838665008545,-6.983095645904541,17.16225814819336,-2.6605935096740723,3745.315185546875,793.5839233398438,517.42822265625,285.0336608886719,405.2579040527344,251.99053955078125,143.31971740722656,340.3406066894531,135.47940063476562,233.87918090820312,179.43292236328125,237.32061767578125,179.71620178222656,2.2020630836486816,1.1255451440811157,-0.46999591588974,-0.06714281439781189,-0.4346669316291809,-0.22020487487316132,0.0034404867328703403,-0.32878580689430237,-0.0024924459867179394,-0.031588114798069,-0.00819909106940031,0.2455786019563675,-0.0582476407289505,106.63626861572266,37.92845916748047,15.300776481628418,13.079296112060547,6.582952499389648,8.925501823425293,4.8750319480896,6.0756096839904785,3.8160240650177,6.163213729858398,5.791606426239014,4.695683479309082,7.1181840896606445,-0.8627275228500366,-0.37418925762176514,0.25124046206474304,-0.11000773310661316,0.05771372839808464,0.20265686511993408,0.07016581296920776,0.16000880300998688,0.017875753343105316,-0.111090749502182,-0.06511475890874863,-0.14598138630390167,0.010353108868002892,26.100513458251953,9.838790893554688,4.944098472595215,6.148128509521484,2.3604888916015625,3.444648265838623,2.3774397373199463,3.484206438064575,2.2495694160461426,3.019664764404297,3.8180315494537354,2.125098466873169,2.780404806137085
653bf718-94bd-40d0-af7c-8fe44e07640c-1430759214066-1.7-m-04-hu.wav,hungry,-378.05230712890625,118.70814514160156,-23.460735321044922,6.860755443572998,-14.502792358398438,-34.747032165527344,-1.4446017742156982,-14.89940071105957,-17.466754913330078,-1.9753718376159668,-14.361251831054688,-9.271210670471191,-4.644060134887695,8051.89306640625,1642.9720458984375,1109.8472900390625,240.8828887939453,45.29242706298828,351.84210205078125,92.51861572265625,70.30361938476562,115.59846496582031,26.066585540771484,68.05357360839844,23.310487747192383,26.542129516601562,2.9339373111724854,1.65677011013031,-0.5222958326339722,0.08687260001897812,-0.3741520941257477,-0.4636130928993225,0.19461899995803833,-0.2717808783054352,-0.29511144757270813,-0.053763557225465775,-0.2933577597141266,0.0015145058277994394,0.07061164826154709,91.11184692382812,20.260757446289062,15.056253433227539,5.799626350402832,0.9668751955032349,4.353775501251221,3.631333112716675,1.7434437274932861,2.1960463523864746,1.100801944732666,1.3785525560379028,0.6555649042129517,0.5551482439041138,-0.20337845385074615,-0.288882315158844,-0.09612350165843964,0.11842937767505646,0.06740815192461014,0.056562915444374084,0.09948337823152542,0.06181760132312775,0.030380936339497566,-0.03190581500530243,-0.033720556646585464,0.018730612471699715,-0.0171964168548584,25.553300857543945,6.310551643371582,6.031403064727783,2.2980732917785645,0.5365229845046997,1.6804124116897583,1.28911292552948,0.6134490370750427,0.45162099599838257,0.44592317938804626,0.5109145045280457,0.40676069259643555,0.23401691019535065
653bf718-94bd-40d0-af7c-8fe44e07640c-1430759231913-1.7-m-04-hu.wav,hungry,-274.31658935546875,145.46726989746094,-77.93192291259766,4.402219295501709,1.2987195253372192,-32.520294189453125,3.0709335803985596,-14.817450523376465,-16.988807678222656,-3.340561628341675,-14.449628829956055,-1.6068742275238037,0.35734423995018005,13145.3427734375,3383.768310546875,1953.3699951171875,431.7809143066406,91.23258972167969,342.8824462890625,120.5766830444336,102.68767547607422,84.3094253540039,53.72489929199219,83.05400848388672,76.0726089477539,64.18579864501953,3.6391654014587402,1.879489541053772,-1.0352342128753662,-0.3336973488330841,-0.036930277943611145,-0.5157215595245361,-0.1705668419599533,0.007182146422564983,-0.2080475389957428,-0.19023509323596954,-0.011768807657063007,0.10085462033748627,0.01908433623611927,83.03398895263672,28.607685089111328,22.52220916748047,20.241870880126953,2.1073060035705566,2.6280837059020996,5.350279808044434,2.714843511581421,2.2830381393432617,1.8000253438949585,1.6735239028930664,2.270195960998535,1.7968624830245972,0.03389400243759155,-0.13645154237747192,0.06218380481004715,-0.009904381819069386,0.014146198518574238,-0.013637644238770008,-0.024647677317261696,0.1296180933713913,0.06134127080440521,0.009077572263777256,0.08994031697511673,0.023712076246738434,-0.00409921957179904,33.81299591064453,9.497674942016602,8.640348434448242,5.764835357666016,1.0776244401931763,1.607833743095398,1.489702582359314,1.0674189329147339,0.8095057010650635,1.076643705368042,0.621306300163269,0.6458688974380493,0.7100650668144226
6639C63C-F634-489C-91B3-E3DB5930EFD5-1431370257-1.1-m-04-hu.wav,hungry,-323.2999267578125,108.58129119873047,-48.65028762817383,10.677194595336914,-18.110206604003906,-41.437259674072266,-10.843887329101562,-21.997127532958984,-6.3262038230896,-6.129486560821533,-25.357608795166016,-5.192843437194824,-4.7054948806762695,11244.24609375,1210.669677734375,2705.625732421875,258.6628112792969,110.32274627685547,197.70297241210938,78.19690704345703,219.1336212158203,95.93671417236328,110.94039916992188,82.0250015258789,196.296875,145.12191772460938,2.2207930088043213,0.2750975489616394,-0.7747320532798767,0.22700271010398865,0.02885420247912407,-0.26966962218284607,-0.13758252561092377,-0.22090770304203033,0.02068624272942543,-0.05486474558711052,-0.18305011093616486,0.23036715388298035,0.3394412398338318,151.38059997558594,26.52444076538086,45.99300765991211,9.096662521362305,3.068054437637329,3.2217118740081787,2.4898531436920166,5.048226356506348,3.599158763885498,3.652042865753174,1.652977466583252,4.151602745056152,3.0827527046203613,0.36575910449028015,0.11280210316181183,0.3467860519886017,-0.1976662427186966,0.00476122135296464,0.09243906289339066,-0.03136526793241501,0.12198321521282196,-0.038150619715452194,-0.00817574467509985,0.0672077164053917,-0.1581123173236847,-0.07375234365463257,47.60487747192383,12.07520866394043,10.888736724853516,4.660645008087158,1.6719720363616943,1.2858831882476807,1.084099531173706,1.675953984260559,1.1416339874267578,0.8216375112533569,0.7030813097953796,1.1301387548446655,1.2456417083740234
6639C63C-F634-489C-91B3-E3DB5930EFD5-1431370278-1.1-m-04-hu.wav,hungry,-306.878173828125,139.67491149902344,-68.03850555419922,12.610380172729492,-11.896587371826172,-38.47819519042969,-16.75916290283203,-35.76796340942383,-3.2929999828338623,-3.630565643310547,-30.13672637939453,-2.861762285232544,-1.8417636156082153,8058.1455078125,1900.072021484375,995.2069702148438,229.3763885498047,65.0321044921875,223.07525634765625,123.88473510742188,234.76458740234375,77.03073120117188,44.21339797973633,149.20266723632812,41.54530715942383,116.47389221191406,3.787794828414917,1.1877849102020264,-1.3854587078094482,0.8798754811286926,0.06675999611616135,-0.5017715096473694,0.09194625914096832,-0.4748372733592987,-0.1036006435751915,-0.07156345993280411,-0.40712976455688477,0.22742551565170288,0.2655997574329376,159.7917938232422,37.26653289794922,29.258136749267578,8.14648723602295,1.8495959043502808,3.813157796859741,3.439303159713745,7.237956523895264,3.1701955795288086,1.288553237915039,5.352810859680176,0.6783471703529358,3.089909553527832,0.7623867988586426,0.5341149568557739,0.01865536905825138,0.0259868036955595,-0.05275633558630943,-0.021563909947872162,0.0023821466602385044,0.013380615971982479,0.09522242099046707,-0.0171448215842247,-0.10789746791124344,-0.07288982719182968,-0.0846552923321724,68.6966781616211,18.328468322753906,7.733086109161377,1.4361023902893066,0.5936021208763123,1.4484621286392212,1.398515224456787,2.7094132900238037,0.8242882490158081,0.41091153025627136,2.2857449054718018,0.28811272978782654,0.9031630158424377
67414C5E-0EB2-48FD-8391-FCF085FDB6D9-1430050964-1.0-m-04-hu.wav,hungry,-300.9084167480469,88.8647689819336,-37.279659271240234,-0.47070401906967163,0.496439129114151,-13.437249183654785,-2.6880733966827393,-10.830831527709961,-8.570466041564941,-11.519876480102539,-16.514490127563477,-7.686709880828857,-9.08003044128418,6778.8193359375,688.7088012695312,1960.67333984375,85.27525329589844,130.9066925048828,140.86912536621094,185.38027954101562,158.97901916503906,189.91827392578125,119.83943939208984,126.11335754394531,107.99359893798828,76.54689025878906,2.33721661567688,0.24452407658100128,-1.2174489498138428,-0.17076125741004944,-0.21723002195358276,0.016446340829133987,0.5007295608520508,0.3303353190422058,0.22240296006202698,-0.24516946077346802,-0.29575929045677185,0.19450393319129944,0.21031324565410614,70.6960678100586,12.764410972595215,20.380311965942383,2.96350359916687,0.9423929452896118,5.014069080352783,2.5793566703796387,3.9884896278381348,3.345698595046997,5.247411727905273,5.239556312561035,3.8522796630859375,2.9385437965393066,-0.05035644397139549,-0.24464942514896393,0.2629202902317047,0.0030560169834643602,0.006826178636401892,-0.03412695229053497,-0.1200108602643013,0.048420052975416183,0.06084529310464859,0.1355672925710678,0.10907775908708572,-0.09315671026706696,-0.05721289664506912,16.154993057250977,5.048912048339844,4.979215145111084,1.551011085510254,0.9168898463249207,1.6982862949371338,1.3241380453109741,0.6630532145500183,1.2503941059112549,2.367765188217163,2.7646777629852295,2.4148030281066895,2.5347347259521484
69374818-7b73-48ac-8200-e6a225e293fb-1430746080630-1.7-m-04-hu.wav,hungry,-253.9728240966797,147.4158935546875,-113.43146514892578,8.668797492980957,-4.437384128570557,-35.48653030395508,6.900595188140869,-17.515867233276367,-10.231334686279297,-8.552897453308105,-15.98599910736084,3.471630334854126,-12.618095397949219,4401.208984375,930.356689453125,712.2728271484375,403.39483642578125,126.02108001708984,145.11016845703125,53.3295783996582,47.69915008544922,48.16252517700195,27.442533493041992,33.728729248046875,33.91484069824219,38.21641159057617,3.428499698638916,1.422104835510254,-0.734336793422699,0.6401881575584412,-0.014156936667859554,-0.2785515785217285,-0.03177123889327049,-0.3015388548374176,0.12018338590860367,-0.16173866391181946,-0.21898168325424194,0.1235576793551445,-0.21060068905353546,86.56777954101562,20.055335998535156,16.35122299194336,5.032333850860596,1.999191403388977,2.863637685775757,1.4594550132751465,0.7193036079406738,1.0024338960647583,0.8402886986732483,0.6537322402000427,0.9272395372390747,1.0995545387268066,-0.6290284991264343,-0.2284599393606186,0.379764199256897,0.004891710821539164,0.1256597638130188,0.219163715839386,0.001064480748027563,0.031738799065351486,0.01021585799753666,-0.005521137733012438,-0.005860001314431429,-0.03814532607793808,0.0018754506018012762,17.389873504638672,5.299876689910889,3.6415650844573975,0.732856035232544,0.9194638729095459,1.3459705114364624,0.37221401929855347,0.2991271913051605,0.28292331099510193,0.24569880962371826,0.3719615042209625,0.2442246973514557,0.37997153401374817
69374818-7b73-48ac-8200-e6a225e293fb-1430746091424-1.7-m-04-hu.wav,hungry,-233.5135498046875,139.8710174560547,-92.20625305175781,9.511770248413086,-9.29267406463623,-30.26091957092285,3.0453193187713623,-22.30554962158203,-5.795557975769043,-10.066229820251465,-21.58434295654297,1.944866418838501,-14.333528518676758,5975.85888671875,1616.1763916015625,1001.344970703125,427.9527587890625,241.0038299560547,148.37081909179688,70.91846466064453,213.67462158203125,104.7840347290039,68.17093658447266,71.09365844726562,56.90603256225586,62.131919860839844,2.241988182067871,0.5023947358131409,-0.5718221664428711,0.8549908399581909,-0.2915187180042267,-0.037684716284275055,0.2709035575389862,-0.7772480845451355,-0.1594552844762802,-0.14047656953334808,-0.30495062470436096,0.2918536365032196,-0.16055403649806976,76.25787353515625,26.312049865722656,17.127418518066406,11.530980110168457,5.433109760284424,8.138572692871094,2.3607687950134277,5.487091064453125,3.962334156036377,1.2783336639404297,1.2187974452972412,1.9992479085922241,1.1760910749435425,-0.6742621660232544,-0.359865665435791,0.20231640338897705,0.016080988571047783,0.13221301138401031,0.3400963544845581,0.08662865310907364,-0.0037673127371817827,0.024989549070596695,-0.040143731981515884,0.1273912936449051,0.1330564320087433,-0.06649350374937057,15.69981575012207,6.185832500457764,5.7137627601623535,6.265254974365234,2.0161945819854736,3.189704418182373,0.82513427734375,2.366978883743286,1.9180487394332886,0.7819533944129944,0.7375333905220032,0.8321297764778137,0.7568213939666748
6bd76f21-f279-4c46-9453-58c95e7b2475-1430767927715-1.7-m-72-hu.wav,hungry,-464.859619140625,120.39619445800781,-21.433265686035156,6.037208557128906,-14.382247924804688,-22.15664291381836,-0.14323124289512634,-21.798786163330078,-14.204604148864746,-4.686224937438965,-16.595151901245117,-9.3478364944458,-10.938224792480469,18714.001953125,4119.7705078125,1915.5538330078125,301.80035400390625,655.2035522460938,323.428955078125,458.0256042480469,98.0159912109375,45.868690490722656,113.85820007324219,77.97916412353516,27.799835205078125,27.668540954589844,4.010685920715332,2.0640103816986084,-0.9167342782020569,-0.42646095156669617,-0.4639888107776642,-0.028051652014255524,0.41869619488716125,-0.10273999720811844,0.14575032889842987,0.09936094284057617,-0.29724499583244324,-0.06685908138751984,-0.24772875010967255,116.58047485351562,35.99008560180664,15.803075790405273,6.171067714691162,7.13076114654541,3.186039924621582,6.053567409515381,2.686335563659668,1.600380539894104,1.6525745391845703,1.4152942895889282,1.498799204826355,0.914643406867981,-0.43203005194664,-0.44472354650497437,0.24078677594661713,0.1750744730234146,0.019920021295547485,-0.028718406334519386,-0.03728218376636505,0.05143154039978981,-0.002827356569468975,0.0025921224150806665,0.060051873326301575,0.03721291199326515,0.05458248034119606,27.623865127563477,11.124320983886719,6.486825466156006,2.1984951496124268,2.2377729415893555,0.5466148853302002,0.9945865273475647,0.9068580865859985,0.6256625652313232,0.41166824102401733,0.559536874294281,0.3409389853477478,0.2579959034919739
6d922623-8424-4625-be4c-4964e0c9e25c-1434898452774-1.7-m-04-hu.wav,hungry,-284.3691711425781,153.8647003173828,1.3595452308654785,-0.2551793158054352,-26.377269744873047,-25.007465362548828,-3.4709832668304443,-17.408706665039062,-8.631620407104492,-11.853113174438477,-17.259857177734375,-2.626156806945801,-11.106111526489258,3870.815185546875,733.9876708984375,925.6964721679688,248.1652069091797,107.43121337890625,134.3525848388672,51.01348876953125,117.76754760742188,40.64351272583008,44.26023864746094,71.64962768554688,116.9372329711914,48.8232536315918,2.064667224884033,1.2937946319580078,-0.5630894899368286,-0.4857119023799896,-0.2169848084449768,-0.0011892521288245916,0.20794229209423065,0.05422700569033623,0.055005211383104324,-0.027089307084679604,-0.26134347915649414,-0.13727688789367676,0.014151619747281075,57.95936965942383,18.021944046020508,13.244251251220703,11.169142723083496,4.171549320220947,4.949601173400879,1.4098312854766846,3.4944684505462646,1.3570992946624756,1.3347975015640259,1.7881134748458862,3.622154474258423,1.9170472621917725,-0.2588902413845062,-0.37951257824897766,-0.24593769013881683,-0.021175114437937737,0.05132127180695534,0.1074414774775505,0.17468614876270294,0.12376874685287476,0.052513595670461655,0.0007172648329287767,-0.09929905831813812,-0.07874995470046997,0.10670614242553711,23.957555770874023,6.273221969604492,6.906241416931152,3.3311407566070557,1.6330066919326782,1.837149977684021,0.8409404158592224,1.1366479396820068,0.39521318674087524,0.6481395363807678,0.9689998030662537,1.2796896696090698,1.2758845090866089
7060a4f6-4c0c-494b-912c-ae60158b185a-1436931995150-1.7-f-04-hu.wav,hungry,-360.4772644042969,148.76919555664062,-20.157487869262695,9.83537483215332,5.062553405761719,-1.4698880910873413,7.6511664390563965,-16.806703567504883,-5.760961532592773,-3.955867052078247,-16.274154663085938,-1.3177165985107422,-8.490551948547363,2802.805908203125,1022.0808715820312,294.8956604003906,268.66546630859375,214.38430786132812,80.52349090576172,27.833261489868164,52.97160339355469,32.05366516113281,55.39116668701172,108.1233139038086,38.26304244995117,21.632110595703125,2.3139846324920654,1.261620044708252,-0.4212428033351898,-0.203785240650177,-0.27680593729019165,-0.20365940034389496,0.07069829851388931,-0.0800153985619545,-0.007901900447905064,-0.021755196154117584,-0.21679531037807465,-0.02381376549601555,0.04756511375308037,43.10658645629883,13.909893989562988,7.758124351501465,4.317845344543457,2.510043144226074,2.044145345687866,1.2514358758926392,2.7019455432891846,1.4164491891860962,1.4571173191070557,1.43115234375,1.4063621759414673,0.7851918935775757,-0.5494617223739624,-0.48285987973213196,0.12901072204113007,-2.076017153740395e-05,-0.13571041822433472,-0.10676915943622589,-0.01315185334533453,0.07847941666841507,-0.03735257312655449,-0.0018766354769468307,0.042960505932569504,-0.039828695356845856,0.031184811145067215,18.4556941986084,6.780783653259277,3.871497869491577,3.3670876026153564,1.8125845193862915,1.402715802192688,0.7058631181716919,0.9450674653053284,0.4961664378643036,0.6657260656356812,0.5149114727973938,0.31179413199424744,0.3648676872253418
70d30513-0ec3-49e4-9976-e85785e85c2d-1431033372810-1.7-m-04-hu.wav,hungry,-445.72198486328125,149.78038024902344,-61.927330017089844,45.52146911621094,-7.98416805267334,-16.966354370117188,22.12594223022461,-23.59046173095703,3.303157329559326,-0.4175958037376404,-18.894577026367188,6.449676036834717,-15.418378829956055,12803.6513671875,1730.671875,1656.7264404296875,690.13623046875,165.6504669189453,121.24571228027344,86.8166732788086,211.2090301513672,40.87556076049805,34.90301513671875,49.811309814453125,46.286563873291016,32.94524383544922,0.20983318984508514,0.08805260807275772,-0.13606302440166473,0.0005028640734963119,0.1642940640449524,0.10912679880857468,0.015923788771033287,-0.03309305012226105,-0.03201949596405029,0.045105189085006714,0.08798156678676605,0.006029160693287849,-0.07566215842962265,190.14739990234375,21.7778263092041,48.71778869628906,14.811701774597168,5.154668807983398,2.1725544929504395,3.2722320556640625,3.696247100830078,1.3221960067749023,0.8481560349464417,1.2916384935379028,1.5661168098449707,1.0199967622756958,-0.8199170827865601,-0.3449466824531555,0.24063782393932343,-0.08429825305938721,0.037076860666275024,0.06356582045555115,-0.0291997529566288,0.06940212845802307,-0.055516213178634644,-0.026148460805416107,0.06050429120659828,-0.03931600600481033,0.022663237527012825,59.77995300292969,12.543547630310059,14.111774444580078,4.412611961364746,1.9715287685394287,1.3284491300582886,0.9156038165092468,1.4191473722457886,0.620040774345398,0.6335569024085999,0.6003946661949158,0.5049582123756409,0.38882240653038025
70d30513-0ec3-49e4-9976-e85785e85c2d-1431033390358-1.7-m-04-hu.wav,hungry,-410.0452575683594,85.41631317138672,-59.756805419921875,21.473724365234375,-15.663797378540039,-20.195043563842773,16.91436195373535,-18.279949188232422,-3.04313588142395,2.157162666320801,-14.725000381469727,3.273268699645996,-3.3381075859069824,30584.021484375,3193.913330078125,5714.39208984375,368.6554870605469,504.07183837890625,524.73095703125,296.6751708984375,306.5459289550781,60.932655334472656,52.052635192871094,178.211181640625,93.1567611694336,36.38566589355469,-0.7175389528274536,0.35021501779556274,0.5438532829284668,-0.47398149967193604,0.3587597906589508,0.17877107858657837,-0.31005188822746277,0.08035427331924438,-0.24768272042274475,0.007874052971601486,0.3925075829029083,0.052815031260252,0.07589754462242126,436.56121826171875,45.16994857788086,84.37283325195312,11.275077819824219,8.223114967346191,8.068448066711426,2.7346432209014893,6.31742525100708,1.0598335266113281,1.2339117527008057,3.1425132751464844,3.0785281658172607,1.7187811136245728,-2.214878797531128,-0.765055775642395,0.7783445119857788,-0.30870023369789124,0.11797046661376953,0.18076469004154205,-0.12458731234073639,0.2907339632511139,-0.0024632997810840607,-0.09345744550228119,-0.009547763504087925,-0.17437560856342316,0.05137719586491585,49.67424774169922,5.559909820556641,9.262228012084961,2.4725253582000732,1.9320485591888428,1.1003881692886353,0.45150062441825867,0.9516953229904175,0.3572172522544861,0.43614643812179565,0.712909996509552,0.5670839548110962,0.42999425530433655
70d30513-0ec3-49e4-9976-e85785e85c2d-1431033405793-1.7-m-04-hu.wav,hungry,-273.2748107910156,100.0505142211914,-83.49130249023438,22.540325164794922,-27.553497314453125,-38.38848114013672,13.254549980163574,-27.302326202392578,-8.769438743591309,6.951585292816162,-3.7966980934143066,14.728601455688477,-2.8947761058807373,16379.19921875,1389.1025390625,3895.726806640625,750.9033203125,331.2912902832031,381.9206848144531,174.57571411132812,340.4991455078125,129.73941040039062,78.22151184082031,238.73822021484375,175.8652801513672,90.70267486572266,-0.7025465369224548,-0.3213559091091156,0.3197685480117798,0.19775351881980896,0.20779474079608917,0.11936824768781662,-0.0647466853260994,0.09127546101808548,0.21072134375572205,0.08315200358629227,-0.0788244679570198,-0.1031009629368782,-0.08287889510393143,415.8224182128906,36.521484375,96.62751770019531,23.774349212646484,12.681767463684082,13.74671745300293,4.873856067657471,8.334988594055176,5.079415798187256,2.1022229194641113,6.69018030166626,4.759682655334473,4.4770636558532715,-0.34555521607398987,0.11203604191541672,0.24373097717761993,-0.2921147346496582,-0.12886932492256165,-0.12860658764839172,-0.11941856890916824,0.15659146010875702,0.0023383498191833496,-0.04157484322786331,0.007701873779296875,-0.09130997210741043,0.025920799002051353,73.93404388427734,9.015485763549805,13.99090576171875,4.325686931610107,2.530291795730591,4.458343505859375,1.6750072240829468,2.0982441902160645,2.3021388053894043,1.147270679473877,1.0718148946762085,0.9091860055923462,1.3867590427398682
719bb382-a592-46b7-82d2-8b4a625263b7-1430376267895-1.7-m-48-hu.wav,hungry,-508.6211242675781,102.18524932861328,-35.76070785522461,11.318904876708984,5.467555046081543,-16.475196838378906,5.065301418304443,-4.646445274353027,-6.3057756423950195,-3.2530741691589355,-14.162738800048828,-8.532297134399414,-6.857002258300781,6454.18408203125,770.0692138671875,2066.005859375,388.37249755859375,200.88510131835938,215.35000610351562,97.06621551513672,158.9393310546875,56.500362396240234,88.2367935180664,64.21382904052734,61.233768463134766,32.62078857421875,1.2762433290481567,0.751396656036377,-0.11316678673028946,0.21473857760429382,-0.08044935762882233,-0.25041690468788147,0.2016223967075348,0.22974880039691925,0.09974905848503113,0.04613369703292847,-0.10746967792510986,-0.14492838084697723,-0.08790469914674759,163.52537536621094,30.581960678100586,60.74310302734375,17.441009521484375,10.269261360168457,6.46584939956665,3.3434252738952637,4.5674848556518555,1.1086686849594116,3.314685821533203,1.6199718713760376,0.9472615122795105,0.9670504331588745,-1.2307333946228027,-0.5588334798812866,0.41114506125450134,-0.11189134418964386,-0.05608682334423065,0.1581849455833435,-0.0659923255443573,0.0024982234463095665,0.04859438166022301,0.0254793930798769,0.11501399427652359,0.0381830558180809,-0.02271357923746109,44.412845611572266,12.576943397521973,15.45749568939209,6.680087566375732,4.22578239440918,5.550209999084473,1.6598002910614014,4.020051002502441,1.2453399896621704,2.3390159606933594,1.5652159452438354,1.0602985620498657,0.5886806845664978
719bb382-a592-46b7-82d2-8b4a625263b7-1430376483385-1.7-m-48-hu.wav,hungry,-549.1439208984375,142.1963348388672,-95.75147247314453,20.567481994628906,-5.018662929534912,-28.058612823486328,16.805927276611328,-12.955044746398926,-3.475517988204956,-4.065712928771973,-15.170598030090332,3.9091553688049316,-12.601649284362793,12186.048828125,632.1849365234375,5538.01708984375,98.19861602783203,92.79457092285156,357.7026672363281,122.95465087890625,105.25115203857422,18.47092628479004,49.04233169555664,24.454465866088867,46.945472717285156,37.24135208129883,3.473959445953369,0.6615102291107178,-1.5208503007888794,0.21536439657211304,-0.1424846649169922,-0.15819430351257324,0.4058290719985962,-0.3291751444339752,-0.15741558372974396,0.1388782113790512,-0.15238045156002045,0.046630870550870895,0.07314755767583847,82.72084045410156,10.140422821044922,26.153715133666992,2.8873374462127686,3.3667027950286865,4.3044633865356445,0.8487178087234497,3.0273795127868652,0.544196367263794,1.2449710369110107,0.989830732345581,1.1516319513320923,0.5305718779563904,-0.42109841108322144,-0.49364328384399414,0.17517749965190887,-0.27487611770629883,-0.08812332153320312,0.1282978355884552,-0.07828756421804428,-0.04797845706343651,-0.05943959951400757,0.04271036386489868,0.08197686076164246,-0.0019170439336448908,0.07119204849004745,39.18019485473633,4.7790069580078125,6.982595443725586,1.0311814546585083,0.934279203414917,1.9678750038146973,0.4331577718257904,0.5696921944618225,0.15965095162391663,0.3299468159675598,0.2550182640552521,0.2488240748643875,0.2792447507381439
719bb382-a592-46b7-82d2-8b4a625263b7-1430376501744-1.7-m-48-hu.wav,hungry,-460.5589294433594,144.6873321533203,-109.24942779541016,-2.8708834648132324,-6.207202434539795,-32.83530807495117,13.855597496032715,-5.2152838706970215,-7.657904624938965,-2.24200701713562,-8.26707649230957,2.502243757247925,-9.609992027282715,9007.470703125,1072.8411865234375,3061.8095703125,460.9771423339844,106.6579818725586,371.52581787109375,65.47815704345703,172.03256225585938,61.52717208862305,47.95149230957031,40.12926483154297,47.274009704589844,48.20354461669922,4.105878829956055,0.8947567343711853,-2.0361199378967285,0.11445443332195282,-0.016138475388288498,-0.606468141078949,0.17520886659622192,0.21376676857471466,0.06848209351301193,0.05697237327694893,0.10398512333631516,0.20467378199100494,-0.1028238832950592,107.75830841064453,17.63153839111328,39.642738342285156,8.904583930969238,2.9671740531921387,2.51240611076355,1.8972437381744385,2.4975297451019287,2.3665473461151123,1.2585675716400146,0.8529817461967468,1.3561561107635498,1.2911056280136108,0.030652349814772606,-0.06725520640611649,0.26421353220939636,-0.23542536795139313,-0.004610102158039808,0.15670153498649597,-0.006368246395140886,0.23214010894298553,0.08836020529270172,-0.009882310405373573,-0.018119214102625847,-0.23440738022327423,-0.11594057083129883,33.7841682434082,6.5640997886657715,8.78034782409668,2.107971429824829,1.5219409465789795,1.2137678861618042,0.6434119939804077,1.308963656425476,0.5742257833480835,0.3307839334011078,0.31470587849617004,1.583317518234253,0.5981271862983704
719bb382-a592-46b7-82d2-8b4a625263b7-1430376562788-1.7-m-48-hu.wav,hungry,-381.92706298828125,174.08888244628906,-66.58600616455078,0.2104008048772812,-11.001591682434082,-34.65269088745117,-4.472330093383789,-16.68890953063965,3.3626656532287598,3.404592752456665,-19.242021560668945,-0.7953015565872192,-4.756511688232422,7599.96484375,1426.4337158203125,1004.9549560546875,1152.076171875,147.28758239746094,183.28634643554688,244.93301391601562,212.3191680908203,77.8552017211914,59.64691925048828,101.69068145751953,74.02953338623047,71.90151977539062,-0.5293457508087158,-0.050102174282073975,0.12508749961853027,-0.4632246196269989,-0.07975541055202484,0.12423554062843323,-0.04037044569849968,0.13833142817020416,0.10206234455108643,0.11342042684555054,0.08554188907146454,-0.16923972964286804,-0.032074566930532455,275.2634582519531,57.988643646240234,54.048858642578125,17.999753952026367,4.767272472381592,9.707222938537598,8.734166145324707,4.971854209899902,2.4250667095184326,1.7402113676071167,2.716505289077759,4.583331108093262,1.6491962671279907,-1.2140744924545288,-0.7883570194244385,0.14789743721485138,-0.018730904906988144,0.06024646759033203,0.26468929648399353,0.11544597893953323,-0.00897040031850338,-0.10020123422145844,-0.1179545447230339,-0.06060701236128807,-0.019948942586779594,0.06505860388278961,76.51741790771484,20.877042770385742,12.683830261230469,8.781102180480957,1.7439004182815552,2.898444414138794,4.016818046569824,2.210857391357422,1.262672781944275,1.0613718032836914,1.181860089302063,1.3816587924957275,1.0244019031524658
743E7CCA-D32B-40B6-9541-9808122D3F6B-1436860011-1.1-f-26-hu.wav,hungry,-217.75555419921875,131.74490356445312,-120.58271789550781,60.55352020263672,-14.469391822814941,-22.921789169311523,27.60129737854004,-36.80759811401367,4.975255966186523,-4.773704528808594,-21.61603355407715,18.918476104736328,-12.8807373046875,5440.30615234375,464.939208984375,664.9797973632812,627.6729736328125,118.13249969482422,95.36727142333984,68.1586685180664,40.459468841552734,224.43905639648438,29.903369903564453,39.140037536621094,67.22042083740234,88.3740234375,0.8844041228294373,0.07168533653020859,-0.1084967777132988,-0.26260730624198914,-0.24426189064979553,-0.1743934452533722,0.24119460582733154,0.05340113490819931,-0.2654752731323242,0.10794613510370255,-0.06355397403240204,-0.18598993122577667,0.2139645665884018,111.74054718017578,9.696802139282227,14.889300346374512,8.874587059020996,2.014531373977661,2.6617536544799805,2.873347520828247,1.011997103691101,1.5218796730041504,0.9321203827857971,0.7832610011100769,0.6364077925682068,1.44303297996521,0.07337580621242523,-0.3607058823108673,0.2423500269651413,-0.059019170701503754,0.023174207657575607,0.12201205641031265,-0.11195371299982071,0.03768379986286163,0.025739794597029686,0.01831304281949997,0.029610425233840942,-0.10440203547477722,-0.0366012342274189,14.7587308883667,3.249159574508667,4.8245673179626465,2.1100053787231445,0.671913743019104,0.6203673481941223,1.1189559698104858,0.38256511092185974,0.26120254397392273,0.3035934269428253,0.2406943142414093,0.39492663741111755,0.3730858266353607
743E7CCA-D32B-40B6-9541-9808122D3F6B-1436860028-1.1-f-26-hu.wav,hungry,-259.32171630859375,124.95613861083984,-96.92084503173828,55.07816696166992,-25.813629150390625,-24.512575149536133,21.061344146728516,-36.78359603881836,14.35944938659668,-1.6636279821395874,-27.137502670288086,9.05101490020752,-19.776437759399414,12274.8408203125,588.5675048828125,2065.485107421875,870.1410522460938,403.58062744140625,227.54168701171875,421.84051513671875,371.9337463378906,401.3978271484375,80.8692398071289,55.98167037963867,222.010986328125,58.6862678527832,-0.10840003937482834,0.18855208158493042,0.28741317987442017,0.31792065501213074,0.5100607872009277,0.05608255788683891,-0.11412065476179123,-0.16902951896190643,-0.3064342141151428,0.032646544277668,-0.15227676928043365,-0.2545924782752991,0.13141481578350067,176.03628540039062,15.721442222595215,23.198495864868164,10.625143051147461,4.891453742980957,7.124326705932617,3.2684924602508545,6.910583019256592,3.9455478191375732,1.2193093299865723,1.729042410850525,2.9368841648101807,1.0430952310562134,-1.3811829090118408,-0.4884257912635803,0.47549277544021606,-0.17375895380973816,0.09293238818645477,0.13876906037330627,-0.06991942226886749,0.09167472273111343,-0.06575872749090195,-0.027868058532476425,0.03381602093577385,-0.01785130612552166,0.0964188203215599,58.92962646484375,8.440796852111816,8.082529067993164,1.8206137418746948,2.137860059738159,2.75394606590271,0.7357727885246277,1.6236202716827393,0.8926467299461365,0.3746369183063507,0.6390892863273621,0.7735475301742554,0.3905172049999237
743E7CCA-D32B-40B6-9541-9808122D3F6B-1436860053-1.1-f-26-hu.wav,hungry,-224.43673706054688,117.35212707519531,-85.62201690673828,46.41318893432617,-31.749277114868164,-33.4052734375,20.276607513427734,-33.081092834472656,6.804793357849121,0.2807040810585022,-31.05844497680664,3.612666606903076,-12.092572212219238,5419.193359375,350.8793640136719,796.19580078125,268.84539794921875,267.94256591796875,229.05307006835938,215.56674194335938,91.37149047851562,91.37752532958984,76.2770004272461,48.6777458190918,177.6396484375,77.3017578125,1.7135295867919922,-0.14276999235153198,-0.5717605352401733,0.4939870238304138,-0.20071814954280853,0.35498297214508057,0.26229551434516907,-0.1073947325348854,0.37803754210472107,0.16859669983386993,-0.07691963016986847,0.16613410413265228,-0.07271082699298859,85.48416900634766,9.02755355834961,11.417142868041992,4.6049604415893555,11.855828285217285,11.414361000061035,3.5425143241882324,1.4859583377838135,2.5757076740264893,1.9033113718032837,1.0385091304779053,1.7670376300811768,2.9921047687530518,0.9540892243385315,0.13691508769989014,-0.08829108625650406,0.025657374411821365,-0.14491026103496552,0.08216865360736847,-0.0811016857624054,0.047113966196775436,0.032483700662851334,0.008855598047375679,0.029184378683567047,-0.01826789788901806,0.0037061087787151337,19.16537094116211,2.421435832977295,2.1202445030212402,0.9927893280982971,2.9487054347991943,2.3212497234344482,0.8829063177108765,0.4744705557823181,0.4781999886035919,0.6042614579200745,0.45156869292259216,0.4501658082008362,0.532038152217865
743E7CCA-D32B-40B6-9541-9808122D3F6B-1436860161-1.1-f-26-hu.wav,hungry,-233.88671875,148.74591064453125,-127.7663803100586,55.38718032836914,-24.720359802246094,-20.00469207763672,38.477657318115234,-40.96675109863281,8.701319694519043,5.275023460388184,-24.755910873413086,16.231182098388672,-13.668464660644531,4855.2099609375,819.2741088867188,692.9492797851562,794.2952880859375,231.61349487304688,365.1776123046875,169.38352966308594,172.3891143798828,127.60113525390625,115.40059661865234,63.19374465942383,113.93279266357422,80.18748474121094,2.281156063079834,0.6166653037071228,-0.8051769137382507,0.23966452479362488,-0.17966416478157043,0.1566765308380127,0.43694421648979187,-0.2688385844230652,0.03163069486618042,0.09681309014558792,0.0059363143518567085,0.500246524810791,0.229142963886261,181.1622772216797,42.17072296142578,20.326519012451172,8.255467414855957,8.51544189453125,7.129751682281494,3.1632723808288574,3.993741035461426,2.5500845909118652,2.81528902053833,1.3218809366226196,3.557304620742798,2.1878862380981445,-1.2962535619735718,-0.6502047777175903,0.46188586950302124,-0.10361652076244354,-0.022142374888062477,0.0401570126414299,-0.09142372757196426,0.16518574953079224,0.0077970027923583984,0.014026224613189697,0.10165271162986755,-0.003015080699697137,0.13784508407115936,15.91411304473877,4.136540412902832,2.565884590148926,1.434321641921997,1.2458113431930542,0.8283661603927612,0.7633345723152161,0.7000110149383545,0.6573546528816223,0.685863196849823,0.6630417108535767,0.7920936346054077,0.8860157132148743
7616E8F4-B1A7-45A6-9A0C-C9BB2DE64FC3-1436868751-1.1-m-72-hu.wav,hungry,-206.74526977539062,147.45143127441406,-127.41584777832031,43.33744812011719,-16.496044158935547,-22.831260681152344,24.659425735473633,-25.50562858581543,17.84151840209961,-5.737074851989746,-23.959379196166992,18.63698387145996,-17.543638229370117,3710.04931640625,77.38787078857422,786.2197265625,1722.026611328125,41.73394775390625,127.56233215332031,65.30265808105469,157.62457275390625,260.6719970703125,28.594541549682617,55.514488220214844,363.7696228027344,136.8041229248047,-0.05660605430603027,-0.08695389330387115,0.5091610550880432,-0.01637340523302555,-0.13764455914497375,0.22196641564369202,-0.02222246117889881,0.011624216102063656,0.06611821800470352,-0.001091489102691412,0.2536590099334717,0.1777011752128601,-0.04805288836359978,64.21446228027344,1.9545609951019287,20.2971134185791,21.575807571411133,1.9052071571350098,4.285290241241455,2.6076807975769043,2.2025516033172607,2.3336257934570312,0.9385499954223633,1.5086957216262817,3.8396360874176025,4.35164737701416,0.15137866139411926,-0.09595084935426712,0.22242191433906555,0.07630709558725357,-0.019148176535964012,0.055968161672353745,-0.055418308824300766,-0.11438631266355515,-0.1187441274523735,-0.013674925081431866,0.032609451562166214,0.11803580075502396,0.2904455363750458,13.808741569519043,1.358644962310791,5.1017560958862305,4.684051990509033,0.6150118708610535,1.7961452007293701,0.8628671765327454,0.5945698022842407,0.4413768947124481,0.7084937691688538,0.23726199567317963,0.9426634907722473,0.9569120407104492
771fa0cc-4535-471b-9cec-d26deff8d567-1429803644891-1.7-m-04-hu.wav,hungry,-271.5638427734375,122.06128692626953,-92.92399597167969,14.602251052856445,-15.520402908325195,-34.446163177490234,9.673540115356445,-14.805474281311035,5.746589183807373,0.4955664277076721,-26.111242294311523,2.983022451400757,1.7469851970672607,11734.0810546875,1690.486083984375,2011.9603271484375,259.63092041015625,107.65909576416016,409.6535339355469,58.19361877441406,101.42420196533203,34.3397216796875,58.440433502197266,67.58009338378906,38.80926513671875,39.98874282836914,3.741877555847168,1.4384841918945312,-0.9894530773162842,0.13588924705982208,-0.16542324423789978,-0.5871321558952332,-0.049508027732372284,-0.09939160943031311,0.009060523472726345,0.07552111148834229,-0.07737024128437042,0.14579056203365326,0.11520928889513016,214.1916961669922,43.18500518798828,28.2675724029541,5.702841758728027,5.498899459838867,7.115131855010986,2.083709716796875,4.504403114318848,1.2028706073760986,2.9118618965148926,1.3713021278381348,1.0597041845321655,1.7479292154312134,0.10413797944784164,-0.13751210272312164,0.23782888054847717,-0.04227061942219734,-0.019825387746095657,0.05538277328014374,-0.0463901162147522,-0.00506120640784502,-0.02823125571012497,0.04935905709862709,0.09787626564502716,-0.007301672827452421,0.04851619154214859,44.922855377197266,13.813447952270508,8.021817207336426,2.2280638217926025,1.5549157857894897,1.8655567169189453,1.3536386489868164,1.1137580871582031,0.3625376224517822,1.2283413410186768,0.45876583456993103,0.4460183382034302,0.6756110191345215
789d2553-cbf2-4911-91e4-fb228d231238-1430818517787-1.7-m-26-hu.wav,hungry,-308.35003662109375,159.60369873046875,-108.92215728759766,51.72859191894531,-0.9910677671432495,-21.530275344848633,18.106334686279297,-44.03974151611328,9.281381607055664,9.225125312805176,-40.581390380859375,11.64021110534668,-0.7586954832077026,2910.57568359375,270.25341796875,1692.1141357421875,219.61195373535156,210.5372314453125,209.7118377685547,49.263671875,245.7520294189453,82.63937377929688,46.29719543457031,100.4520034790039,92.7194595336914,72.36254119873047,-1.8546473979949951,-0.2849808931350708,1.3709450960159302,0.36235976219177246,0.486672043800354,0.1504448801279068,-0.1900417059659958,0.5997269749641418,0.32042238116264343,-0.18005719780921936,-0.006341893691569567,0.042875491082668304,0.0716661736369133,108.04449462890625,6.819517135620117,72.68028259277344,5.947036266326904,4.901888370513916,6.233003616333008,1.862958550453186,10.807605743408203,2.50734543800354,1.4454193115234375,5.791810989379883,2.2173759937286377,1.678810715675354,-0.4920748770236969,-0.18407264351844788,0.3029433786869049,0.1790665090084076,0.05968927964568138,-0.08984343707561493,-0.05148030444979668,0.16818925738334656,0.05199441686272621,-0.05250789597630501,0.016172466799616814,-0.005383329000324011,0.05329674854874611,17.705570220947266,1.924606442451477,8.798408508300781,1.8575339317321777,1.1951451301574707,1.850083589553833,0.5958608388900757,1.7433570623397827,1.6617063283920288,0.4832606613636017,1.149902582168579,0.5959064960479736,0.7908812165260315
7A22229D-06C2-4AAA-9674-DE5DF1906B3A-1436891933-1.1-m-72-hu.wav,hungry,-386.5762939453125,125.5582504272461,-85.56893920898438,35.58655548095703,-16.984750747680664,-23.65313148498535,17.25442123413086,-27.827587127685547,2.8651883602142334,-3.491227388381958,-22.737945556640625,4.947874546051025,-17.17041778564453,6296.9189453125,470.1306457519531,1360.270751953125,350.11627197265625,106.62879943847656,81.39188385009766,179.64166259765625,82.80709075927734,59.09318542480469,16.67634391784668,30.750673294067383,51.3656120300293,30.477895736694336,4.054728984832764,0.8524818420410156,-1.5904594659805298,0.7763864398002625,-0.24542135000228882,-0.1865738183259964,0.5365272164344788,-0.2579505443572998,0.22156904637813568,0.15524166822433472,-0.06868628412485123,0.29079470038414,-0.22696524858474731,154.97825622558594,17.57072639465332,24.09726333618164,9.799564361572266,4.289109230041504,2.7814996242523193,3.036400318145752,3.4272289276123047,2.8775150775909424,0.4528915286064148,1.5805342197418213,1.8368818759918213,1.0441404581069946,-0.9522579908370972,-0.6465036273002625,0.2480616420507431,-0.09912063926458359,0.06317580491304398,0.13411639630794525,-0.058833640068769455,0.09274378418922424,-0.04094221070408821,0.0018814888317137957,0.11394159495830536,0.00964178517460823,0.04571550339460373,26.78225326538086,8.135638236999512,4.679483413696289,1.880775809288025,1.3609352111816406,0.9287484884262085,0.9429097175598145,0.5478589534759521,0.9376927614212036,0.22521939873695374,0.32415398955345154,0.5454643964767456,0.2625996172428131
7A864194-4B6B-4850-ABBF-0C2A8170107B-1436846797-1.1-f-26-hu.wav,hungry,-254.29861450195312,123.14826965332031,-86.7018814086914,7.681920051574707,-26.949350357055664,-19.84870719909668,18.108417510986328,-31.967599868774414,-9.924427032470703,-11.227676391601562,-27.63117790222168,6.378908157348633,-4.690099239349365,5724.87255859375,459.2691650390625,1366.5037841796875,264.3349609375,266.3221740722656,132.8126983642578,413.8511962890625,70.2820053100586,198.4005584716797,79.02117919921875,127.43011474609375,267.7835693359375,283.8992919921875,1.0131906270980835,-0.36071550846099854,-0.32142379879951477,0.4885340631008148,0.16357086598873138,0.41942888498306274,0.418872594833374,-0.1229182705283165,0.08612487465143204,0.0018787117442116141,-0.08697378635406494,0.1785159856081009,-0.019916433840990067,210.05709838867188,21.53945541381836,55.57035446166992,14.079938888549805,8.671003341674805,4.287609577178955,15.14988899230957,3.058199882507324,7.725932598114014,3.6556951999664307,5.234256267547607,8.97158145904541,12.07459831237793,0.4465937912464142,-0.04113565757870674,0.06422095745801926,-0.08397811651229858,-0.014887388795614243,0.019077742472290993,-0.06355948001146317,0.0222525242716074,0.04108678922057152,0.07473479211330414,0.12303323298692703,0.039670757949352264,-0.056159116327762604,55.04414367675781,7.011472225189209,13.732719421386719,5.4306840896606445,3.400613307952881,1.3137129545211792,3.9909298419952393,1.2336267232894897,2.5268518924713135,2.0471065044403076,2.1710431575775146,3.04211688041687,7.60101842880249
7A864194-4B6B-4850-ABBF-0C2A8170107B-1436846824-1.1-f-26-hu.wav,hungry,-415.04522705078125,168.31475830078125,-93.43032836914062,28.966594696044922,-15.106128692626953,-33.26295471191406,10.52752685546875,-31.900146484375,-6.809166431427002,-8.259421348571777,-26.187255859375,2.0521185398101807,-14.400717735290527,6277.439453125,809.1889038085938,1015.0236206054688,372.0010070800781,85.76707458496094,49.76087188720703,174.1059112548828,72.02513122558594,44.173702239990234,66.34026336669922,23.464723587036133,53.96183776855469,45.843746185302734,3.1498546600341797,1.069082498550415,-0.9522621631622314,-0.19202910363674164,-0.27685806155204773,-0.20095232129096985,0.25843802094459534,0.09879665076732635,0.14239561557769775,0.09402184933423996,-0.002588786883279681,0.006019277963787317,-0.2932940721511841,268.5869140625,32.306209564208984,46.204872131347656,13.014484405517578,3.0128774642944336,2.0246338844299316,8.287944793701172,2.3262393474578857,1.1119567155838013,1.702053427696228,0.7865078449249268,1.8806098699569702,1.5133233070373535,-1.4675073623657227,-0.7359850406646729,0.8089019060134888,-0.22001735866069794,0.05158182978630066,0.13319770991802216,-0.16575635969638824,0.1776200383901596,-0.07263269275426865,-0.03260653465986252,0.15618668496608734,-0.06963031738996506,0.03787795454263687,131.37661743164062,15.637483596801758,21.80137062072754,7.1944169998168945,0.6537171006202698,0.784123420715332,3.76484751701355,0.9655541777610779,0.46929922699928284,0.7967706322669983,0.47896113991737366,0.8660489916801453,0.8550372123718262
7A864194-4B6B-4850-ABBF-0C2A8170107B-1436846870-1.1-f-26-hu.wav,hungry,-258.2074279785156,117.15312957763672,-85.62330627441406,10.000924110412598,-12.300451278686523,-22.49087142944336,9.369290351867676,-20.40846061706543,-3.4891817569732666,-8.027470588684082,-16.22818374633789,9.539758682250977,-6.57659912109375,5909.65234375,602.4590454101562,1463.6470947265625,782.280029296875,165.96824645996094,196.57501220703125,190.62400817871094,192.89317321777344,167.2451629638672,58.350616455078125,85.85154724121094,296.33258056640625,124.38617706298828,1.6027920246124268,1.0157846212387085,-0.21942690014839172,0.037777554243803024,-0.12358609586954117,-0.4226829409599304,-0.05047772824764252,0.08356159180402756,-0.20221811532974243,-0.3048578202724457,-0.18428274989128113,-0.10400968790054321,0.11545222997665405,208.29502868652344,27.692771911621094,38.300662994384766,14.374605178833008,5.5082879066467285,4.108787536621094,3.8712713718414307,3.793771266937256,3.0284576416015625,1.7239868640899658,2.069345235824585,7.371736526489258,6.921535968780518,-1.6121737957000732,-0.5221776962280273,0.573881983757019,-0.34545135498046875,-0.07494168728590012,0.05177507922053337,-0.10828068852424622,0.13961157202720642,-0.10215248912572861,-0.018963519483804703,0.12954548001289368,-0.035817380994558334,0.15642264485359192,40.085655212402344,5.2800774574279785,8.335625648498535,3.127943754196167,1.1847041845321655,1.1808758974075317,1.177738904953003,0.9173825979232788,0.5951641798019409,0.8439790606498718,1.102280855178833,2.909695625305176,1.9501090049743652
7b0e160e-0505-459e-8ecb-304d7afae9d2-1437486941311-1.7-m-04-hu.wav,hungry,-336.8922424316406,215.75125122070312,-34.27683639526367,39.94755554199219,-11.251866340637207,-29.923686981201172,17.801006317138672,-17.76242446899414,4.382564067840576,10.410005569458008,-19.588762283325195,4.853561878204346,-1.6676621437072754,4169.8818359375,697.6241455078125,1052.4141845703125,233.92698669433594,209.28445434570312,122.6077651977539,74.48033905029297,69.48107147216797,44.56735610961914,68.38104248046875,120.34229278564453,42.21253967285156,53.963783264160156,3.862689971923828,1.7196930646896362,-1.3766844272613525,0.16311654448509216,0.2079669088125229,-0.2378891110420227,0.08921121805906296,-0.07051369547843933,0.13158898055553436,0.12127786874771118,-0.051223624497652054,0.0007309685461223125,-0.3257351219654083,132.1301727294922,29.93431854248047,35.23630142211914,3.295971155166626,4.252282619476318,3.1594626903533936,2.1512503623962402,1.8814988136291504,1.56454598903656,2.459275007247925,2.916170120239258,1.1718776226043701,2.358527421951294,-1.5816137790679932,-0.8227826356887817,0.2995866537094116,-0.19187726080417633,0.05308651924133301,0.1487860083580017,-0.14185282588005066,0.07853810489177704,0.01608296111226082,-0.01557830534875393,0.16556483507156372,0.020528042688965797,-0.035507261753082275,38.62480545043945,7.818869113922119,5.660684585571289,1.1739227771759033,0.9588676691055298,0.7587103247642517,0.8320462703704834,0.7564733028411865,0.3768559396266937,0.7119628190994263,0.8898670673370361,0.7480227947235107,0.7398118376731873
7b23d26e-6f97-4e8b-b520-a9fdde21ee91-1432261716253-1.7-m-48-hu.wav,hungry,-214.5537872314453,130.9598388671875,-92.12390899658203,28.132139205932617,-23.526416778564453,-43.32027816772461,8.29591178894043,-27.75581169128418,-7.740166187286377,-6.556762218475342,-15.29852294921875,18.841697692871094,3.3731143474578857,4376.53076171875,996.8850708007812,1429.9471435546875,650.797119140625,228.681396484375,164.18038940429688,175.10218811035156,258.2279052734375,85.63565063476562,113.6135482788086,175.92152404785156,161.14337158203125,142.48910522460938,3.162627935409546,1.0060621500015259,-0.8830918073654175,0.271354079246521,0.18347109854221344,-0.6251910328865051,-0.13500690460205078,0.13356518745422363,-0.19985947012901306,-0.10490775853395462,0.14837883412837982,0.14718273282051086,0.07534649223089218,158.77081298828125,17.447097778320312,48.8517951965332,14.36295223236084,3.6453518867492676,3.83457612991333,4.697474479675293,6.698364734649658,1.453628420829773,3.946042537689209,5.945374011993408,4.733453750610352,3.803666830062866,-0.12912997603416443,-0.44041338562965393,0.15400752425193787,-0.09065795689821243,0.0844438225030899,0.0148418378084898,-0.05698259919881821,0.21810851991176605,0.016100317239761353,-0.06919844448566437,0.0011269792448729277,-0.1320766657590866,-0.0599912665784359,25.29987907409668,6.786656856536865,5.723494529724121,1.7768820524215698,1.0099846124649048,1.8233503103256226,1.3507527112960815,1.7751272916793823,0.7128128409385681,0.9469058513641357,1.73279869556427,1.3957383632659912,1.1731103658676147
7b23d26e-6f97-4e8b-b520-a9fdde21ee91-1432275312750-1.7-m-48-hu.wav,hungry,-216.40579223632812,139.7498779296875,-90.01885223388672,15.215137481689453,-8.202481269836426,-32.99399185180664,3.530500650405884,-19.190519332885742,-1.1301552057266235,-3.7008326053619385,-19.423381805419922,5.639512062072754,-0.41973763704299927,6229.54833984375,1451.13427734375,2878.175537109375,1075.0443115234375,242.33592224121094,347.6836853027344,188.9199676513672,169.47117614746094,186.54336547851562,87.03976440429688,132.96165466308594,191.6478729248047,134.40113830566406,4.344776630401611,1.1795991659164429,-1.5112673044204712,0.4059251546859741,-0.3911459445953369,-0.3391139805316925,0.37338724732398987,-0.29867613315582275,-0.018551092594861984,0.05826450511813164,-0.09408838301897049,0.06325439363718033,-0.27588164806365967,125.78992462158203,36.26677322387695,51.153221130371094,21.951976776123047,4.269073963165283,6.287186145782471,6.807914733886719,3.154054641723633,3.9618303775787354,1.804060697555542,2.243314266204834,3.977738618850708,2.4380998611450195,-0.4983077645301819,-0.46130627393722534,0.39142006635665894,-0.02266419678926468,-0.14496462047100067,0.07889636605978012,0.04469415917992592,0.09273995459079742,-0.013257240876555443,0.016752546653151512,0.07466374337673187,-0.0040785567834973335,0.028451379388570786,10.785163879394531,3.466970205307007,7.637742042541504,5.144315242767334,1.5181660652160645,1.3964835405349731,2.1157398223876953,0.9253421425819397,0.8635945320129395,0.602279007434845,1.0062752962112427,1.547115445137024,0.5239520072937012
7B924575-21FC-462A-969E-BABB46D1CBF5-1430055167-1.0-f-72-hu.wav,hungry,-292.25823974609375,137.294677734375,-126.70630645751953,20.829811096191406,-21.08246421813965,-34.5147819519043,23.234878540039062,-32.9989128112793,-15.731405258178711,2.3542630672454834,-14.800992012023926,6.5547380447387695,0.9522935748100281,8446.30078125,828.6142578125,1698.623291015625,211.243408203125,125.95464324951172,176.38734436035156,195.63377380371094,159.53506469726562,83.28410339355469,99.29041290283203,107.16758728027344,113.52498626708984,182.03025817871094,3.8484694957733154,1.1539829969406128,-1.8094135522842407,-0.15182310342788696,-0.4383542835712433,-0.14259584248065948,0.48914963006973267,0.06597401946783066,0.2880855202674866,0.31162217259407043,0.014462924562394619,0.1440548598766327,0.1474476009607315,398.9648132324219,40.157474517822266,74.08071899414062,11.23952579498291,7.019410610198975,4.403764247894287,9.303701400756836,8.547088623046875,2.1740496158599854,2.707731008529663,3.5221052169799805,5.328159332275391,8.493786811828613,-1.849002718925476,-0.8061747550964355,0.7561267018318176,-0.09006384760141373,0.11279083043336868,0.3166557848453522,-0.19886593520641327,0.12103994190692902,0.04658382385969162,0.03369646891951561,0.14717663824558258,-0.11643952876329422,-0.1756368726491928,109.59707641601562,13.822786331176758,18.191936492919922,4.362429141998291,1.3444119691848755,1.7844250202178955,3.011073112487793,2.2423675060272217,1.0852171182632446,1.7303595542907715,2.1378467082977295,1.9259649515151978,4.048745632171631
7B924575-21FC-462A-969E-BABB46D1CBF5-1430055220-1.0-f-72-hu.wav,hungry,-546.2919311523438,170.47975158691406,-87.16495513916016,49.38798141479492,-16.95805549621582,-27.671127319335938,19.485490798950195,-37.66459655761719,-5.100412368774414,-7.501044273376465,-23.814983367919922,9.483782768249512,-16.64962387084961,8077.7255859375,958.433349609375,1261.434326171875,249.6657257080078,84.95808410644531,95.13656616210938,90.0368423461914,107.8693618774414,19.83082389831543,18.918962478637695,35.77656555175781,33.509071350097656,48.74637985229492,4.388335227966309,0.7396848797798157,-0.9951142072677612,0.11696482449769974,-0.17100007832050323,-0.1998566836118698,-0.00535092456266284,-0.3806590139865875,-0.07788237184286118,-0.04410751909017563,-0.18686030805110931,0.10847692936658859,-0.07796955853700638,149.05638122558594,18.98652458190918,19.00996208190918,4.105290412902832,2.4321236610412598,2.264251947402954,2.294382333755493,3.0691463947296143,0.5561097860336304,0.6158870458602905,1.065402865409851,0.7026580572128296,1.940146803855896,2.3137753009796143,0.3797391951084137,-0.17134296894073486,-0.039988674223423004,0.009889529086649418,-0.04243053123354912,-0.06687195599079132,-0.009379217401146889,0.04330223798751831,0.012587164528667927,-0.06835663318634033,-0.016663063317537308,0.08635739982128143,83.71693420410156,16.663877487182617,5.43245792388916,1.8716148138046265,1.5593364238739014,1.1789010763168335,1.0031646490097046,1.1390516757965088,0.187376007437706,0.3127215802669525,0.5846155285835266,0.4494154453277588,0.29672518372535706
7B924575-21FC-462A-969E-BABB46D1CBF5-1430055234-1.0-f-72-hu.wav,hungry,-524.541259765625,173.17820739746094,-102.43872833251953,50.075679779052734,-11.52362060546875,-30.11186408996582,18.975078582763672,-33.54238510131836,-2.6994006633758545,-9.371838569641113,-22.725149154663086,12.648080825805664,-19.06897735595703,7537.9248046875,808.999755859375,1546.7177734375,251.5279083251953,82.7436752319336,92.71332550048828,109.67295837402344,69.28137969970703,40.69325637817383,24.176210403442383,51.25611877441406,89.47822570800781,43.70768737792969,2.820014476776123,1.090328335762024,-0.8048354387283325,0.24258388578891754,-0.3384009599685669,-0.19403350353240967,0.36656078696250916,-0.13331246376037598,-0.005812306422740221,-0.057721108198165894,-0.2197805494070053,0.02965337224304676,-0.1374330371618271,135.83926391601562,18.368751525878906,33.54025650024414,3.167161226272583,2.712118625640869,2.5432076454162598,3.7258505821228027,1.6751376390457153,1.5960571765899658,0.9024799466133118,2.461899757385254,2.692155599594116,1.0103322267532349,1.2646889686584473,0.5929785966873169,-0.233836829662323,0.1738528162240982,0.08610514551401138,-0.003199049737304449,-0.001186451641842723,-0.11307869851589203,-0.026701057329773903,-0.039697274565696716,-0.046654392033815384,0.006159917917102575,-0.08641759306192398,84.4032211303711,17.093528747558594,12.765875816345215,1.5220459699630737,1.1021078824996948,1.069906234741211,1.0449851751327515,1.0272560119628906,0.5885933637619019,0.5226805210113525,0.9584226608276367,1.3515242338180542,0.48674774169921875
7B924575-21FC-462A-969E-BABB46D1CBF5-1430055243-1.0-f-72-hu.wav,hungry,-279.74932861328125,137.348876953125,-124.39686584472656,13.79235553741455,-24.262983322143555,-28.262277603149414,30.36400032043457,-29.230426788330078,-15.807016372680664,-1.7134201526641846,-10.144658088684082,24.73324966430664,9.695130348205566,4784.51220703125,565.9241333007812,1199.9766845703125,172.4193572998047,160.47532653808594,138.4405517578125,51.43117904663086,78.6620864868164,110.84101867675781,71.51164245605469,126.27831268310547,320.3896179199219,304.3361511230469,-3.330258369445801,-0.9851644039154053,1.7441542148590088,0.08545199036598206,0.07239418476819992,0.042510148137807846,-0.126349538564682,0.20533588528633118,-0.3576588034629822,-0.14139486849308014,-0.025628743693232536,-0.535667359828949,-0.15465886890888214,42.8425407409668,5.074140548706055,13.722393035888672,6.0321364402771,1.8152621984481812,2.861699104309082,0.8665165901184082,1.9597187042236328,2.0813517570495605,1.255326747894287,3.7866437435150146,6.047395706176758,6.202736854553223,-0.2428058683872223,-0.09000028669834137,0.18976396322250366,0.03866855800151825,-0.03827225789427757,0.08578803390264511,-0.03832998499274254,-0.10042311251163483,0.008688385598361492,-0.038133811205625534,-0.049179498106241226,0.05321383476257324,0.0543283112347126,12.16560173034668,2.070007085800171,3.4974119663238525,1.2043119668960571,0.8490901589393616,0.5125551223754883,0.22501805424690247,0.5150547027587891,0.855353593826294,0.6757634878158569,1.1747554540634155,1.1300199031829834,1.4655896425247192
7CF37029-1040-40B8-ACC9-7E6E5C03AF9B-1429808939-1.0-m-72-hu.wav,hungry,-470.4590759277344,125.4210205078125,-45.36758041381836,25.210561752319336,-25.408815383911133,-35.99897003173828,6.275679111480713,-16.91788673400879,4.326711654663086,5.987184524536133,-11.454931259155273,-3.151029586791992,-16.7713680267334,4816.96630859375,609.3546142578125,728.7318115234375,93.21151733398438,299.91168212890625,472.5287170410156,29.08438491821289,31.850177764892578,89.66317749023438,123.04971313476562,103.47521209716797,76.12251281738281,122.25189208984375,-1.9207557439804077,-0.5625677108764648,0.7922060489654541,-0.11357326060533524,0.47948455810546875,0.4648038446903229,-0.1597023904323578,-0.011594734154641628,-0.15334458649158478,-0.14827397465705872,-0.08266434073448181,-0.02925858087837696,0.13977444171905518,20.033720016479492,2.864004611968994,3.4552109241485596,2.7305595874786377,2.351574420928955,3.1584038734436035,1.3655836582183838,0.9370496273040771,1.8205941915512085,1.6603856086730957,1.1775767803192139,1.795554280281067,3.680027961730957,0.016278522089123726,0.008716524578630924,-0.006236011162400246,-0.04681721702218056,-0.019366580992937088,0.08428303897380829,0.05086102336645126,-0.01763129234313965,-0.03898153081536293,-0.05938488990068436,-0.03724921867251396,-0.025012029334902763,0.04144037142395973,4.6486101150512695,1.0634666681289673,0.9810887575149536,0.8330535292625427,0.7594611048698425,1.0835822820663452,0.49768927693367004,0.30057331919670105,0.34801021218299866,0.36430636048316956,0.22829404473304749,0.43347281217575073,0.6781680583953857
7d1c2cd2-6fa1-499f-8ca8-a298198be4e7-1436850081753-1.7-m-04-hu.wav,hungry,-258.1626281738281,144.13949584960938,-75.92454528808594,-3.7499685287475586,-21.79737663269043,-13.201519966125488,13.7682523727417,-32.15761947631836,-9.997336387634277,-4.75900411605835,-16.027000427246094,6.66245174407959,-15.46973705291748,5577.3388671875,1191.5391845703125,1849.72705078125,173.0399932861328,136.0312042236328,142.2271270751953,147.6069793701172,177.77088928222656,107.17110443115234,69.4225845336914,72.32550811767578,87.45899200439453,56.13983917236328,2.3461978435516357,2.1830742359161377,0.5834082365036011,0.01269614603370428,-0.3799973726272583,-0.6113316416740417,-0.07482551038265228,0.193694606423378,-0.19875171780586243,-0.23544928431510925,-0.06544973701238632,-0.024191686883568764,-0.1070045605301857,319.32818603515625,48.060646057128906,79.66822052001953,6.589239120483398,3.7673580646514893,4.509466171264648,3.7308285236358643,5.933117866516113,2.084134340286255,1.6712133884429932,2.460012197494507,1.4634138345718384,2.9491260051727295,-0.8772662281990051,-0.16925476491451263,0.4803410768508911,-0.09429110586643219,0.10434810817241669,0.05300980061292648,-0.06632068008184433,0.1842162311077118,-0.03861304372549057,0.04780472442507744,0.13057199120521545,-0.06670607626438141,0.11814456433057785,55.61473083496094,9.737841606140137,21.71287727355957,4.8971848487854,1.2566121816635132,0.9724106192588806,1.8968603610992432,1.6509240865707397,0.8386986255645752,0.6445551514625549,0.985083818435669,0.8282679319381714,1.2610098123550415
7e3de9b8-2be5-473f-b8c3-c2657f1317bb-1430006339251-1.7-f-04-hu.wav,hungry,-449.67681884765625,128.28988647460938,-52.8227653503418,-12.978264808654785,0.5850089192390442,-24.5753116607666,-21.839231491088867,-10.632678031921387,6.202523708343506,-9.204404830932617,-16.716022491455078,-2.0816783905029297,-12.424934387207031,8643.1279296875,2120.738037109375,1810.6363525390625,539.9890747070312,98.40126037597656,143.31687927246094,273.75311279296875,106.23518371582031,75.91120147705078,103.8676528930664,74.42284393310547,33.840946197509766,95.93258666992188,2.5257863998413086,1.6112074851989746,-0.565910816192627,-0.514759361743927,-0.2377626895904541,-0.37221404910087585,-0.4119187593460083,-0.16991488635540009,0.036551911383867264,-0.20974485576152802,-0.2626440227031708,0.036883644759655,-0.03695688769221306,337.176513671875,55.5606803894043,63.416290283203125,16.80882453918457,3.537637948989868,3.896914482116699,7.084724426269531,5.41532039642334,2.9282891750335693,1.648342490196228,3.146275520324707,0.9803904294967651,3.5597822666168213,0.21423329412937164,0.00650229724124074,-0.09972739964723587,-0.005761577747762203,-0.0491446889936924,-0.003087452147156,0.05818469077348709,0.013944903388619423,-0.016777876764535904,0.01914915256202221,0.026316272094845772,-0.011341883800923824,-0.009050573222339153,85.25949096679688,8.595293045043945,18.291927337646484,3.3999407291412354,1.1481972932815552,1.2521132230758667,1.3862066268920898,1.0744448900222778,0.9133450984954834,0.7803741097450256,0.8006892204284668,0.3137919306755066,0.7495093941688538
7E4B9C14-F955-4BED-9B03-7F3096A6CBFF-1430232157-1.0-f-26-hu.wav,hungry,-502.4453430175781,168.69097900390625,-109.51022338867188,37.61515808105469,-16.323949813842773,-28.19359016418457,13.066527366638184,-43.1757698059082,-1.8460968732833862,-5.926056385040283,-27.727256774902344,9.052702903747559,-15.546375274658203,1276.0164794921875,169.20382690429688,378.4825134277344,136.34170532226562,115.89854431152344,84.66741180419922,88.31764221191406,101.43215942382812,70.51810455322266,81.5053482055664,63.65016555786133,38.900814056396484,19.71590805053711,0.902961254119873,-0.1893008053302765,-0.974789559841156,-0.004126361105591059,0.09065908193588257,0.29552093148231506,0.158575177192688,-0.30710986256599426,0.20590737462043762,0.2116186022758484,-0.12266039103269577,0.10022275149822235,0.019180577248334885,52.681583404541016,5.299342632293701,17.613588333129883,6.42132568359375,1.986985683441162,4.579366207122803,2.7609736919403076,5.014060974121094,2.639188289642334,4.2184977531433105,1.275009036064148,1.3053549528121948,0.8135212659835815,0.2975747883319855,-0.09702140837907791,-0.24996201694011688,0.1787111461162567,0.03921039402484894,0.030026445165276527,0.1474013775587082,0.0690327063202858,0.12112788110971451,0.05112052336335182,0.014357125386595726,0.09227833151817322,0.014627874828875065,16.148540496826172,2.486161947250366,5.323892593383789,1.5817447900772095,0.9265183806419373,1.1542085409164429,0.9282307624816895,0.8307629227638245,1.0839273929595947,1.2386348247528076,0.38119664788246155,0.38911277055740356,0.3350972831249237
7E4B9C14-F955-4BED-9B03-7F3096A6CBFF-1430232166-1.0-f-26-hu.wav,hungry,-361.363525390625,109.05412292480469,-76.02423095703125,2.121371269226074,-25.658710479736328,-34.43498229980469,5.272182464599609,-16.716766357421875,-7.881923675537109,-7.79229736328125,-10.203986167907715,1.5887645483016968,-13.727457046508789,6942.40478515625,832.3861083984375,1225.1873779296875,607.0292358398438,147.642333984375,241.5723876953125,186.5350799560547,298.02490234375,112.33177947998047,234.26919555664062,70.2601547241211,89.56581115722656,61.635860443115234,2.189863920211792,0.702769935131073,-1.0172290802001953,-0.06443288177251816,-0.3970332741737366,-0.3888457715511322,0.2711411416530609,0.31053391098976135,0.1684468388557434,-0.1933264583349228,-0.009513677097856998,0.12395919859409332,-0.08259522914886475,243.3471221923828,36.168270111083984,35.24580001831055,18.464033126831055,8.52298641204834,4.469775676727295,8.706820487976074,6.961243152618408,4.7702956199646,6.613598823547363,1.4966484308242798,3.5398592948913574,1.994126319885254,0.26364681124687195,0.08915290236473083,-0.1043342798948288,0.006664989050477743,-0.020018845796585083,-0.011176515370607376,-0.030883779749274254,-0.0815085768699646,-0.011080998927354813,0.03024658001959324,0.0881400853395462,0.07219774276018143,-0.028201403096318245,85.53592681884766,13.273921966552734,12.467677116394043,4.00423002243042,2.5668656826019287,1.571799635887146,3.347398519515991,1.6979649066925049,1.5604207515716553,1.6686972379684448,0.8078163862228394,0.8257033228874207,0.7873590588569641
7E4B9C14-F955-4BED-9B03-7F3096A6CBFF-1430232180-1.0-f-26-hu.wav,hungry,-328.21807861328125,91.28787994384766,-54.844139099121094,-9.66430377960205,-20.42165756225586,-16.98127555847168,2.4350779056549072,-19.989070892333984,-0.7350611686706543,4.297949314117432,-11.934770584106445,-4.866881847381592,-6.8898797035217285,17204.1171875,1799.9097900390625,3050.25,967.0418090820312,144.4237518310547,124.6303482055664,424.8599548339844,202.7604522705078,195.4145050048828,154.47242736816406,88.65242767333984,93.79007720947266,56.302406311035156,-2.8098556995391846,-0.6758836507797241,1.4230713844299316,-0.4781437814235687,-0.2768397033214569,-0.0980662927031517,-0.41689494252204895,0.302219420671463,0.027626747265458107,-0.32113558053970337,-0.06731942296028137,-0.009267537854611874,0.14029334485530853,336.2041320800781,46.07488250732422,53.54168701171875,19.12066078186035,4.278008460998535,4.290587902069092,7.467346668243408,5.331925868988037,5.180375099182129,3.997136116027832,2.4284021854400635,3.2486367225646973,3.0170962810516357,-0.15294063091278076,-0.06363626569509506,-0.002277849242091179,-0.0716719999909401,0.0826580673456192,0.09952060878276825,-0.034781333059072495,-0.04424609616398811,-0.05098627880215645,0.11020362377166748,0.18942727148532867,-0.05522649735212326,-0.07982693612575531,72.46952056884766,12.115357398986816,9.466073036193848,4.900459289550781,1.1598643064498901,1.5813068151474,0.8738197684288025,1.8920795917510986,1.0478967428207397,1.7578352689743042,1.018537163734436,1.1545310020446777,1.4049084186553955
7E4B9C14-F955-4BED-9B03-7F3096A6CBFF-1430232195-1.0-f-26-hu.wav,hungry,-373.710693359375,83.24335479736328,-60.56673812866211,-18.23818588256836,-14.192837715148926,-12.01945686340332,-1.1604148149490356,-19.5210018157959,4.15430212020874,8.113850593566895,-15.836971282958984,-4.827698230743408,-1.9060136079788208,13758.2568359375,1622.3741455078125,2237.425048828125,630.9221801757812,252.0848846435547,156.19223022460938,361.4590759277344,83.32925415039062,119.76407623291016,44.03486633300781,54.69429397583008,48.35960388183594,63.71326446533203,1.9428857564926147,1.4622173309326172,-0.3244134783744812,-1.083370566368103,-0.7362464070320129,-0.2305990308523178,0.24972765147686005,0.01949005015194416,-0.3766438066959381,-0.14328035712242126,-0.08657621592283249,0.019043417647480965,0.352215975522995,382.458984375,56.4655876159668,55.61001968383789,8.880638122558594,9.205360412597656,4.349855899810791,9.057271957397461,3.004802942276001,3.9177207946777344,2.478008270263672,1.1066720485687256,1.2863950729370117,1.493240237236023,-0.9123469591140747,-0.38368257880210876,0.48244351148605347,-0.28516340255737305,-0.12260862439870834,0.10184764862060547,-0.12405873090028763,0.2019384205341339,0.10193704068660736,-0.08490332961082458,-0.03397349640727043,-0.08656711876392365,0.055963315069675446,80.54268646240234,12.803752899169922,17.15361213684082,3.128687858581543,1.428762674331665,1.5679607391357422,1.9327441453933716,1.919490933418274,1.4490653276443481,0.6839088201522827,0.5932849049568176,0.7526025772094727,0.6073794364929199
7fd72d70-07c4-40a0-85e9-c91df9bdefb2-1430994916704-1.7-f-04-hu.wav,hungry,-374.74139404296875,97.46383666992188,-76.98043823242188,1.7573310136795044,7.989090442657471,-15.947973251342773,-4.899970054626465,-13.244464874267578,-0.6008219122886658,-6.5125555992126465,-12.836563110351562,-0.2943873703479767,-9.623180389404297,27801.060546875,5067.70263671875,4770.72216796875,527.6825561523438,191.75350952148438,322.76104736328125,101.84745025634766,144.13523864746094,30.820465087890625,78.30477905273438,95.45044708251953,57.432071685791016,58.54859924316406,-1.3564180135726929,-1.0553559064865112,0.15172190964221954,0.4664389491081238,0.2940562069416046,-0.060621753334999084,-0.06239212676882744,0.21991325914859772,0.0559096597135067,-0.035446833819150925,0.1798301488161087,0.114422507584095,0.09746133536100388,914.5615844726562,158.63365173339844,175.2498779296875,20.737470626831055,8.138495445251465,11.016200065612793,2.90046763420105,4.108334064483643,1.171653151512146,2.324038028717041,3.0511467456817627,2.572173595428467,1.7054753303527832,-1.6655524969100952,-0.6607949137687683,0.7116225361824036,0.06377631425857544,0.07408571988344193,0.033420804888010025,-0.1728058010339737,0.17932015657424927,0.09044713526964188,-0.05854921042919159,0.024570148438215256,-0.05309999734163284,0.009210566058754921,150.69354248046875,38.14482116699219,25.684783935546875,4.505167007446289,2.7450294494628906,1.6343680620193481,2.061343193054199,1.338377594947815,0.5727279186248779,0.6979297995567322,1.0389035940170288,1.2373366355895996,0.45653632283210754
80130d3a-ceb9-4460-8464-e956bac5c40d-1436850034856-1.7-m-72-hu.wav,hungry,-175.136474609375,183.8184356689453,-85.38328552246094,30.87253761291504,-25.157657623291016,-31.199665069580078,42.207069396972656,-10.904764175415039,-5.39949893951416,-1.2132858037948608,-25.020536422729492,2.103893280029297,-5.547153472900391,2799.524658203125,403.34326171875,1404.8856201171875,281.76214599609375,269.0594177246094,184.68801879882812,218.26844787597656,55.39109420776367,42.4896125793457,60.765296936035156,62.56304168701172,36.58381271362305,35.85507583618164,0.6698217391967773,0.5229949951171875,0.3489852547645569,0.3922288715839386,-0.12695123255252838,-0.10000765323638916,0.13670484721660614,-0.13674429059028625,-0.11491435766220093,0.050857726484537125,0.021926814690232277,0.08293413370847702,0.16203391551971436,83.11841583251953,11.964269638061523,32.95486068725586,10.272537231445312,9.599587440490723,8.461238861083984,6.092257976531982,1.7585045099258423,2.2548274993896484,1.7055011987686157,1.7006008625030518,0.7305426001548767,1.1449657678604126,-1.4591593742370605,-0.5404459238052368,0.46357637643814087,-0.125558003783226,0.1598971039056778,-0.059439439326524734,-0.31952714920043945,0.13674989342689514,-0.0114265913143754,-0.0479309968650341,0.07633857429027557,-0.07997553050518036,0.009801583364605904,23.15397834777832,5.011763572692871,6.917503833770752,3.9079232215881348,3.8278887271881104,2.2207190990448,1.5960620641708374,0.8362736701965332,0.8784944415092468,0.6358273029327393,0.45429787039756775,0.39748549461364746,0.3974233865737915
8057932d-a6af-4d63-903b-37049686e176-1430919675907-1.7-f-72-hu.wav,hungry,-409.0826416015625,117.83311462402344,-50.10403060913086,28.98080062866211,-9.921884536743164,-21.737844467163086,7.350433349609375,-21.504690170288086,-1.7023215293884277,-4.778203964233398,-16.539329528808594,1.1391545534133911,-14.731884002685547,24868.287109375,3943.783935546875,2985.930419921875,423.3494567871094,209.3397216796875,433.4310607910156,204.4851837158203,282.9273681640625,49.247100830078125,65.83122253417969,75.50489807128906,100.11483001708984,62.69295883178711,-1.3851197957992554,-0.08290481567382812,1.0173087120056152,-0.06730755418539047,0.33595481514930725,0.5895447134971619,0.09634498506784439,0.03992323949933052,-0.11205922067165375,0.04969676956534386,0.06771259009838104,-0.197871133685112,0.010271009057760239,211.80807495117188,41.53496170043945,30.723613739013672,3.5317013263702393,3.1978416442871094,4.940805435180664,2.7865664958953857,5.953866481781006,1.0557210445404053,1.601027250289917,1.9107102155685425,0.7509536147117615,2.3254995346069336,-0.06909558922052383,0.081807442009449,0.16423119604587555,0.0467655211687088,0.06260276585817337,0.027740057557821274,0.0007741476874798536,0.007546097040176392,-0.09910561144351959,-0.10746174305677414,-0.04525939002633095,-0.02061060257256031,0.010447387583553791,35.97296905517578,7.254505634307861,7.891942024230957,1.3086411952972412,1.0066848993301392,2.606001853942871,1.04067063331604,1.6380797624588013,0.7132387161254883,1.1113358736038208,0.7019648551940918,0.3699817359447479,0.6336247324943542
80f5ab0a-16c1-4738-9209-fbdae52ff769-1430140636917-1.7-f-04-hu.wav,hungry,-358.2396240234375,141.72071838378906,-94.78285217285156,10.997314453125,0.523017942905426,-41.943763732910156,2.9118690490722656,-14.8627347946167,-19.50872802734375,-4.421116828918457,-12.73089599609375,-1.8432025909423828,-2.7875654697418213,12280.7119140625,1120.969970703125,4812.669921875,312.1282653808594,314.4398193359375,245.05734252929688,229.06170654296875,105.44515991210938,57.98921203613281,65.27447509765625,39.39013671875,35.43852996826172,55.731571197509766,3.700443983078003,1.0061118602752686,-1.4865508079528809,0.16374053061008453,-0.14396025240421295,-0.4740358293056488,0.24985694885253906,-0.14414860308170319,-0.17823700606822968,0.18724317848682404,0.004425689112395048,0.09121443331241608,0.07101646065711975,243.63638305664062,26.9787654876709,108.25482177734375,7.614001750946045,3.6866214275360107,3.341993570327759,6.294458389282227,3.701162099838257,1.4177242517471313,2.9569969177246094,1.12162184715271,0.6340747475624084,2.112767219543457,0.24182124435901642,-0.43067193031311035,-0.17143462598323822,0.06541955471038818,-0.04709668457508087,-0.024592973291873932,0.0017948949243873358,0.03342975676059723,0.03095654956996441,0.024395620450377464,0.05807415395975113,0.05995684489607811,0.07702752947807312,55.466712951660156,7.439206600189209,21.326696395874023,2.9210195541381836,1.4068899154663086,1.5966403484344482,1.3067854642868042,1.0880974531173706,0.8546198010444641,0.4242118299007416,0.7015371918678284,0.41501384973526,0.7341550588607788
815af07e-4c31-4032-8bd1-dab6e60c879e-1433156413683-1.7-m-04-hu.wav,hungry,-261.81597900390625,120.46931457519531,-128.62237548828125,37.96614074707031,-29.617774963378906,-44.93117141723633,28.074522018432617,-28.54705238342285,-6.142660140991211,0.5912535786628723,-19.550216674804688,14.992253303527832,-8.336665153503418,7745.5439453125,685.752685546875,1884.7579345703125,517.3923950195312,167.99136352539062,188.21026611328125,342.062744140625,152.94744873046875,64.22874450683594,52.71416473388672,161.92181396484375,93.54811096191406,200.724609375,0.7329951524734497,0.713202714920044,0.3766738772392273,-0.4334999918937683,-0.21756091713905334,0.22903728485107422,-0.05145293101668358,-0.08367697149515152,0.045715462416410446,-0.03448426350951195,-0.028032055124640465,-0.024188201874494553,-0.005540353246033192,293.9092102050781,34.36741256713867,64.28678131103516,16.122480392456055,8.063577651977539,5.816099643707275,12.450295448303223,3.8354907035827637,2.522817850112915,1.2637876272201538,4.259139537811279,3.4350101947784424,5.8539934158325195,-0.49276530742645264,-0.16486763954162598,0.24916008114814758,-0.4761120080947876,-0.08338309079408646,0.13860753178596497,-0.07486259192228317,0.0929003581404686,-0.07514919340610504,-0.04289212077856064,0.13539603352546692,-0.00850763451308012,-0.06237219274044037,51.38907241821289,9.222488403320312,10.895328521728516,6.833360195159912,2.2789077758789062,1.6089427471160889,3.7558352947235107,1.0465244054794312,1.1615700721740723,0.6777283549308777,1.3062843084335327,1.013936996459961,1.4000707864761353
815af07e-4c31-4032-8bd1-dab6e60c879e-1433156423585-1.7-m-04-hu.wav,hungry,-247.86793518066406,90.56151580810547,-117.76350402832031,44.41687774658203,-26.12442398071289,-45.05742645263672,27.059484481811523,-25.190744400024414,-6.293795108795166,2.988598108291626,-17.203420639038086,12.83204174041748,-3.9751155376434326,12099.6689453125,1094.8289794921875,2901.274658203125,862.949462890625,236.98794555664062,227.11477661132812,191.2783203125,109.21912384033203,191.1865692138672,64.0625228881836,159.20266723632812,162.3760986328125,91.2540512084961,2.405637502670288,1.274606466293335,-0.09366565197706223,-0.4077979028224945,-0.5132648348808289,-0.07268945127725601,0.25958648324012756,-0.08061476051807404,-0.3286485970020294,-0.11360336095094681,-0.04429294541478157,-0.17604206502437592,0.2295190393924713,439.5262145996094,31.338178634643555,89.49201965332031,23.3585147857666,10.762304306030273,7.609486103057861,6.090926170349121,3.7203359603881836,5.677184581756592,2.454555034637451,8.002878189086914,4.514430999755859,3.7403016090393066,-0.779096782207489,-0.4435501992702484,0.43587809801101685,-0.21105186641216278,0.2663208544254303,0.09286827594041824,-0.21551856398582458,0.19846343994140625,-0.13120900094509125,-0.09413686394691467,0.17027422785758972,-0.0019350051879882812,0.1000555083155632,88.70053100585938,12.177490234375,18.06805992126465,3.8669984340667725,6.150251865386963,2.6762428283691406,2.3383402824401855,1.4871530532836914,1.9808896780014038,1.1300957202911377,2.9142472743988037,1.0790810585021973,2.075136661529541
81724071-bc5e-4e38-8f35-85a691af5721-1430737552979-1.7-m-04-hu.wav,hungry,-597.8030395507812,159.8663330078125,-33.42134094238281,11.592865943908691,-18.680509567260742,-11.13590145111084,16.990846633911133,-20.809043884277344,1.9779269695281982,-3.9379308223724365,-31.942962646484375,-1.8516823053359985,-3.2449612617492676,2550.850341796875,768.429931640625,653.0079956054688,351.0388488769531,289.2744140625,81.54569244384766,87.46861267089844,93.6935806274414,82.35124969482422,61.155792236328125,114.4981918334961,69.5293197631836,99.5339584350586,0.24918633699417114,-0.12733498215675354,-0.45791715383529663,-0.26501989364624023,-0.25130003690719604,-0.06826602667570114,0.04797030985355377,-0.03273502364754677,0.038075316697359085,-0.06869252026081085,-0.12990126013755798,-0.010902689769864082,-0.049673303961753845,65.43476104736328,27.628599166870117,14.264374732971191,6.093503475189209,7.615849494934082,3.3253731727600098,2.79866623878479,2.591122627258301,3.2350330352783203,2.156022071838379,1.9483084678649902,2.8855223655700684,2.8930580615997314,0.16423232853412628,0.2314397394657135,0.08767696470022202,-0.029463373124599457,0.07793090492486954,0.06362328678369522,-0.024883443489670753,0.024632463231682777,-0.007355230860412121,-0.0658935010433197,0.002164324512705207,0.043341100215911865,0.01816539652645588,23.33346939086914,10.427323341369629,4.847786903381348,3.0044331550598145,2.1903507709503174,1.3325741291046143,1.0893923044204712,0.8489580154418945,0.7336921095848083,0.8830382823944092,0.9605127573013306,0.6144083142280579,0.49434345960617065
818A32F4-D5D8-426C-B88C-81A8154AC81A-1430093571-1.0-m-26-hu.wav,hungry,-213.29295349121094,139.00843811035156,-83.7466049194336,27.71432113647461,-19.52838134765625,-19.547359466552734,32.880027770996094,-23.81788444519043,-9.103585243225098,0.9431934952735901,-16.60203742980957,4.149205684661865,-7.440616130828857,4281.4423828125,414.3135070800781,1931.808837890625,481.0500183105469,336.8170166015625,157.43736267089844,231.95858764648438,93.58139038085938,71.54136657714844,71.21900177001953,55.782066345214844,346.537353515625,182.6071319580078,0.07497900724411011,0.043177928775548935,0.19983522593975067,0.03924435377120972,-0.08756668120622635,-0.07109962403774261,0.193803071975708,0.293700248003006,0.06213357672095299,-0.12856663763523102,-0.2958218455314636,-0.25991061329841614,-0.1036161556839943,116.25201416015625,20.731157302856445,42.69999694824219,10.308595657348633,10.305840492248535,4.083449840545654,7.118597984313965,3.404827356338501,1.6451435089111328,2.16013503074646,2.7948198318481445,7.991905689239502,4.368382453918457,-0.07644662261009216,0.038912300020456314,0.25744467973709106,-0.03977055102586746,-0.00855483952909708,-0.006465156562626362,-0.07375851273536682,0.004129340872168541,-0.02762478031218052,0.0032363268546760082,-0.030700914561748505,-0.05309577286243439,0.0732668787240982,20.150482177734375,9.158588409423828,7.968572616577148,3.947413921356201,3.162294387817383,1.436502456665039,2.2028450965881348,1.0542610883712769,0.5259390473365784,0.6870870590209961,0.7581603527069092,1.2735093832015991,1.188839077949524
85FAB169-4DCC-406D-AC93-2F6A8D797DAB-1437632141-1.1-m-04-hu.wav,hungry,-363.8008728027344,95.86865234375,-78.41920471191406,24.294641494750977,-14.495840072631836,-19.131683349609375,18.65328598022461,-25.949003219604492,-5.773477554321289,3.786402940750122,-7.279361248016357,16.47551155090332,3.526848316192627,20486.89453125,1283.1505126953125,4585.85498046875,227.65492248535156,211.2198486328125,93.37519073486328,388.86883544921875,315.5628662109375,17.47628402709961,75.58111572265625,73.03014373779297,443.86407470703125,154.31961059570312,3.8493456840515137,0.6911576986312866,-1.6545993089675903,0.25607582926750183,-0.35658395290374756,-0.2672783136367798,0.3642318844795227,-0.3701343238353729,0.04573524743318558,0.3051234483718872,0.06855641305446625,0.3128471374511719,0.10980239510536194,111.79293823242188,10.457457542419434,24.661483764648438,2.164527416229248,1.2175166606903076,1.7050516605377197,1.6017913818359375,1.6495047807693481,0.7043573260307312,0.8915301561355591,1.997446060180664,4.3977251052856445,4.753684043884277,0.21399591863155365,-0.16772694885730743,0.1554594188928604,-0.007191576063632965,0.0237953532487154,0.032513197511434555,-0.07199333608150482,0.039522603154182434,-0.0074332780204713345,-0.009586880914866924,0.008947663009166718,-0.06679276376962662,0.029706323519349098,26.123037338256836,3.2411317825317383,5.338616847991943,1.0408376455307007,0.6363922953605652,0.5988720655441284,0.5614315271377563,0.3656991720199585,0.40923789143562317,0.25086963176727295,0.5517042279243469,0.8853165507316589,1.775333285331726
86c2b87a-ae7c-46a3-b6fb-7ebe748812cf-1430036547966-1.7-m-04-hu.wav,hungry,-275.3907165527344,221.13400268554688,-91.74455261230469,57.66481018066406,-12.838903427124023,-34.91867446899414,17.29686164855957,-32.38543701171875,7.121356010437012,-2.0815508365631104,-23.398235321044922,11.64877986907959,-18.058876037597656,700.3228759765625,117.78728485107422,97.35337829589844,82.24543762207031,44.525428771972656,24.01723289489746,35.33222961425781,45.484947204589844,19.97688865661621,13.171160697937012,27.17856788635254,13.358631134033203,15.432905197143555,1.2310256958007812,0.24739013612270355,-0.2693816125392914,0.33853772282600403,-0.1333906650543213,-0.08341074734926224,0.11169774830341339,-0.08228909224271774,0.10734136402606964,-0.025670547038316727,-0.1394902467727661,0.0008565200259909034,-0.1336718648672104,17.863325119018555,3.681260824203491,3.3322701454162598,2.118665933609009,1.1853870153427124,0.8719269633293152,1.1639066934585571,1.0524811744689941,0.48144781589508057,0.4622372090816498,1.1674801111221313,0.46946772933006287,0.2999725639820099,-0.750426173210144,-0.354481965303421,0.33398282527923584,-0.10427060723304749,0.06854135543107986,0.10008401423692703,-0.0714365616440773,0.13907231390476227,0.003284253878518939,-0.0015309180598706007,0.12359888851642609,0.005649468395859003,0.03525838255882263,10.687925338745117,2.32017183303833,1.4774785041809082,0.617113471031189,0.5285031199455261,0.524203896522522,0.4797166585922241,0.49832168221473694,0.22918076813220978,0.29009443521499634,0.29198968410491943,0.20613878965377808,0.22136959433555603
86c2b87a-ae7c-46a3-b6fb-7ebe748812cf-1430036562389-1.7-m-04-hu.wav,hungry,-215.98507690429688,164.82826232910156,-76.917236328125,29.210834503173828,-3.973832368850708,-34.903385162353516,2.8642830848693848,-20.688751220703125,-0.23173709213733673,-1.0664058923721313,-16.782148361206055,2.8915934562683105,-12.597270965576172,2696.515869140625,363.48675537109375,1431.15380859375,170.97915649414062,176.47506713867188,188.90467834472656,96.3618392944336,121.72417449951172,82.6531753540039,28.541316986083984,28.294912338256836,54.4597053527832,31.39559555053711,3.041395425796509,0.46529409289360046,-1.6464672088623047,-0.2474326342344284,-0.1247314065694809,-0.37294071912765503,0.3841138482093811,0.12019218504428864,-0.22947260737419128,0.11691736429929733,-0.03810102492570877,-0.17761190235614777,0.021942004561424255,86.7621841430664,8.042091369628906,34.5487060546875,3.5667409896850586,7.821286678314209,4.844069004058838,4.871658802032471,2.558575391769409,3.7073824405670166,0.7812604904174805,0.8719594478607178,1.9397538900375366,1.1923754215240479,-0.18116313219070435,-0.3099321722984314,0.32870492339134216,-0.2647075951099396,-0.12103762477636337,0.04848460108041763,-0.07159318029880524,0.047279007732868195,-0.0299371350556612,0.01950368657708168,-0.003538823453709483,-0.11997643858194351,0.09462298452854156,25.26386070251465,3.5635597705841064,7.8133978843688965,1.17208731174469,2.5817339420318604,1.0983010530471802,1.5920028686523438,1.0165503025054932,0.7098871469497681,0.3202548623085022,0.32436874508857727,0.5325248837471008,0.4072590172290802
86c2b87a-ae7c-46a3-b6fb-7ebe748812cf-1430036593222-1.7-f-26-hu.wav,hungry,-259.16461181640625,187.15567016601562,-76.52888488769531,40.646968841552734,-12.323439598083496,-31.980194091796875,13.75389575958252,-25.83125114440918,2.367861747741699,-1.0425629615783691,-20.47844886779785,5.9362921714782715,-13.936824798583984,1531.9415283203125,161.52931213378906,980.8410034179688,99.14965057373047,122.54149627685547,55.5654296875,67.14875793457031,54.27345657348633,37.22725296020508,27.752105712890625,23.100305557250977,22.519092559814453,40.6893424987793,1.3178170919418335,0.4939737915992737,-0.2789979875087738,0.2307361662387848,-0.3526171147823334,-0.3073418438434601,0.024409420788288116,-0.2234845608472824,-0.030520573258399963,-0.06267242133617401,-0.1590430736541748,0.03796437010169029,-0.06951673328876495,49.241050720214844,4.8715620040893555,35.125553131103516,3.0287017822265625,2.7927486896514893,2.064504623413086,2.627718210220337,1.9038822650909424,1.300526738166809,0.9728615880012512,0.7238195538520813,0.6419506669044495,1.514265537261963,-0.7872210741043091,-0.35194072127342224,0.15367422997951508,-0.14631572365760803,0.033279772847890854,-0.02486383728682995,-0.1501551866531372,0.08190011233091354,0.009839081205427647,0.03778548911213875,0.11023257672786713,-0.03443991765379906,0.011254251934587955,15.468050003051758,2.7313544750213623,7.768411636352539,1.5900036096572876,0.7790506482124329,0.6979352831840515,0.7547400593757629,0.7124345898628235,0.6963983178138733,0.46152463555336,0.3966641426086426,0.29459714889526367,0.5975868105888367
88da3fbd-926b-4ee7-ae8f-85f92f2783b0-1430114329442-1.7-m-04-hu.wav,hungry,-570.184326171875,143.8314666748047,-95.98570251464844,6.315655708312988,-32.124778747558594,-24.68345832824707,23.95169448852539,-23.519357681274414,-1.5522832870483398,-7.581456184387207,-25.43015480041504,9.43416690826416,-12.237275123596191,8826.8193359375,1563.73974609375,1558.8438720703125,353.3945617675781,333.95355224609375,129.61656188964844,223.52146911621094,133.08409118652344,30.216266632080078,68.56954193115234,75.52275085449219,94.76643371582031,77.3647232055664,5.42885160446167,1.7383935451507568,-1.5689617395401,0.22652463614940643,-0.6798627972602844,-0.03944365680217743,0.6031725406646729,-0.524711012840271,-0.012274671345949173,-0.1586446911096573,-0.3060281574726105,0.21588149666786194,-0.27839893102645874,146.76869201660156,36.635353088378906,24.565025329589844,18.33266258239746,12.39605712890625,4.171226501464844,5.103956699371338,3.6688895225524902,1.0143240690231323,2.6172428131103516,2.0855605602264404,2.2585694789886475,2.824547290802002,0.2697280943393707,-0.12922368943691254,0.10064051300287247,-0.09072890877723694,0.03593200445175171,0.08194030821323395,-0.0467095673084259,0.0268214400857687,0.01967868208885193,0.045571234077215195,-0.02448268048465252,-0.027139907702803612,0.10820232331752777,13.228019714355469,4.592470645904541,3.6847877502441406,6.665050029754639,3.4483273029327393,0.871696949005127,1.5706347227096558,1.366970181465149,0.7714442610740662,1.1153334379196167,0.5909121632575989,0.7180894017219543,0.9011124968528748
89964233-cbdb-4f34-a819-5f4b5ce3f5f5-1430049852345-1.7-f-04-hu.wav,hungry,-287.1376037597656,148.33448791503906,-88.16172790527344,39.41000747680664,-12.743154525756836,-34.53738021850586,27.90156364440918,-24.755054473876953,-15.344192504882812,3.5188024044036865,-21.4221248626709,-3.439739227294922,-8.619423866271973,8236.31640625,1041.4339599609375,2153.429443359375,142.51885986328125,250.42257690429688,331.5741271972656,299.80535888671875,320.9642028808594,57.84051513671875,109.81971740722656,92.5279541015625,39.17426300048828,40.62504577636719,3.796072483062744,0.8293607831001282,-1.6220152378082275,0.3525012135505676,-0.6397762894630432,-0.5583974123001099,0.6225206255912781,-0.09719187021255493,-0.04703908413648605,0.10849739611148834,-0.04086410254240036,0.15524256229400635,-0.08771884441375732,153.17742919921875,23.468130111694336,36.95280838012695,7.95119571685791,5.401188850402832,11.080886840820312,4.948598384857178,7.44290018081665,2.120425224304199,2.068294048309326,2.2303404808044434,1.3025516271591187,1.0388981103897095,-0.889146089553833,-0.35897722840309143,0.535382091999054,-0.17026099562644958,0.11311028152704239,0.26829442381858826,-0.18071572482585907,0.0433805026113987,0.09333702176809311,-0.0571209117770195,-0.0299344714730978,-0.04965628311038017,-0.021255018189549446,24.27920150756836,4.4926438331604,9.029616355895996,1.87994384765625,1.9921538829803467,3.260629177093506,1.4358857870101929,1.0347105264663696,0.5791324973106384,0.7231609225273132,0.7912440299987793,0.5362951755523682,0.36848729848861694
89964233-cbdb-4f34-a819-5f4b5ce3f5f5-1430049868816-1.7-f-04-hu.wav,hungry,-241.22105407714844,147.6675262451172,-108.32624816894531,35.006046295166016,-20.808391571044922,-35.155357360839844,39.56351089477539,-26.29655647277832,-18.21115493774414,8.338541030883789,-21.233379364013672,-4.030389785766602,-9.879416465759277,4666.5302734375,480.4040832519531,1225.33447265625,744.204345703125,232.2908477783203,68.83802795410156,337.3551025390625,476.12554931640625,112.24159240722656,130.9961700439453,76.2211685180664,143.54981994628906,61.907684326171875,3.21706223487854,1.4157540798187256,-0.8876643180847168,0.013781609944999218,0.13412514328956604,0.05171821638941765,-0.021395038813352585,-0.4003714323043823,-0.12317701429128647,-0.15354129672050476,-0.17988279461860657,0.23586711287498474,-0.004425304941833019,55.56828689575195,13.61920166015625,16.176023483276367,14.42957592010498,5.298812389373779,2.8102729320526123,6.833733081817627,10.45787525177002,2.9335532188415527,5.128904819488525,2.3456881046295166,4.153708457946777,2.171159505844116,-0.18049897253513336,-0.3899272084236145,0.12778730690479279,0.20934055745601654,0.06005625054240227,0.12745194137096405,-0.0011546459281817079,-0.19400973618030548,-0.21603068709373474,-0.025603698566555977,0.2848110496997833,0.22025558352470398,-0.03770918399095535,27.319034576416016,3.283031702041626,7.957239627838135,2.1644086837768555,1.7030819654464722,1.3750925064086914,1.3470890522003174,2.22609543800354,1.2525783777236938,2.405566453933716,1.8995459079742432,2.265838384628296,0.7067821621894836
8b1faa77-e3ac-48af-bf2a-58aadebefcba-1436798541805-1.7-m-04-hu.wav,hungry,-421.0326232910156,60.71971130371094,-22.88211441040039,1.2191773653030396,-8.920588493347168,-2.2355077266693115,22.402507781982422,-1.9828426837921143,-9.562466621398926,-2.55609130859375,-7.888277053833008,0.550394594669342,-0.18930666148662567,8719.921875,1677.822021484375,1599.285400390625,172.06849670410156,290.1884765625,138.74114990234375,185.67813110351562,153.63204956054688,77.48172760009766,22.7094669342041,68.45439910888672,42.96485137939453,21.527616500854492,-1.1828638315200806,-0.6559119820594788,0.374884694814682,0.3090384006500244,0.43080565333366394,0.31724220514297485,-0.03594502434134483,0.08742616325616837,0.08434007316827774,-0.05919437110424042,0.03432130441069603,0.05176287144422531,0.016355277970433235,187.87200927734375,23.378103256225586,44.726863861083984,1.8765196800231934,4.18440580368042,3.274345636367798,6.707372665405273,4.681431770324707,2.407503604888916,0.4914895296096802,1.473392128944397,1.5363247394561768,0.9283027648925781,-1.192679762840271,-0.5856510400772095,0.39474016427993774,0.0745907798409462,0.09551884233951569,0.0428626574575901,-0.17836743593215942,0.07766143232584,0.10995905101299286,-0.036747682839632034,0.013768365606665611,-0.011416676454246044,0.04039915278553963,46.020263671875,7.937758445739746,12.58239459991455,1.5874828100204468,1.377652645111084,1.7313838005065918,2.087371826171875,1.4263309240341187,1.018988847732544,0.336931973695755,0.4262247681617737,0.5740154385566711,0.4727633595466614
8C13A1F9-62CC-46AA-9192-BECE5CDD5CB0-1430249362-1.0-f-72-hu.wav,hungry,-480.9405822753906,74.1284408569336,-18.976612091064453,12.316407203674316,-3.9362881183624268,-11.207223892211914,0.7212232947349548,-15.015900611877441,-8.563531875610352,-10.785853385925293,-18.2312068939209,-6.909757137298584,-9.726154327392578,13200.607421875,2715.583984375,1091.139404296875,255.76431274414062,70.95877838134766,82.94056701660156,98.52400207519531,104.25015258789062,38.27492141723633,13.280378341674805,53.00275421142578,38.9719123840332,37.0797233581543,0.506910502910614,0.22979889810085297,-0.15417654812335968,0.04953819513320923,0.00657275877892971,-0.03978858143091202,0.06839869171380997,0.036412592977285385,0.06278129667043686,0.10084917396306992,0.06727787107229233,0.09796369075775146,0.09254573285579681,500.53564453125,101.5613784790039,41.69614028930664,9.763266563415527,1.9380651712417603,2.1680030822753906,4.504945278167725,2.754939317703247,1.2912614345550537,0.5270006060600281,2.5020668506622314,1.080946445465088,1.5104562044143677,-0.744411051273346,-0.21237333118915558,0.2794216573238373,-0.16116760671138763,0.008256296627223492,0.03541326895356178,-0.06471922248601913,0.08376765251159668,-0.04548850283026695,-0.037863463163375854,0.030301900580525398,-0.037352703511714935,0.07423586398363113,103.10960388183594,21.364608764648438,10.211776733398438,3.0897295475006104,0.8179628252983093,0.8128001689910889,0.8390186429023743,0.7483964562416077,0.5202255845069885,0.2690304219722748,0.655537486076355,0.3354833126068115,0.5694257616996765
8c2a1f03-07f4-4aee-a73f-bc57beb2b600-1430761324670-1.7-f-26-hu.wav,hungry,-258.91845703125,107.3100814819336,-135.2467041015625,38.19447326660156,-21.948909759521484,-25.79711151123047,26.959285736083984,-30.168350219726562,9.892180442810059,-3.6559481620788574,-26.278953552246094,18.593547821044922,-8.81815242767334,8817.0703125,1152.750244140625,2079.931396484375,704.0162353515625,192.29141235351562,286.6831359863281,163.9495849609375,152.1654510498047,113.84256744384766,84.54251861572266,61.09962844848633,109.64704895019531,67.05866241455078,3.768967866897583,0.23773376643657684,-1.7261285781860352,0.5615761280059814,-0.16723719239234924,0.02337643876671791,0.39647558331489563,-0.5260556936264038,0.1555502861738205,0.13889649510383606,-0.14961206912994385,0.38625574111938477,-0.13167442381381989,167.53195190429688,36.503990173339844,46.38511276245117,13.182661056518555,5.893186092376709,6.423239231109619,3.4179940223693848,4.426741123199463,3.1719393730163574,3.065784215927124,1.6909435987472534,2.7324442863464355,2.167088031768799,-0.1918862909078598,-0.428556889295578,0.46196722984313965,0.1416064351797104,0.08073201030492783,0.17839960753917694,0.028656071051955223,0.07090390473604202,-0.06794004142284393,-0.06325896084308624,0.05191943049430847,-0.08187223225831985,-0.05321536213159561,29.09882926940918,10.748634338378906,7.89591121673584,4.808563709259033,2.954803466796875,1.9277743101119995,1.130847454071045,1.6267768144607544,0.9146226048469543,0.7887941002845764,0.35916000604629517,0.7087933421134949,0.8085156679153442
8c66887c-8251-49fa-903b-c02d56405f58-1436856065644-1.7-m-26-hu.wav,hungry,-532.8603515625,79.97378540039062,-50.36560821533203,1.6020939350128174,-8.260848045349121,-22.63591194152832,1.2632843255996704,-3.8944027423858643,2.5931310653686523,-2.3196842670440674,-9.79404354095459,1.2966022491455078,-8.745931625366211,18650.03125,3787.790283203125,2687.141357421875,709.9102172851562,133.26512145996094,555.9241333007812,179.84300231933594,85.34242248535156,28.43553924560547,38.66965103149414,96.20594787597656,57.016273498535156,70.5645751953125,2.8045008182525635,0.5528419017791748,-0.9148849844932556,0.24349312484264374,-0.3031214773654938,-0.5096161365509033,0.04621335119009018,-0.0770437940955162,0.011315414682030678,-0.1822057068347931,-0.3068753480911255,-0.046187710016965866,-0.22620241343975067,242.44088745117188,102.60133361816406,32.89826965332031,23.934656143188477,2.4447619915008545,11.674787521362305,7.238492965698242,1.6882920265197754,0.9537750482559204,1.481736183166504,1.446964144706726,1.2381476163864136,2.0293915271759033,1.0859217643737793,0.4338739216327667,0.12108201533555984,-0.069695845246315,-0.0507783368229866,-0.10599571466445923,-0.10726406425237656,0.06866664439439774,0.03373955190181732,-0.08749232441186905,-0.09436599165201187,-0.029888764023780823,0.05718172341585159,61.12395477294922,22.242374420166016,7.624870300292969,6.078365325927734,1.2405692338943481,2.0218846797943115,2.2098581790924072,0.5517699718475342,0.4173929691314697,0.4882858395576477,0.6972450613975525,0.3840584456920624,0.7879011034965515
8c66887c-8251-49fa-903b-c02d56405f58-1436856137837-1.7-m-26-hu.wav,hungry,-373.953369140625,106.44603729248047,-77.34397888183594,-0.9049015641212463,-30.5230655670166,-22.494508743286133,13.294906616210938,-17.96198272705078,6.254683971405029,-3.0472233295440674,-19.2897891998291,6.625761032104492,-14.383308410644531,17068.0390625,2793.452880859375,3299.18505859375,477.3634948730469,224.21646118164062,194.44847106933594,91.35139465332031,250.7590789794922,49.38090133666992,48.879600524902344,111.03941345214844,148.9282684326172,110.51051330566406,-3.269202709197998,-1.4258300065994263,1.0819576978683472,0.032328568398952484,0.3752857744693756,0.33999839425086975,-0.1346864253282547,0.10736488550901413,-0.1418825089931488,0.1538614183664322,0.3185318410396576,0.033544186502695084,0.23169633746147156,269.8850402832031,79.5223617553711,48.0161018371582,15.918978691101074,6.539902687072754,6.635990142822266,1.856925368309021,4.251502990722656,2.1636176109313965,1.040785551071167,2.697963237762451,3.3572568893432617,2.8492395877838135,-0.8219452500343323,-0.20786279439926147,0.4355120062828064,-0.0874224305152893,-0.008467701263725758,0.07990233600139618,-0.08174743503332138,0.04321664571762085,0.0026170206256210804,-0.028748897835612297,0.05327409878373146,0.023782100528478622,0.029917914420366287,69.53587341308594,14.612390518188477,12.245162963867188,2.5118350982666016,1.6333177089691162,2.1887383460998535,0.4975845515727997,1.4168436527252197,1.1625306606292725,0.8331204652786255,1.1571698188781738,1.5630449056625366,1.069435954093933
8c920fd0-fa9f-4926-bcac-074767dcbfcd-1436850948195-1.7-m-04-hu.wav,hungry,-456.03399658203125,123.71734619140625,-41.2114372253418,26.049789428710938,-11.271662712097168,-12.95386791229248,14.054983139038086,-23.218931198120117,-2.4090845584869385,-1.8512805700302124,-15.580437660217285,5.271762847900391,-8.698221206665039,8356.1904296875,903.2564697265625,2640.709716796875,382.8009338378906,250.6787872314453,141.23162841796875,79.67657470703125,334.90692138671875,98.08016967773438,110.0444107055664,73.29193878173828,112.66105651855469,51.19090270996094,2.0933399200439453,1.1989096403121948,0.010518175549805164,0.4003439247608185,-0.27505752444267273,-0.06498001515865326,0.03203890100121498,-0.6353003978729248,-0.060839682817459106,0.196318119764328,-0.03943178802728653,0.1332453489303589,-0.11449842154979706,430.4678039550781,59.92349624633789,96.05506134033203,21.054410934448242,8.512112617492676,5.846606254577637,2.6817166805267334,7.6183881759643555,3.567509174346924,5.508893013000488,2.8884456157684326,4.764514446258545,1.9115734100341797,-0.15974894165992737,-0.2337043285369873,0.02296077460050583,0.19336095452308655,-0.05437815934419632,-0.0774492546916008,0.06104017421603203,0.1081642210483551,0.17694337666034698,0.09135611355304718,-0.1240319162607193,-0.20979517698287964,-0.016912149265408516,73.45684051513672,11.46696662902832,15.957892417907715,5.9778337478637695,2.843841314315796,1.8956918716430664,1.1961919069290161,2.403846025466919,2.0867836475372314,1.901219129562378,1.036867618560791,1.8590755462646484,1.1715238094329834
8c920fd0-fa9f-4926-bcac-074767dcbfcd-1436856363348-1.7-f-04-hu.wav,hungry,-403.75244140625,144.27488708496094,-70.72953033447266,33.96397018432617,-26.479900360107422,-27.501832962036133,15.964815139770508,-33.789424896240234,1.7991751432418823,-1.482367992401123,-29.705350875854492,4.65280294418335,-5.736089706420898,15250.240234375,1106.3048095703125,4235.39306640625,741.7252197265625,401.8910827636719,267.6308288574219,169.64007568359375,357.9193115234375,235.05555725097656,84.01185607910156,140.2889862060547,169.80030822753906,70.80488586425781,4.895967483520508,1.1352461576461792,-1.8179233074188232,0.43495649099349976,-0.2247312217950821,-0.22281861305236816,0.3425646722316742,-0.49178019165992737,0.14136937260627747,0.192321315407753,-0.32767102122306824,0.1204279214143753,-0.03691743686795235,375.8796081542969,47.09515380859375,106.55928039550781,25.177244186401367,16.255844116210938,11.732457160949707,6.254687309265137,9.363380432128906,5.452171802520752,2.7808218002319336,3.6795923709869385,4.478041172027588,2.1021039485931396,0.14874261617660522,-0.3705180585384369,-0.08196739107370377,-0.2772935628890991,0.017145788297057152,0.12913882732391357,-0.004273493308573961,0.1333140879869461,0.03386026620864868,0.010312876664102077,0.05567367002367973,-0.07144252955913544,-0.06603675335645676,56.94947814941406,16.44771957397461,10.92039966583252,5.679959774017334,4.476040363311768,4.209920883178711,1.8118600845336914,1.6724228858947754,1.3777087926864624,0.7045292854309082,0.7795166373252869,1.5671690702438354,0.9272000789642334
8c920fd0-fa9f-4926-bcac-074767dcbfcd-1436856382717-1.7-m-04-hu.wav,hungry,-414.1741943359375,153.1135711669922,-67.87006378173828,-12.0875244140625,-8.091717720031738,-28.132539749145508,0.4145545959472656,-12.531907081604004,-14.682347297668457,-9.587257385253906,-14.53480052947998,-3.161247968673706,-0.5861963033676147,7225.52197265625,1595.009765625,1923.106689453125,425.5600891113281,238.80438232421875,264.2308349609375,103.2874755859375,74.28594970703125,147.55413818359375,42.42483139038086,60.18519973754883,64.69348907470703,173.31712341308594,3.76074481010437,1.5174689292907715,-0.8520547747612,-0.44712477922439575,-0.2785254418849945,-0.1898699253797531,0.17084284126758575,-0.0934014543890953,-0.30182185769081116,-0.08295324444770813,-0.049544163048267365,-0.09707614034414291,0.15049979090690613,218.23617553710938,48.57203674316406,68.78945922851562,13.175204277038574,10.05013370513916,8.795374870300293,3.594900369644165,3.0815036296844482,5.771897315979004,1.1636654138565063,1.838331699371338,1.6752947568893433,7.364361763000488,-0.4912491738796234,-0.7474457025527954,0.4478575587272644,0.07784400880336761,0.048849012702703476,0.0661606565117836,-0.2070387601852417,-0.0054995352402329445,0.07655689865350723,0.00044701225124299526,-0.007133839651942253,-0.04660239443182945,-0.03979113698005676,84.55057525634766,21.511323928833008,21.701885223388672,6.059486389160156,2.545464515686035,2.6623990535736084,2.2219841480255127,1.3721401691436768,1.6579163074493408,0.4922364056110382,0.9196115732192993,1.0505390167236328,1.8954862356185913
8f4dbf5a-b504-4452-b6ac-94e646a6a052-1430727792958-1.7-f-72-hu.wav,hungry,-443.3468933105469,181.4101104736328,-65.6734390258789,33.587459564208984,-11.805070877075195,-18.87745475769043,13.014447212219238,-37.935909271240234,-1.3177907466888428,1.80691659450531,-24.27649688720703,2.7236642837524414,-13.885725021362305,2709.85302734375,661.2960205078125,379.20574951171875,435.5594177246094,157.183349609375,76.79121398925781,109.9077377319336,63.94045639038086,47.812252044677734,36.17303466796875,48.91087341308594,43.911434173583984,25.07227897644043,1.1883201599121094,0.29218950867652893,-0.40052810311317444,-0.09886161237955093,-0.23052439093589783,-0.20958520472049713,0.10749845206737518,0.1572495549917221,0.11475542932748795,0.15286673605442047,0.12746165692806244,-0.049900345504283905,0.003978397697210312,72.54261016845703,16.90330696105957,13.458198547363281,18.49799346923828,4.230292797088623,2.822765827178955,4.935457229614258,1.9559255838394165,1.2145233154296875,1.3536840677261353,2.186393976211548,1.821241021156311,0.639747679233551,-0.5304903388023376,-0.4194340407848358,0.10060293972492218,-0.29178768396377563,-0.1883096843957901,-0.08714188635349274,-0.075419120490551,0.13405399024486542,-0.014927138574421406,-0.03769643232226372,0.08124986290931702,-0.009415313601493835,-0.0729951485991478,34.04170608520508,6.126337051391602,5.181349754333496,6.717087745666504,2.0023012161254883,0.8362826704978943,2.0690805912017822,0.8524423837661743,0.6448341012001038,0.6109380125999451,0.9950283765792847,0.7141053080558777,0.4450659155845642
8f4dbf5a-b504-4452-b6ac-94e646a6a052-1430727806162-1.7-f-72-hu.wav,hungry,-479.841552734375,143.98379516601562,-51.80699920654297,26.772310256958008,-6.921706199645996,-23.005516052246094,4.44781494140625,-19.6878662109375,6.123987674713135,-1.4490635395050049,-20.256349563598633,5.104275703430176,-9.12356948852539,2331.831787109375,1038.583740234375,195.443115234375,304.4131164550781,76.61249542236328,81.28874206542969,199.7486114501953,63.96409606933594,72.83365631103516,44.05546188354492,32.22784423828125,22.671245574951172,16.430999755859375,-0.23537017405033112,0.11500648409128189,0.2682723104953766,-0.07536928355693817,0.14647597074508667,0.21777287125587463,0.045343633741140366,0.1775958091020584,0.1229911595582962,0.0323219895362854,0.053593311458826065,-0.1078835129737854,-0.024549948051571846,31.442420959472656,13.839975357055664,5.231002330780029,10.804827690124512,3.193053960800171,3.053950548171997,8.61476993560791,2.651236057281494,3.6621060371398926,1.2953873872756958,1.0833088159561157,0.6724733710289001,0.43326643109321594,-0.30457350611686707,-0.017701825127005577,0.07824797928333282,-0.1522264927625656,0.09620948880910873,-0.03656703233718872,-0.16401304304599762,0.05216125771403313,-0.02237623557448387,-0.010655364952981472,0.06321689486503601,0.015373830683529377,0.07086697220802307,11.41104793548584,3.292633295059204,1.8634461164474487,3.8908450603485107,1.149495005607605,1.0216351747512817,2.120744228363037,0.9714416861534119,1.1795430183410645,0.6055691242218018,0.3921375274658203,0.3110652565956116,0.3661247491836548
8f4dbf5a-b504-4452-b6ac-94e646a6a052-1430729451597-1.7-f-72-hu.wav,hungry,-621.9661865234375,143.50242614746094,-71.70838928222656,48.88630294799805,-7.158554553985596,-21.650238037109375,19.41871452331543,-25.0263614654541,3.36936616897583,-1.3445051908493042,-19.528261184692383,8.68519115447998,-13.481489181518555,10909.388671875,2246.95947265625,737.4815673828125,290.72271728515625,45.8261604309082,134.10861206054688,78.5287857055664,90.83377838134766,25.176006317138672,21.613555908203125,65.97354125976562,27.077186584472656,35.50725173950195,3.7125978469848633,1.6923784017562866,-0.8789045214653015,0.5357802510261536,-0.04989451915025711,-0.23507647216320038,0.24178287386894226,-0.2669351100921631,0.03310972452163696,0.002751912223175168,-0.2060873955488205,0.10132893919944763,-0.13553814589977264,155.4121551513672,32.705116271972656,11.261018753051758,7.169441223144531,1.6366281509399414,2.9194531440734863,2.3184425830841064,2.3267650604248047,0.8220829963684082,0.8044420480728149,1.2874586582183838,1.0179523229599,0.8221994042396545,0.20932771265506744,0.13995276391506195,-0.0017273729899898171,0.030871005728840828,-0.03514252230525017,-0.08236226439476013,-0.02246301993727684,-0.047212325036525726,-0.03229021653532982,0.043511148542165756,0.011950625106692314,0.0026835736352950335,0.020241431891918182,25.15652847290039,6.24015474319458,2.039174795150757,1.779244303703308,0.6258702278137207,0.9199678301811218,0.7420682907104492,0.476558119058609,0.3111533522605896,0.3925994634628296,0.32736220955848694,0.32211390137672424,0.5112894177436829
8f4dbf5a-b504-4452-b6ac-94e646a6a052-1430734962301-1.7-f-72-hu.wav,hungry,-497.2758483886719,119.08847045898438,-42.9172248840332,25.455860137939453,-10.336727142333984,-20.759925842285156,9.175588607788086,-17.986101150512695,-1.009438157081604,-3.131408452987671,-15.963839530944824,5.026832580566406,-7.330700397491455,4358.04736328125,775.3998413085938,447.91851806640625,418.5662536621094,174.80056762695312,294.3016662597656,135.968505859375,91.33087921142578,43.38689041137695,42.263389587402344,50.56755065917969,87.89070129394531,39.206199645996094,-0.36410433053970337,-0.3182543218135834,0.10920962691307068,0.31488361954689026,0.30218350887298584,0.4264835715293884,0.3629918694496155,0.05489329248666763,0.04999621957540512,0.16598862409591675,0.06024482846260071,-0.02842458337545395,-0.042130548506975174,55.17707061767578,12.134736061096191,14.885713577270508,15.801767349243164,3.0279908180236816,3.96376633644104,6.585374355316162,2.2919914722442627,1.3703505992889404,2.0174050331115723,2.024688482284546,1.3867933750152588,1.5431833267211914,-0.6131132245063782,-0.25260236859321594,0.1496058702468872,-0.11378169804811478,0.08042006939649582,0.18729688227176666,0.08324315398931503,0.13077369332313538,0.03387947753071785,-0.04187093302607536,-0.07873298972845078,-0.1384064257144928,-0.02995779737830162,22.405752182006836,6.158307075500488,8.9485502243042,5.240419864654541,1.12078058719635,2.1753690242767334,2.4938652515411377,1.877516269683838,0.41975152492523193,0.4030519127845764,0.8546847701072693,0.7766202688217163,0.6400711536407471
8f4dbf5a-b504-4452-b6ac-94e646a6a052-1430735028906-1.7-f-72-hu.wav,hungry,-382.1465148925781,117.5632095336914,-64.75660705566406,31.116130828857422,-35.41305923461914,-41.07505416870117,10.83566951751709,-22.148107528686523,9.332972526550293,0.6569507122039795,-24.079540252685547,7.833930015563965,-9.7411470413208,9065.71484375,1117.318603515625,3028.02099609375,565.4384155273438,467.90765380859375,360.6236267089844,455.9544982910156,231.17706298828125,160.88699340820312,214.35679626464844,138.44735717773438,188.30404663085938,96.77906036376953,-1.4168466329574585,0.06151353195309639,1.2158634662628174,-0.12987090647220612,0.023978902027010918,0.07979215681552887,-0.1900632679462433,0.07793251425027847,-0.4434000849723816,-0.5455465316772461,0.08218732476234436,0.14845356345176697,-0.04670709744095802,102.88877868652344,31.88962173461914,12.606281280517578,7.629397869110107,10.592883110046387,10.876313209533691,5.223660469055176,3.306037187576294,3.3991711139678955,2.1748368740081787,7.155407905578613,5.2906084060668945,5.316934585571289,-0.3846651315689087,-0.06745881587266922,0.12538465857505798,-0.17361073195934296,-0.0388154536485672,-0.048761919140815735,-0.015063075348734856,0.11676540970802307,-0.10705748200416565,-0.03811778128147125,0.11778637766838074,-0.0006247222772799432,0.05817839503288269,19.824617385864258,8.068681716918945,3.052877902984619,2.9684436321258545,2.113790512084961,2.9567387104034424,1.5220158100128174,1.376389741897583,1.2843379974365234,0.851706326007843,1.925337791442871,1.0785125494003296,1.6512465476989746
8f4dbf5a-b504-4452-b6ac-94e646a6a052-1430735040980-1.7-f-72-hu.wav,hungry,-389.18865966796875,128.9847869873047,-56.452674865722656,33.62336349487305,-35.2939567565918,-47.22098922729492,3.736546039581299,-23.618249893188477,8.9534273147583,0.422362357378006,-18.805845260620117,18.323354721069336,-5.636253833770752,9931.3515625,1799.1246337890625,870.7340698242188,167.12338256835938,757.7977294921875,631.5917358398438,208.1823272705078,155.28561401367188,205.8693084716797,68.5081787109375,138.0340576171875,207.87081909179688,44.086639404296875,0.14682252705097198,0.023179998621344566,0.04480690136551857,0.2404499500989914,0.24239815771579742,0.4943287670612335,0.39179015159606934,-0.14269258081912994,-0.028810150921344757,0.04313942790031433,-0.36486902832984924,-0.18050064146518707,0.14749373495578766,154.84796142578125,35.75665283203125,15.548616409301758,5.920609951019287,7.290716171264648,8.402679443359375,7.7860541343688965,2.1707396507263184,2.749825954437256,2.0815305709838867,4.542328357696533,3.5327506065368652,1.9467772245407104,-0.7897853255271912,-0.4470728635787964,0.06487570703029633,-0.0954655110836029,0.0979655534029007,0.06427358835935593,-0.09539802372455597,0.03359423577785492,0.02121647447347641,0.09549915045499802,0.18508537113666534,0.0880478098988533,0.0999269187450409,11.77464771270752,6.299319744110107,2.7023940086364746,1.4678009748458862,1.0905442237854004,1.346352458000183,1.4618468284606934,0.46835482120513916,0.5819768905639648,0.6186121702194214,0.7728719711303711,0.9256457090377808,0.939277172088623
8f4dbf5a-b504-4452-b6ac-94e646a6a052-1430735057816-1.7-f-72-hu.wav,hungry,-430.53253173828125,140.65744018554688,-68.31847381591797,21.511564254760742,-28.258342742919922,-38.77681350708008,8.056036949157715,-16.500194549560547,9.391316413879395,-2.362751007080078,-20.114105224609375,10.93569278717041,-8.400684356689453,4515.27587890625,1020.6287231445312,1177.98876953125,448.8352355957031,382.4864501953125,319.6055908203125,301.0252380371094,109.39102172851562,167.87564086914062,59.38900375366211,188.28968811035156,113.2060317993164,31.449073791503906,0.7778229117393494,0.30808132886886597,-0.14214357733726501,-0.013910669833421707,-0.04189904034137726,-0.278563916683197,-0.27222567796707153,0.05322771891951561,0.04637369140982628,-0.13381212949752808,0.08286422491073608,0.21764211356639862,0.1021297425031662,157.1944580078125,51.5323371887207,28.476863861083984,16.715707778930664,17.097780227661133,10.865243911743164,7.5755815505981445,3.5701475143432617,5.829546928405762,1.659442663192749,3.192089557647705,4.043881416320801,1.0804522037506104,-0.6546876430511475,-0.1660502552986145,0.3623708486557007,-0.19103652238845825,0.13901463150978088,0.0977020189166069,-0.13012339174747467,0.04295484721660614,-0.1708022654056549,-0.028179962188005447,-0.0031511657871305943,-0.2634184956550598,0.023104120045900345,59.84861373901367,18.579641342163086,8.469792366027832,5.919139385223389,6.573551177978516,4.355341911315918,1.9821158647537231,1.2771191596984863,2.0904135704040527,0.4715614318847656,0.8669031858444214,1.6859732866287231,0.6783003807067871
8f4dbf5a-b504-4452-b6ac-94e646a6a052-1430735157938-1.7-f-72-hu.wav,hungry,-458.39581298828125,167.44049072265625,-90.576171875,60.751625061035156,-23.621416091918945,-28.4836368560791,29.025606155395508,-36.060306549072266,7.841339111328125,3.9606916904449463,-23.939754486083984,12.781145095825195,-18.163497924804688,2093.583740234375,535.609619140625,882.5650024414062,361.5015869140625,172.0751495361328,167.69464111328125,105.78263854980469,127.82335662841797,93.64691162109375,77.48054504394531,47.205467224121094,69.41141510009766,37.54250717163086,0.7401937246322632,-0.6154614686965942,-0.46775344014167786,0.44805726408958435,-0.1378779113292694,0.18272070586681366,0.3648192286491394,-0.05911250784993172,0.2924547493457794,0.15616244077682495,-0.021604564040899277,0.26132890582084656,0.05622340738773346,51.3177375793457,12.768128395080566,18.81450843811035,12.109609603881836,7.857903003692627,4.262176036834717,2.1357381343841553,3.8403875827789307,2.220609188079834,2.4825398921966553,1.2580389976501465,2.240340232849121,0.9593310952186584,-0.42267438769340515,-0.2891346216201782,0.4121015965938568,-0.17189204692840576,-0.1486254781484604,0.13872219622135162,-0.0367351733148098,0.018688058480620384,0.015866614878177643,-0.06355234235525131,0.02515510283410549,0.0950332060456276,0.02627219259738922,23.324665069580078,9.286677360534668,9.181764602661133,6.203371047973633,4.196929454803467,1.9970793724060059,1.1501824855804443,1.4229477643966675,0.7435340285301208,0.9118378758430481,0.6921550035476685,1.084274172782898,0.680735170841217
8f5c01dc-6826-4076-a831-027ad61afdaf-1435873509176-1.7-f-26-hu.wav,hungry,-321.56964111328125,98.66837310791016,-112.84107971191406,4.868712425231934,-5.305116176605225,-9.424307823181152,6.117807388305664,-34.594783782958984,6.451911449432373,3.533726453781128,-15.980911254882812,14.263696670532227,-10.774481773376465,6827.3125,478.7843933105469,2662.77685546875,577.2674560546875,452.4363708496094,388.2740478515625,128.85906982421875,291.3397521972656,212.60545349121094,76.8399658203125,145.50547790527344,289.87060546875,319.5242919921875,-0.07408403605222702,0.6118055582046509,0.8919026851654053,0.20855456590652466,0.09459908306598663,0.09983447939157486,0.1184961125254631,0.1264931559562683,-0.07139819115400314,0.09595495462417603,0.09133917093276978,-0.1719682216644287,-0.14789851009845734,188.048828125,27.14866065979004,62.4597282409668,14.680514335632324,15.449874877929688,7.861083984375,5.513575553894043,11.594707489013672,4.7813897132873535,2.002013683319092,5.398437023162842,10.664155006408691,10.38180160522461,-1.2554596662521362,-0.5084692239761353,0.5745745897293091,0.18230046331882477,0.10956346988677979,-0.01420148927718401,-0.04675287380814552,0.17127318680286407,-0.006213346496224403,0.06625848263502121,0.09731002897024155,-0.18349838256835938,-0.019134322181344032,73.59447479248047,6.259768009185791,20.521547317504883,2.2566986083984375,4.745997905731201,2.445840835571289,1.48861825466156,3.0780038833618164,1.1068917512893677,0.5952950119972229,1.804179310798645,2.6959104537963867,2.084043025970459
8FDA58A7-FDC6-4421-855F-738E6E853E43-1429895742-1.0-m-26-hu.wav,hungry,-339.44879150390625,70.71782684326172,-69.68498229980469,0.31113651394844055,4.391944408416748,-8.30971622467041,-9.485511779785156,-22.3950138092041,10.4154634475708,4.82938289642334,-15.134247779846191,-3.315755605697632,-13.979336738586426,9687.5810546875,1111.125732421875,1885.8555908203125,249.25222778320312,192.32296752929688,343.0724792480469,72.2229232788086,378.296630859375,175.80516052246094,102.6332778930664,136.15451049804688,69.76476287841797,73.28736877441406,-3.0097033977508545,-1.0275883674621582,1.2709654569625854,-0.2864527702331543,-0.14437228441238403,0.05477587878704071,-0.0034848679788410664,0.4561247229576111,-0.26988914608955383,-0.22278478741645813,0.4350453317165375,0.07630989700555801,0.006657727062702179,378.0987243652344,42.22887420654297,69.44633483886719,12.36853313446045,6.6699042320251465,8.333786964416504,3.835052251815796,8.227579116821289,5.164520263671875,2.0055384635925293,3.4705426692962646,3.4087934494018555,2.585651397705078,-0.03109203465282917,-0.02950766310095787,0.16786494851112366,0.18672780692577362,-0.12607087194919586,-0.11262668669223785,0.059945546090602875,0.042936068028211594,-0.006015135906636715,-0.04327721893787384,0.049022916704416275,0.13429366052150726,0.05170623958110809,127.65045166015625,15.096173286437988,21.864925384521484,3.9924020767211914,2.280642032623291,1.9886868000030518,1.3595362901687622,2.3793606758117676,1.990248680114746,1.344765543937683,1.115462064743042,1.4944462776184082,1.1268978118896484
8FDA58A7-FDC6-4421-855F-738E6E853E43-1429895751-1.0-m-26-hu.wav,hungry,-375.4039611816406,92.0471420288086,-67.58521270751953,-2.862553358078003,-4.891014099121094,-18.57561683654785,-1.3360345363616943,-12.495382308959961,0.1847628802061081,-6.183873176574707,-18.2786808013916,-7.084053039550781,-14.807951927185059,7539.31298828125,972.5160522460938,1361.12109375,239.53927612304688,112.75353240966797,161.05043029785156,178.50338745117188,55.54656219482422,76.90296936035156,100.74613189697266,33.975013732910156,55.7680778503418,66.10298156738281,-0.5627046823501587,-0.7925973534584045,0.32229897379875183,0.3675096035003662,0.11660264432430267,0.3393109142780304,0.37600043416023254,0.06166599690914154,-0.027594594284892082,0.17602011561393738,0.209028422832489,0.11105593293905258,0.07087923586368561,184.25450134277344,28.175765991210938,35.29649353027344,10.065868377685547,3.6241044998168945,4.132158279418945,3.369999885559082,2.113677978515625,3.250877857208252,2.5357155799865723,1.4363502264022827,2.50171160697937,1.122388243675232,0.5097445845603943,-0.01676076091825962,-0.176351398229599,-0.22016796469688416,-0.0194551944732666,-0.02166486531496048,-0.06627903878688812,0.041960883885622025,-0.032114431262016296,-0.009937289170920849,0.12167482823133469,0.10088557749986649,0.12108239531517029,42.647464752197266,10.723109245300293,7.696380138397217,4.047410488128662,1.1133278608322144,2.0436534881591797,0.8610432147979736,1.1104384660720825,1.0211734771728516,0.7410647869110107,0.7180545926094055,0.8550294637680054,0.7017720937728882
8FDA58A7-FDC6-4421-855F-738E6E853E43-1429895780-1.0-m-26-hu.wav,hungry,-241.1576690673828,88.5478286743164,-89.08955383300781,31.04082679748535,-5.78542423248291,-13.457929611206055,11.070496559143066,-25.59727668762207,16.06156349182129,4.863029956817627,-23.970308303833008,3.8518505096435547,-9.884906768798828,12544.6513671875,916.5082397460938,2429.079833984375,610.0501098632812,89.2401123046875,160.1175994873047,171.72015380859375,350.605712890625,190.3694305419922,130.86717224121094,91.92588806152344,139.6190643310547,39.40947341918945,2.253236770629883,-0.18841542303562164,-1.2584892511367798,0.5049535036087036,0.1486573964357376,0.23624712228775024,0.19814446568489075,-0.283418208360672,0.5188025832176208,0.1628720611333847,-0.3569175601005554,0.1918562799692154,-0.03180216625332832,253.55926513671875,25.424015045166016,53.31032180786133,10.801810264587402,2.812875509262085,2.8555712699890137,4.913181304931641,6.1803460121154785,1.8128559589385986,3.4359729290008545,1.6198561191558838,2.414863109588623,1.3928496837615967,-0.351004421710968,-0.36947163939476013,0.2470078021287918,-0.2548309862613678,-0.0836053416132927,0.12582069635391235,-0.12262358516454697,-0.007689842022955418,-0.013952886685729027,-0.05670769140124321,0.039742402732372284,0.02367531508207321,0.07354989647865295,54.57404708862305,10.546430587768555,9.428234100341797,2.6848666667938232,0.7623453140258789,1.3849329948425293,1.132165789604187,1.397993564605713,0.6884469985961914,0.9701173901557922,0.5477501749992371,0.4940587282180786,0.48692336678504944
9090c7a3-bebc-4485-aafc-64e4298da3ac-1430088396663-1.7-f-26-hu.wav,hungry,-311.9963684082031,131.093994140625,-75.14434051513672,11.981696128845215,1.3935614824295044,-18.918046951293945,13.72514820098877,-6.744966983795166,-1.4333851337432861,-3.083484411239624,-12.642312049865723,2.7705583572387695,-9.368734359741211,4272.8623046875,270.0894775390625,2790.11865234375,360.97100830078125,133.2529754638672,190.49563598632812,135.97625732421875,82.73876953125,50.44035339355469,56.733482360839844,35.89692687988281,33.32083511352539,68.48733520507812,2.0071444511413574,0.12327207624912262,-1.4786378145217896,-0.07175778597593307,-0.347868949174881,-0.3492826521396637,0.12649674713611603,-0.21557892858982086,-0.0975671112537384,-0.07671905308961868,-0.26372969150543213,-0.052410922944545746,-0.03560488671064377,111.29945373535156,8.58587646484375,78.28736877441406,10.302631378173828,5.7885942459106445,5.464239120483398,3.9538872241973877,3.1976938247680664,1.7859073877334595,2.475109577178955,1.7008713483810425,1.36709463596344,1.5400525331497192,0.3052779734134674,0.100173220038414,-0.17195028066635132,-0.08130699396133423,0.2040725201368332,0.23079103231430054,0.04037678986787796,0.027596963569521904,0.0220900010317564,0.03350210562348366,-0.015946170315146446,-0.0041821785271167755,0.06971857696771622,17.03256607055664,2.427046775817871,12.460308074951172,3.5490283966064453,2.0638349056243896,1.632617712020874,1.1820893287658691,1.15674889087677,0.8726140260696411,1.311434030532837,0.5418849587440491,0.6792649030685425,0.41429373621940613
9090c7a3-bebc-4485-aafc-64e4298da3ac-1430109146143-1.7-f-26-hu.wav,hungry,-205.15206909179688,146.24014282226562,-71.07405090332031,0.04244465380907059,-28.751163482666016,-36.93601989746094,13.239962577819824,-19.570261001586914,-11.308894157409668,0.9465080499649048,-18.04249382019043,4.200194835662842,2.976106643676758,3800.364990234375,525.3057861328125,849.88671875,180.96426391601562,150.862060546875,142.97976684570312,258.6863708496094,96.00827026367188,141.28875732421875,147.17855834960938,183.20059204101562,372.3262939453125,327.16241455078125,0.6572880148887634,0.3533214330673218,0.30139029026031494,0.007076253183186054,0.19035962224006653,-0.23786333203315735,-0.38984155654907227,0.14090949296951294,0.1504526287317276,0.16483047604560852,0.010293897241353989,-0.49751394987106323,-0.28286752104759216,74.95893859863281,13.252445220947266,20.765531539916992,5.828336715698242,6.261131286621094,4.296273231506348,4.20119047164917,4.446419715881348,4.879837989807129,6.047037124633789,4.724997043609619,9.5303373336792,10.265670776367188,0.8552802801132202,-0.10209400206804276,-0.24800430238246918,0.09343745559453964,-0.07131893932819366,-0.03319048136472702,0.09360823035240173,-0.13827557861804962,-0.10002998262643814,0.11976753175258636,0.15524223446846008,0.13435930013656616,0.028454409912228584,26.655920028686523,3.9625864028930664,7.1645307540893555,2.644726276397705,2.4735679626464844,1.7344872951507568,1.43279230594635,1.6368591785430908,1.1660513877868652,1.3210519552230835,1.3064998388290405,1.865736961364746,2.2610747814178467
92d08bbe-553f-4844-85b1-15d572f06ea2-1436873183951-1.7-m-04-hu.wav,hungry,-199.19900512695312,144.53758239746094,-109.41633605957031,14.320706367492676,-4.921947956085205,-38.21966552734375,13.043081283569336,-10.92203426361084,-8.717855453491211,-0.7487708330154419,-7.442023277282715,7.509142875671387,-3.5044069290161133,7232.791015625,1437.791259765625,2509.147216796875,281.8173828125,210.9844970703125,295.2769470214844,310.5980224609375,66.49219512939453,149.93345642089844,94.17350769042969,139.37115478515625,202.35281372070312,140.23602294921875,3.358610153198242,2.043225049972534,-0.5788354277610779,0.02792331948876381,0.2210133671760559,0.02885580062866211,-0.03453274816274643,-0.012533836998045444,0.25280314683914185,-0.09404561668634415,-0.18530471622943878,-0.034914370626211166,-0.3062061071395874,417.4288024902344,60.38189697265625,125.55025482177734,8.695151329040527,10.877626419067383,14.73542308807373,7.247135162353516,3.7583069801330566,5.9161176681518555,2.9565789699554443,4.426083564758301,8.885961532592773,6.94173526763916,0.5561994910240173,0.0691402330994606,-0.4876781105995178,-0.20816561579704285,-0.1640748828649521,-0.13816632330417633,-0.10975271463394165,0.018477873876690865,0.2697852551937103,0.1272168755531311,0.026875890791416168,0.0419040285050869,-0.02114166133105755,126.73764038085938,17.491193771362305,51.60556411743164,3.8919365406036377,5.103537559509277,5.8765692710876465,2.691779375076294,1.102523684501648,2.805905818939209,1.6835933923721313,1.5322506427764893,3.2173845767974854,3.4583685398101807
92d08bbe-553f-4844-85b1-15d572f06ea2-1436873211119-1.7-m-04-hu.wav,hungry,-328.3064270019531,160.17428588867188,-46.4384880065918,34.9957160949707,1.9083867073059082,-14.74095344543457,18.784482955932617,-14.891092300415039,-0.0106336185708642,3.176643133163452,-14.864786148071289,0.18743667006492615,-10.827040672302246,5358.244140625,1138.7584228515625,2421.98046875,570.331298828125,345.05584716796875,265.8834228515625,43.41511535644531,60.39645767211914,83.59678649902344,68.89592742919922,55.89199447631836,67.33413696289062,79.02101135253906,2.6942291259765625,1.3885103464126587,-0.3254369795322418,0.7386294603347778,0.3107314705848694,-0.08981764316558838,0.09213807433843613,-0.1199854388833046,0.12045571208000183,0.04037062078714371,-0.05268886685371399,0.12386388331651688,-0.1337084323167801,217.5503692626953,48.95598602294922,48.20712661743164,15.939051628112793,5.399258613586426,7.794849872589111,1.9915438890457153,2.2680840492248535,2.9655771255493164,2.8731017112731934,2.999762773513794,1.9460355043411255,1.3606817722320557,-0.46609753370285034,-0.4190288186073303,-0.1515738070011139,-0.1275871843099594,-0.011978750117123127,0.04283401370048523,-0.08022461831569672,-0.02608185075223446,0.05975872278213501,-0.018672991544008255,0.018688693642616272,0.11235298961400986,0.039160940796136856,27.55377769470215,9.387818336486816,12.281109809875488,3.9931206703186035,1.667583703994751,1.8436843156814575,0.943212628364563,0.7890916466712952,0.5942787528038025,0.9734732508659363,1.1404253244400024,1.149213194847107,0.557630717754364
9641D2D5-7D9F-41B2-8345-229AE9555FEC-1430022546-1.0-m-72-hu.wav,hungry,-316.73138427734375,126.55379486083984,-65.1832275390625,19.144001007080078,-16.080249786376953,-39.704872131347656,-4.903086185455322,-25.78693199157715,-9.496964454650879,-9.59440803527832,-18.588359832763672,2.6946592330932617,-9.04397964477539,186.11708068847656,119.29724884033203,97.462890625,79.29175567626953,18.18089485168457,54.48590850830078,38.782772064208984,33.43473434448242,31.60251235961914,25.048463821411133,23.682947158813477,25.66292953491211,39.30792236328125,-0.12841473519802094,-0.01974441483616829,0.023143822327256203,-0.11321049183607101,-0.07638948410749435,-0.09117326140403748,-0.06425438821315765,0.052707377821207047,0.005476411897689104,0.039331670850515366,0.09330182522535324,-0.05487685650587082,-0.06701669842004776,4.7671589851379395,4.076056480407715,4.0955023765563965,2.9351089000701904,0.37687715888023376,0.6979681849479675,1.4376730918884277,0.9596600532531738,1.0045808553695679,0.8211470246315002,0.5190808773040771,0.8431495428085327,1.46337890625,0.02733585610985756,0.1672496348619461,0.23890316486358643,0.1373937427997589,0.09051712602376938,0.03192923590540886,-0.013387612998485565,-0.0012817649403586984,0.004865418188273907,0.04637434706091881,0.050371602177619934,0.04178436100482941,0.1154690682888031,2.3772037029266357,1.4308264255523682,1.649611234664917,0.6555648446083069,0.2374219298362732,0.35607224702835083,0.572129487991333,0.639228105545044,0.41925927996635437,0.28650081157684326,0.2410397231578827,0.28537091612815857,0.5536617636680603
96986c8b-9988-4c37-a0f8-e7c4269cc3ac-1431719845836-1.7-m-26-hu.wav,hungry,-282.0507507324219,135.55618286132812,-61.652400970458984,-23.16765022277832,-22.82691764831543,-14.018446922302246,7.914609432220459,-15.298534393310547,3.7497200965881348,3.7296626567840576,-14.405194282531738,2.076319694519043,-3.32369065284729,3715.906982421875,909.4586791992188,997.1047973632812,665.1329956054688,310.3453063964844,193.98707580566406,198.93174743652344,199.1846466064453,88.90972137451172,99.53450012207031,139.19332885742188,184.30648803710938,231.99490356445312,1.238602638244629,0.9357957243919373,0.09722788631916046,0.12831655144691467,0.06341693550348282,0.09729944169521332,0.14094538986682892,-0.020411329343914986,-0.00455527612939477,-0.07478189468383789,-0.15280301868915558,-0.09116826951503754,-0.15163566172122955,113.0739517211914,33.28589630126953,28.199722290039062,23.225767135620117,13.564493179321289,6.893829822540283,4.346282005310059,6.969436168670654,2.924429178237915,5.49852991104126,6.692901134490967,6.548620223999023,9.662118911743164,-0.4980711340904236,-0.3027200996875763,0.07329758256673813,-0.1115167886018753,-0.16885028779506683,-0.02686978317797184,0.052382417023181915,0.13153833150863647,0.07976385205984116,0.019356070086359978,0.048956241458654404,-0.0511075034737587,-0.038767892867326736,46.7296028137207,9.6491060256958,11.430508613586426,6.016406059265137,6.202476501464844,2.8191328048706055,1.5685960054397583,2.2239465713500977,1.9257465600967407,1.667959451675415,1.8876763582229614,3.0794782638549805,3.1640632152557373
990DE219-FCD1-4634-91CE-19AB93E5D2B0-1430214575-1.0-m-04-hu.wav,hungry,-363.5630798339844,188.412109375,-113.06783294677734,33.14482879638672,-18.19512367248535,-24.775484085083008,23.1923885345459,-37.617366790771484,-2.657665729522705,-5.438949108123779,-28.345165252685547,4.232029914855957,-20.74812889099121,588.4968872070312,185.47662353515625,97.73324584960938,79.47753143310547,60.93686294555664,18.233264923095703,29.61473274230957,111.2551040649414,32.54766082763672,34.15309524536133,15.165501594543457,11.268404006958008,11.870798110961914,0.9012731313705444,0.13003914058208466,-0.01229814998805523,-0.26809161901474,-0.13549800217151642,0.07754436135292053,-0.07031457871198654,-0.11075692623853683,-0.14016643166542053,-0.19825182855129242,-0.07359807938337326,-0.02735118195414543,-0.02103213593363762,22.828615188598633,7.722629547119141,3.3145833015441895,3.675914764404297,2.9429848194122314,0.6820876598358154,0.8228452205657959,3.608565330505371,0.7621979117393494,1.557853102684021,0.7521207332611084,0.27487877011299133,0.40993890166282654,0.07156777381896973,-0.21838951110839844,0.2544599771499634,-0.11199389398097992,0.03517452999949455,0.09887199103832245,-0.03048018179833889,0.033782511949539185,-0.08961305022239685,-0.02771078608930111,0.0602496936917305,-0.0018415901577100158,0.04387352988123894,3.8398795127868652,2.4091789722442627,1.577314019203186,1.5674798488616943,0.8882066607475281,0.3050195276737213,0.41291114687919617,0.6210675835609436,0.35958877205848694,0.44724926352500916,0.20139504969120026,0.17886626720428467,0.190297469496727
999bf14b-e417-4b44-b746-9253f81efe38-1430844940177-1.7-m-04-hu.wav,hungry,-377.99896240234375,187.4580535888672,-50.55289077758789,-3.4037230014801025,12.96085262298584,-36.720664978027344,-21.760276794433594,-1.8258306980133057,-0.10451886802911758,-5.2613372802734375,-8.140520095825195,-1.8709170818328857,-8.395191192626953,4770.12451171875,1433.12646484375,939.8681640625,167.92376708984375,173.45399475097656,270.3681945800781,184.8134307861328,62.85706329345703,67.51458740234375,25.84052848815918,35.855045318603516,109.58435821533203,37.565345764160156,2.354501962661743,0.8047981858253479,-0.8256988525390625,0.2749938368797302,0.04740885645151138,-0.4467529058456421,0.11686482280492783,0.16544701159000397,-0.06550145894289017,0.01776156947016716,0.03548511862754822,-0.0753159150481224,-0.18986466526985168,224.22373962402344,63.73592758178711,33.33652114868164,5.498181343078613,7.014366626739502,11.782073020935059,5.259830951690674,3.143455982208252,2.3746020793914795,1.197187900543213,1.146114706993103,3.5096921920776367,1.9846025705337524,-0.49431371688842773,-0.369495153427124,0.32849055528640747,0.10945594310760498,-0.009310298599302769,0.16093510389328003,0.07323570549488068,0.03492842987179756,0.013537026010453701,-0.009694247506558895,0.026258256286382675,-0.03409980610013008,0.0042702085338532925,44.37498474121094,12.468510627746582,7.797056198120117,3.1677732467651367,1.9201534986495972,3.735534429550171,2.8348021507263184,1.1895661354064941,0.8684237599372864,0.46559974551200867,0.4914895296096802,1.5107053518295288,0.5675171613693237
999bf14b-e417-4b44-b746-9253f81efe38-1430972705879-1.7-m-26-hu.wav,hungry,-540.3341674804688,97.63970184326172,6.823947429656982,8.517145156860352,15.316313743591309,4.4276604652404785,0.2980555593967438,-4.6004767417907715,-2.042663335800171,-0.885957658290863,-5.768746376037598,-3.6245789527893066,-4.563534259796143,8127.70947265625,3297.105712890625,662.142822265625,366.22314453125,57.96894073486328,77.93387603759766,81.57136535644531,37.65174865722656,19.1306095123291,25.627765655517578,33.471839904785156,28.29804039001465,16.701162338256836,0.21027076244354248,0.1874275654554367,0.13406656682491302,0.21889106929302216,0.17974746227264404,0.10904715210199356,0.06950002163648605,-0.020829901099205017,-0.060527902096509933,-0.040952663868665695,-0.03756803646683693,-0.0394052155315876,-0.06216929852962494,167.39691162109375,59.25870132446289,23.26136589050293,15.264666557312012,2.6224944591522217,2.7118165493011475,3.327167272567749,0.755946695804596,0.656452476978302,0.8995944261550903,1.1552867889404297,1.0931898355484009,0.48526015877723694,-0.23571160435676575,-0.2106500118970871,-0.02217198722064495,0.03163876757025719,0.015270400792360306,0.016575651243329048,0.015031937509775162,-0.003721421817317605,-0.019556783139705658,-0.027781765908002853,-0.03853379562497139,-0.04114461690187454,-0.0245825182646513,63.00376510620117,19.804832458496094,11.028158187866211,4.736536026000977,1.1347084045410156,1.4750397205352783,1.3990358114242554,0.4379008412361145,0.2601068317890167,0.3325786888599396,0.5494783520698547,0.43914133310317993,0.2519005239009857
999bf14b-e417-4b44-b746-9253f81efe38-1431013054417-1.7-m-26-hu.wav,hungry,-337.9936828613281,160.10018920898438,-35.38176727294922,-25.463022232055664,-11.591754913330078,-32.768394470214844,-14.221379280090332,-2.6706769466400146,-6.27846097946167,-5.819655895233154,-6.390000343322754,-8.366987228393555,-10.8867769241333,4676.70654296875,1908.024658203125,885.0698852539062,254.38121032714844,405.9066162109375,318.0333251953125,114.830078125,173.99070739746094,43.98595428466797,50.53657531738281,39.64704895019531,167.86688232421875,87.79888153076172,2.3383991718292236,1.6169459819793701,-0.4384913742542267,-0.45708125829696655,-0.33227840065956116,-0.48751991987228394,-0.16818715631961823,0.04240694269537926,-0.025149274617433548,-0.03726579621434212,-0.042871732264757156,-0.07895683497190475,-0.13032759726047516,114.44131469726562,32.965694427490234,33.34666061401367,5.144418716430664,4.706998348236084,7.452159404754639,2.7298836708068848,2.3414039611816406,1.027806282043457,1.5415314435958862,0.8948904275894165,3.336588144302368,2.8456573486328125,-0.3608481287956238,-0.3162587881088257,-0.04002471640706062,-0.11677546054124832,-0.1609153002500534,0.13650475442409515,0.13300372660160065,-0.08077668398618698,0.02183324284851551,0.08544887602329254,-0.0010130545124411583,0.02652614749968052,0.09306644648313522,16.551931381225586,6.376755237579346,4.748008728027344,2.2846858501434326,1.8133379220962524,0.9567817449569702,0.51975417137146,0.4344708025455475,0.6584900617599487,0.7106412649154663,0.27812063694000244,0.8707534074783325,1.104744791984558
999bf14b-e417-4b44-b746-9253f81efe38-1431013068243-1.7-m-26-hu.wav,hungry,-278.5308837890625,163.24853515625,-131.0545196533203,18.318925857543945,1.621669054031372,-49.914676666259766,10.674166679382324,-12.08057689666748,-13.988327026367188,1.8922028541564941,-13.503310203552246,-6.9915571212768555,-12.044836044311523,5848.46337890625,878.7925415039062,1595.1400146484375,407.99462890625,49.831790924072266,184.82342529296875,50.501033782958984,39.18535232543945,27.65511703491211,37.440311431884766,28.548316955566406,30.705739974975586,30.091394424438477,3.976470947265625,1.5543243885040283,-1.7360405921936035,-0.0702272355556488,0.2202937752008438,-0.2968027889728546,0.020679300650954247,-0.09478919953107834,0.06736686080694199,0.11762379854917526,-0.07603498548269272,0.17053361237049103,-0.02265496365725994,195.21026611328125,20.863670349121094,65.33464050292969,9.600590705871582,2.140047073364258,5.852622985839844,1.2996385097503662,1.1531741619110107,0.8175426125526428,1.5265637636184692,1.0275897979736328,1.02588951587677,1.209333896636963,-0.7060579061508179,-0.46386629343032837,0.32025837898254395,0.04689543694257736,-0.05509686842560768,0.1938566118478775,0.058007657527923584,0.010698676109313965,0.06452047824859619,-0.03505615517497063,-0.015883423388004303,0.06380178779363632,0.025772700086236,15.569368362426758,5.327315330505371,5.706891059875488,2.0583107471466064,0.616502046585083,0.708041250705719,0.32585129141807556,0.47166991233825684,0.4017120897769928,0.5300703048706055,0.38177740573883057,0.6200381517410278,0.5736543536186218
9aa8bac5-eeb9-4f19-a4bf-7c439e87364b-1430745312460-1.7-m-04-hu.wav,hungry,-505.37945556640625,121.76361083984375,-41.303775787353516,28.951889038085938,-6.5389580726623535,-11.331631660461426,17.308584213256836,-15.613886833190918,2.3855574131011963,2.8476645946502686,-9.030905723571777,8.700342178344727,-5.792545318603516,7297.98583984375,1706.56201171875,1275.6837158203125,180.91091918945312,323.5199279785156,186.9531707763672,87.44356536865234,129.58448791503906,140.38111877441406,71.94208526611328,112.91314697265625,127.13473510742188,107.46031188964844,3.2821762561798096,0.9630580544471741,-0.35561254620552063,0.5628878474235535,-0.5798725485801697,-0.058401092886924744,0.09180387854576111,-0.7130070924758911,0.23084555566310883,0.13187828660011292,-0.11217987537384033,0.405866414308548,-0.12406373769044876,173.13975524902344,53.69606399536133,25.867603302001953,6.722415447235107,10.683201789855957,2.7277069091796875,1.967418909072876,4.857662677764893,6.614279270172119,2.1749699115753174,3.9717185497283936,5.020840167999268,3.8328006267547607,0.5246536731719971,0.028040416538715363,0.1921207159757614,-0.10727139562368393,-0.2682538330554962,-0.06525956094264984,-0.10055859386920929,-0.11428581178188324,0.015666427090764046,0.0275559239089489,0.022411761805415154,0.12456435710191727,0.10194606333971024,32.65291976928711,17.1795597076416,12.458627700805664,2.7464287281036377,2.4540932178497314,0.93523108959198,0.9318111538887024,0.7539276480674744,1.8572951555252075,0.7712516188621521,1.8314087390899658,1.4502850770950317,1.2521424293518066
9aa8bac5-eeb9-4f19-a4bf-7c439e87364b-1430745385374-1.7-m-04-hu.wav,hungry,-334.8803405761719,128.4031524658203,-82.88577270507812,8.429230690002441,-22.17275619506836,-47.30091094970703,12.230084419250488,3.9364612102508545,-3.9543652534484863,-13.459444999694824,-17.543581008911133,-3.389596462249756,-13.21236515045166,3195.354736328125,363.20587158203125,1340.700927734375,190.56105041503906,64.66236114501953,126.44769287109375,95.58959197998047,84.10120391845703,128.55792236328125,72.72885131835938,74.17191314697266,65.21867370605469,59.81449508666992,2.489647150039673,0.879673957824707,-1.1000397205352783,0.27224913239479065,0.1530553102493286,-0.24965175986289978,0.2370893359184265,-0.11126422882080078,-0.2103828638792038,0.12909618020057678,0.10214242339134216,0.11089739948511124,0.20136654376983643,55.90484619140625,11.485980987548828,14.893928527832031,5.015082359313965,2.311201333999634,5.446430206298828,1.6242858171463013,2.7452151775360107,3.168074607849121,1.2439535856246948,2.565406560897827,1.8585773706436157,2.9026947021484375,-0.3787072002887726,-0.19667372107505798,0.051961787045001984,-0.11755906790494919,-0.026340028271079063,0.12894804775714874,0.04221334680914879,-0.0462699756026268,-0.03936997801065445,0.02753203921020031,-0.0034192572347819805,-0.03685564175248146,0.09573139995336533,15.532574653625488,2.7853617668151855,5.5457024574279785,1.8029866218566895,0.7995672821998596,1.1427090167999268,0.6229627132415771,1.1040374040603638,0.7800256609916687,0.642818808555603,0.6153454780578613,0.5334786772727966,0.8121411800384521
9CFD61B9-BF13-406D-8B2F-F73CFAAF25CB-1430927693-1.0-f-04-hu.wav,hungry,-244.88442993164062,165.5190887451172,-79.51303100585938,50.15898895263672,-19.621986389160156,-32.46990966796875,31.523658752441406,-16.804868698120117,-3.5776968002319336,-9.361014366149902,-22.541217803955078,2.7082247734069824,-20.714622497558594,2256.95849609375,355.5150451660156,909.4431762695312,545.4104614257812,325.1905212402344,248.35508728027344,137.0568084716797,76.729736328125,100.08277893066406,144.70936584472656,81.76748657226562,110.21004486083984,57.56601333618164,-1.1204795837402344,0.1048930361866951,0.9737545847892761,-0.27500519156455994,0.17773349583148956,0.23587219417095184,-0.14063848555088043,0.19016675651073456,-0.13836032152175903,-0.35413986444473267,-0.053807444870471954,0.14648567140102386,0.12587955594062805,72.83857727050781,7.1858720779418945,23.883838653564453,9.136703491210938,10.35110855102539,7.994001865386963,2.519181966781616,2.115530490875244,2.379194974899292,3.745506525039673,1.9593758583068848,4.276453971862793,2.5830626487731934,-0.44306129217147827,-0.18032455444335938,0.25463536381721497,-0.15809784829616547,0.05508635938167572,0.19887420535087585,-0.1536945253610611,0.0834549143910408,0.20094113051891327,0.12925131618976593,0.12734277546405792,-0.056616682559251785,-0.033059705048799515,30.56196403503418,4.112492561340332,11.33933162689209,2.784140110015869,1.9789891242980957,2.0047972202301025,1.035456895828247,0.9910829663276672,0.8208744525909424,0.9773925542831421,0.7426796555519104,1.2249362468719482,0.9823191165924072
9CFD61B9-BF13-406D-8B2F-F73CFAAF25CB-1430927704-1.0-f-04-hu.wav,hungry,-323.3512878417969,152.6186981201172,-20.00641441345215,29.21835708618164,-8.936727523803711,-22.94914436340332,5.497653961181641,-19.16443634033203,-6.17630672454834,-6.679049968719482,-18.29471778869629,0.9104591012001038,-7.556500434875488,4816.2900390625,743.1625366210938,1025.5941162109375,149.3333740234375,477.8620300292969,400.4487609863281,79.20909118652344,126.85926055908203,48.90110397338867,52.967002868652344,50.55741882324219,144.4807586669922,65.82979583740234,-0.579777181148529,-0.2692280411720276,0.5993778109550476,-0.09201207011938095,0.09525354206562042,0.4122995436191559,0.1880570501089096,0.06462263315916061,0.048887692391872406,0.09171227365732193,-0.02886277064681053,0.020838262513279915,0.0587938129901886,164.4268341064453,25.463987350463867,38.49297332763672,4.1614251136779785,15.065601348876953,11.890236854553223,2.1731584072113037,4.165398597717285,1.4810643196105957,1.7079691886901855,2.065556287765503,4.8747758865356445,3.0219967365264893,1.0733892917633057,0.39984336495399475,0.06339520215988159,0.0953594446182251,-0.12948840856552124,-0.04570229351520538,0.09037870168685913,-0.020574279129505157,0.15866872668266296,0.2065616101026535,0.024789167568087578,0.07492104172706604,0.0911053791642189,48.30434036254883,15.484719276428223,10.712859153747559,2.911281108856201,3.4796411991119385,3.256899833679199,1.6132137775421143,1.8505171537399292,1.176979660987854,1.6402052640914917,0.891707181930542,1.4470278024673462,1.3848443031311035
9CFD61B9-BF13-406D-8B2F-F73CFAAF25CB-1430927716-1.0-f-04-hu.wav,hungry,-362.9649963378906,156.96441650390625,-73.43724060058594,38.546932220458984,-5.773298740386963,-21.664981842041016,26.393281936645508,-13.922346115112305,-2.284237861633301,-3.517397403717041,-17.73171043395996,0.4818618595600128,-18.858983993530273,4524.29296875,718.109619140625,1362.0186767578125,258.64190673828125,122.03759002685547,151.4459991455078,135.93923950195312,75.1542739868164,27.97191047668457,46.016990661621094,18.75403594970703,34.728477478027344,61.93423843383789,-0.6906031966209412,-0.14634853601455688,0.45972687005996704,0.05868041142821312,0.2833464741706848,0.5574299693107605,0.10839726030826569,-0.1460772007703781,0.15143950283527374,0.317653089761734,0.10663028806447983,0.06755184382200241,0.020427919924259186,97.56958770751953,31.67025375366211,26.56847381591797,9.34281063079834,4.261408805847168,2.188965082168579,3.489253520965576,2.659329891204834,1.092832088470459,1.4405213594436646,0.7946862578392029,1.6348918676376343,1.8101699352264404,-0.06808235496282578,-0.22750824689865112,-0.16834048926830292,0.12403719127178192,0.1407606601715088,0.058501116931438446,0.017832763493061066,-0.03568806126713753,-0.022696837782859802,-0.055358245968818665,-0.06651896238327026,0.02208571694791317,0.0401713065803051,25.575088500976562,7.767587661743164,9.017343521118164,5.648603916168213,2.738220453262329,0.904829740524292,1.1144273281097412,1.0336229801177979,0.4154147803783417,0.35167714953422546,0.3623572289943695,0.4744318723678589,0.7465752959251404
9CFD61B9-BF13-406D-8B2F-F73CFAAF25CB-1430927728-1.0-f-04-hu.wav,hungry,-328.6365661621094,195.11363220214844,-35.708431243896484,45.66770935058594,1.3628137111663818,-18.734376907348633,11.142244338989258,-24.199525833129883,-2.642164468765259,-7.577971935272217,-25.896099090576172,-2.99725604057312,-18.536151885986328,2581.007080078125,1065.0882568359375,624.2227783203125,175.359130859375,183.5510711669922,106.86759948730469,98.64257049560547,143.37779235839844,60.52730178833008,30.2436466217041,54.66701889038086,35.803951263427734,39.13966751098633,0.8640183210372925,0.40711626410484314,0.23317067325115204,0.2331647276878357,0.20653179287910461,0.15699554979801178,-0.03896132484078407,-0.2929593026638031,-0.249472513794899,-0.0054098572582006454,0.02303706295788288,0.04784258455038071,0.1551196277141571,76.34358215332031,31.62066078186035,25.245698928833008,5.082564830780029,3.98923659324646,4.116629600524902,3.6202354431152344,4.182756423950195,2.1639044284820557,1.0073230266571045,2.007636308670044,1.050304651260376,1.2601697444915771,0.15935873985290527,-0.046699583530426025,0.08342806249856949,-0.1590195894241333,-0.10623127222061157,-0.07570227980613708,-0.07426261901855469,0.03343285992741585,-0.0033904947340488434,0.10151619464159012,0.1388177126646042,0.04385862499475479,0.0788593739271164,34.04771041870117,12.572153091430664,9.086715698242188,1.7763183116912842,2.3866045475006104,2.237865447998047,2.1035149097442627,1.4452284574508667,0.49464866518974304,0.7594404220581055,0.7811994552612305,0.7051815986633301,0.9291041493415833
9CFD61B9-BF13-406D-8B2F-F73CFAAF25CB-1430927741-1.0-f-04-hu.wav,hungry,-284.1523742675781,191.3888397216797,-64.34536743164062,32.9716796875,-15.287845611572266,-25.534364700317383,14.83258056640625,-26.312950134277344,3.747298240661621,1.0813934803009033,-25.127988815307617,-4.594157695770264,-18.86257553100586,3515.573486328125,671.081298828125,736.6539916992188,157.84237670898438,260.90045166015625,172.51312255859375,96.02674102783203,155.14605712890625,90.42250061035156,63.80828094482422,92.6436767578125,61.96724319458008,80.5651626586914,1.5069862604141235,-0.08034145087003708,-0.4392324388027191,0.22917790710926056,-0.2429574579000473,-0.05149758234620094,0.21296876668930054,-0.012657633051276207,0.05742739140987396,-0.2027909904718399,-0.2538134455680847,-0.19795221090316772,-0.30783870816230774,64.89485168457031,13.585733413696289,24.408306121826172,3.9830331802368164,4.779634475708008,5.410018444061279,3.094745635986328,2.999983549118042,2.0733275413513184,1.8266526460647583,1.6776401996612549,2.0304298400878906,2.512968063354492,-0.11201339960098267,-0.28974318504333496,0.2663954198360443,-0.1590149700641632,-0.04866497963666916,0.003919790033251047,-0.04879162088036537,0.1429140269756317,0.03162247687578201,0.04050283133983612,0.11011645942926407,0.055486325174570084,0.09157192707061768,11.298300743103027,5.5972394943237305,6.795238971710205,2.2566580772399902,1.3861194849014282,1.1269367933273315,1.4938853979110718,1.1438226699829102,0.8670499324798584,0.827167272567749,0.9938874840736389,0.828326940536499,1.3673007488250732
9fe37482-6a64-401d-b8b9-3e47d6ed9ac0-1430047362195-1.7-f-26-hu.wav,hungry,-336.8062438964844,129.8666229248047,-64.6002197265625,-5.043802261352539,-24.256654739379883,-53.264347076416016,-8.677131652832031,1.7521986961364746,4.15655517578125,-4.923534870147705,-8.713162422180176,6.537716388702393,-4.8380231857299805,12262.2861328125,2177.26318359375,2083.40771484375,224.6802215576172,220.4476776123047,383.9832458496094,132.66537475585938,107.81257629394531,145.35411071777344,141.07203674316406,314.367431640625,191.39907836914062,103.69281005859375,2.9539904594421387,1.3371611833572388,-0.46345236897468567,0.11654062569141388,0.046570535749197006,-0.04281580075621605,0.17457787692546844,-0.07254712283611298,-0.07001969963312149,-0.22900128364562988,-0.46970701217651367,-0.12904073297977448,-0.011285758577287197,600.317626953125,99.26025390625,119.35934448242188,9.870752334594727,8.945419311523438,24.081727981567383,5.809433937072754,5.510167598724365,6.481826305389404,5.3809943199157715,9.335784912109375,6.475661277770996,4.571143627166748,-1.0291448831558228,-0.5058380961418152,0.8021401166915894,-0.008851921185851097,0.06738746166229248,0.2816295325756073,-0.10959526151418686,-0.05326589569449425,-0.0232185460627079,0.008818455971777439,0.021551677957177162,-0.08761674910783768,0.08657927066087723,96.2783203125,22.244321823120117,20.97563362121582,3.854647397994995,2.34751033782959,6.30941104888916,3.391075849533081,1.5832626819610596,1.9139360189437866,2.7531373500823975,3.141601324081421,4.5614752769470215,2.5672874450683594
9fe37482-6a64-401d-b8b9-3e47d6ed9ac0-1430047373513-1.7-f-26-hu.wav,hungry,-339.1580505371094,116.98392486572266,-72.54410552978516,-6.550200939178467,-16.5841007232666,-30.071826934814453,2.186272144317627,-13.80380916595459,-1.8879209756851196,-2.840043306350708,-21.5510196685791,-0.14880427718162537,-2.4606854915618896,9961.0439453125,1613.659423828125,2098.3447265625,385.1718444824219,491.76983642578125,236.67449951171875,400.2470397949219,224.82496643066406,54.70119857788086,77.60682678222656,135.94419860839844,128.3556671142578,53.56318664550781,3.1384646892547607,1.0941526889801025,-1.4696552753448486,-0.09285126626491547,0.5317627787590027,-0.16435933113098145,-0.42304855585098267,-0.18716152012348175,-0.07428497821092606,-0.2845074236392975,0.14685459434986115,0.5306824445724487,0.007139235269278288,552.0986328125,87.32330322265625,98.40482330322266,20.87710952758789,9.445894241333008,13.72288703918457,12.311721801757812,8.881414413452148,2.000230073928833,1.2437478303909302,5.132715225219727,3.650233268737793,2.480844259262085,-0.8809515833854675,-0.5639485120773315,0.42256325483322144,-0.015108595602214336,0.06734559684991837,0.2441244274377823,-0.119469054043293,0.00435020262375474,0.06331965327262878,-0.04191192612051964,0.24139288067817688,0.23350529372692108,-0.06322448700666428,88.32723236083984,19.782594680786133,16.818675994873047,7.267538547515869,2.8920581340789795,2.9496498107910156,1.9796743392944336,1.8424367904663086,0.9641214609146118,1.0733307600021362,1.2264502048492432,1.3624026775360107,1.0181176662445068
9fe37482-6a64-401d-b8b9-3e47d6ed9ac0-1430047399844-1.7-f-26-hu.wav,hungry,-331.3257141113281,103.50772857666016,-72.73099517822266,-2.002450466156006,-13.44219970703125,-31.5389347076416,12.159738540649414,-1.375835657119751,-10.281837463378906,-10.597947120666504,-17.993627548217773,-1.5726571083068848,0.6015851497650146,12376.76171875,1785.3023681640625,2527.68798828125,379.34765625,126.86054992675781,382.11865234375,146.5260467529297,89.81310272216797,58.92607879638672,55.32048416137695,107.1375503540039,76.06993103027344,101.45573425292969,-0.02956783026456833,0.019928155466914177,0.40880250930786133,0.6460267901420593,0.18274597823619843,-0.09269532561302185,0.22155216336250305,0.2529754340648651,-0.09483971446752548,0.013801072724163532,0.3440838158130646,0.04480697214603424,-0.33239585161209106,586.5242309570312,85.80921173095703,116.70552825927734,14.514533996582031,3.92930006980896,18.080507278442383,6.602599620819092,2.864753484725952,2.512800455093384,2.706716775894165,4.273044586181641,3.6902031898498535,5.2136430740356445,-0.33451420068740845,-0.07376696914434433,0.10338927060365677,-0.1618831902742386,0.03119821287691593,0.0868806317448616,-0.10669644176959991,0.009576445445418358,0.04115612804889679,0.008501951582729816,0.10972743481397629,0.03659828007221222,0.0014626624761149287,102.62822723388672,19.001733779907227,19.62002944946289,4.5066118240356445,0.780872642993927,3.8697023391723633,1.3424800634384155,0.9270636439323425,1.0174661874771118,1.449574589729309,1.6333637237548828,0.7943177819252014,1.6226096153259277
9fe37482-6a64-401d-b8b9-3e47d6ed9ac0-1430047590938-1.7-f-26-hu.wav,hungry,-300.8514404296875,121.31877136230469,-58.58723068237305,-6.623711109161377,-29.8349552154541,-37.72856903076172,8.356460571289062,-7.624794960021973,-1.1833055019378662,3.9908509254455566,-16.86383819580078,-5.942831993103027,-5.084713935852051,9586.224609375,1644.127685546875,1903.65625,177.95220947265625,240.1298065185547,370.5231018066406,135.43377685546875,77.68751525878906,76.79369354248047,151.10203552246094,246.25587463378906,201.4033660888672,131.09930419921875,-1.209981083869934,-0.3748604655265808,0.9451082348823547,0.45571547746658325,0.22339221835136414,0.5590946674346924,0.5438235402107239,0.1597672700881958,-0.418559730052948,-0.616957426071167,-0.4003641605377197,-0.23087647557258606,0.09517887979745865,343.3519287109375,57.51629638671875,68.23939514160156,8.707003593444824,11.265229225158691,14.23259449005127,4.0472283363342285,3.2145988941192627,2.1373136043548584,6.317160606384277,7.281685829162598,5.182765007019043,5.746837139129639,-1.600985050201416,-0.7573143243789673,0.5646978616714478,0.13565605878829956,0.18932239711284637,0.18317155539989471,0.01438499242067337,0.246614009141922,0.06636827439069748,-0.06520555168390274,-0.028389930725097656,-0.31682825088500977,-0.26543989777565,88.92219543457031,22.51628303527832,12.213414192199707,3.216172456741333,2.71919846534729,2.7049431800842285,0.6542690992355347,1.6069644689559937,0.8319151997566223,1.2711541652679443,1.1347299814224243,3.2869951725006104,3.9265103340148926
A123AD65-38D3-4A65-AB37-330034765840-1430093687-1.0-m-04-hu.wav,hungry,-387.63775634765625,177.99594116210938,-97.71430206298828,62.59296417236328,-9.975735664367676,-29.722349166870117,19.86478042602539,-41.40448760986328,-5.629843235015869,-9.909485816955566,-30.38367462158203,6.145089626312256,-20.308475494384766,718.1787109375,166.56851196289062,168.83583068847656,92.4529800415039,37.647674560546875,33.482154846191406,49.83082580566406,63.638954162597656,37.50084686279297,27.826745986938477,24.12833023071289,12.937897682189941,42.14006042480469,-0.17458949983119965,-0.1773672103881836,0.35900798439979553,0.13971970975399017,0.10547882318496704,0.09002634882926941,-0.16216303408145905,-0.054789699614048004,0.0011541869025677443,-0.18098625540733337,-0.1520155370235443,0.00660715950652957,0.023684704676270485,31.708681106567383,5.907467365264893,6.326204776763916,2.967461347579956,1.2332743406295776,0.9963477849960327,1.207247257232666,2.330310344696045,1.4509711265563965,1.0774400234222412,1.1951698064804077,0.3638416826725006,1.3214794397354126,-0.033509962260723114,-0.13301648199558258,0.08770199120044708,-0.059523992240428925,0.07796076685190201,0.05707530304789543,-0.008954853750765324,0.11292989552021027,0.025117168202996254,0.011939714662730694,0.019136156886816025,-0.0025161784142255783,0.08540423214435577,11.792450904846191,2.4525504112243652,2.158721923828125,0.8695176243782043,0.7777330279350281,0.5162686109542847,0.5016847848892212,0.7172115445137024,0.6132802963256836,0.4511758089065552,0.4195074439048767,0.29944348335266113,0.41388940811157227
A123AD65-38D3-4A65-AB37-330034765840-1430093699-1.0-m-04-hu.wav,hungry,-324.1834411621094,179.65281677246094,-46.99787139892578,56.438934326171875,7.392159461975098,-21.173315048217773,15.143098831176758,-21.225666046142578,-6.703056812286377,-11.979689598083496,-25.09888458251953,-0.3320866525173187,-17.87723731994629,1017.8092651367188,466.22235107421875,328.1642761230469,171.2293243408203,102.84587860107422,60.636592864990234,56.74135971069336,74.67281341552734,39.52919387817383,45.892391204833984,51.46819305419922,19.389442443847656,55.73274230957031,-0.32539114356040955,-0.47806841135025024,-0.16138583421707153,0.12485002726316452,-0.026328951120376587,-0.12979789078235626,-0.14626556634902954,0.0185770895332098,0.09750096499919891,-0.07370326668024063,-0.052464067935943604,-0.036785099655389786,-0.0173595380038023,17.32630729675293,8.621312141418457,6.534759521484375,2.2584471702575684,2.155747413635254,1.6006815433502197,1.2892086505889893,2.7334673404693604,1.2001644372940063,1.0726162195205688,1.2102748155593872,0.7087395191192627,0.7937918901443481,-0.4058496654033661,0.02642451412975788,0.3209148943424225,-0.13902345299720764,-0.08183206617832184,0.032677918672561646,0.10103219747543335,0.19129443168640137,-0.044813185930252075,0.059824056923389435,0.1747511625289917,-0.06230539828538895,-0.010698366910219193,10.075287818908691,3.7142412662506104,3.729947090148926,1.152648687362671,0.8962772488594055,0.7371984720230103,0.687835693359375,1.0872708559036255,0.6085526347160339,0.47429901361465454,0.7561567425727844,0.3436245918273926,0.2527710199356079
A123AD65-38D3-4A65-AB37-330034765840-1430093710-1.0-m-04-hu.wav,hungry,-358.181884765625,158.5313262939453,-59.18271255493164,39.49161911010742,-9.204301834106445,-28.290447235107422,6.026193141937256,-34.7904167175293,-10.707555770874023,-9.816320419311523,-26.06334114074707,0.8605230450630188,-14.5589017868042,1200.9801025390625,229.53744506835938,161.7709197998047,80.1279067993164,81.08238983154297,147.2715606689453,39.43617630004883,49.784061431884766,39.57111740112305,37.19768524169922,63.76895523071289,23.8630428314209,29.5290470123291,-0.3259541392326355,0.12450165301561356,0.3773843050003052,-0.1166975349187851,0.11639892309904099,0.045575305819511414,-0.03824474290013313,0.1596759557723999,-0.008885805495083332,0.15377585589885712,0.15607059001922607,-0.08647798001766205,0.0575907900929451,40.02105712890625,8.403634071350098,5.63971471786499,1.8628365993499756,1.7668533325195312,3.355198860168457,1.1975399255752563,1.3853293657302856,1.0815141201019287,0.8423916697502136,1.315029501914978,0.7422307729721069,1.1457065343856812,-0.05284919962286949,-0.07021571695804596,-0.030889049172401428,-0.14343582093715668,-0.03949563205242157,0.008761541917920113,-0.0339210107922554,0.06299740076065063,0.09906046092510223,0.1381959170103073,0.11509674042463303,0.02138836495578289,0.036847811192274094,20.197219848632812,2.766481399536133,3.206387996673584,1.5780868530273438,1.6479068994522095,1.0178101062774658,0.30712082982063293,0.5741126537322998,0.5921621322631836,1.1032384634017944,0.968593180179596,0.3735494017601013,0.7220425009727478
A123AD65-38D3-4A65-AB37-330034765840-1430093726-1.0-m-04-hu.wav,hungry,-344.99993896484375,161.11392211914062,-70.4661865234375,36.800662994384766,-8.735909461975098,-20.032411575317383,14.911050796508789,-32.89970016479492,-7.079165935516357,-6.951156139373779,-24.764432907104492,1.3311293125152588,-16.74296760559082,2231.47998046875,234.96041870117188,695.9620361328125,355.9627380371094,86.45318603515625,88.64461517333984,191.4488067626953,81.30745697021484,71.56499481201172,53.417869567871094,32.83041000366211,27.000537872314453,31.602495193481445,0.23299314081668854,0.4259297251701355,0.30203452706336975,-0.3260434865951538,0.23924744129180908,0.40130671858787537,-0.030089717358350754,0.1776662915945053,0.21770113706588745,-0.10620737075805664,-0.04453599080443382,0.06550692766904831,0.021754799410700798,65.11585998535156,6.696243762969971,22.508148193359375,14.993130683898926,3.535914659500122,3.698139190673828,4.788424015045166,3.4558403491973877,1.5561206340789795,2.155764579772949,1.1731796264648438,0.9830620288848877,0.9892826676368713,0.26971492171287537,0.08113132417201996,0.09010780602693558,-0.09209981560707092,0.05259021371603012,0.11259075999259949,-0.012048378586769104,0.13171331584453583,0.05071865767240524,-0.023303506895899773,0.028084415942430496,-0.03905325382947922,-0.031111668795347214,12.36997127532959,2.6284914016723633,4.465526580810547,3.283968448638916,0.8750656843185425,1.1969720125198364,0.7706423997879028,1.4692509174346924,0.9770610332489014,0.7073302865028381,0.4285822808742523,0.3383108973503113,0.42335474491119385
a40b9b8d-e4bc-457a-badf-f38bdbc0c358-1430016745385-1.7-m-04-hu.wav,hungry,-252.39630126953125,142.15850830078125,-56.12065124511719,18.95655632019043,4.407464981079102,-20.318859100341797,17.31485366821289,-7.393542289733887,-15.226696014404297,-8.09664535522461,-17.64045524597168,-7.106112957000732,-8.337236404418945,4279.443359375,830.6497802734375,2743.21484375,276.24285888671875,128.0385284423828,217.32383728027344,99.93302154541016,57.71852111816406,35.75292205810547,55.81999206542969,34.93031692504883,48.380096435546875,42.817176818847656,1.3596668243408203,1.0234462022781372,0.5310758352279663,0.7222980856895447,0.050116803497076035,0.08188452571630478,0.23918624222278595,-0.32539352774620056,-0.11520044505596161,0.1023261770606041,-0.23519863188266754,-0.10276273638010025,0.10354384779930115,91.48135375976562,30.809951782226562,75.0677719116211,12.599444389343262,2.74153470993042,3.052780866622925,3.3758842945098877,2.583214521408081,1.3637828826904297,1.3830082416534424,1.3439985513687134,1.7721562385559082,1.4211965799331665,-1.5235215425491333,-0.7909746170043945,0.5628846883773804,0.16019077599048615,-0.03488663583993912,0.05771008878946304,-0.05930721387267113,0.06584615260362625,0.12362238019704819,0.07179099321365356,0.12901711463928223,0.12395813316106796,0.07640134543180466,51.29616165161133,11.5465087890625,20.209630966186523,4.527153968811035,1.0722886323928833,1.9370871782302856,0.929246187210083,0.99176424741745,0.5245323181152344,0.6355549097061157,0.6829941272735596,0.9299914836883545,0.6518884897232056
a40b9b8d-e4bc-457a-badf-f38bdbc0c358-1430016779981-1.7-m-26-hu.wav,hungry,-256.2217712402344,156.6421661376953,-47.627689361572266,23.43312644958496,0.0631558746099472,-22.62405776977539,18.489694595336914,-5.626478672027588,-11.50258731842041,-9.550354957580566,-19.380613327026367,-6.705801963806152,-13.227595329284668,7273.20556640625,1268.44921875,2542.10400390625,416.41351318359375,135.89874267578125,186.14744567871094,106.64787292480469,106.33467864990234,35.99394607543945,33.72229766845703,44.375125885009766,33.36069869995117,49.3659553527832,3.3304262161254883,1.6166902780532837,-1.0066239833831787,-0.09606576710939407,-0.33583155274391174,-0.3195146918296814,0.29144760966300964,-0.06397168338298798,-0.16065528988838196,-0.1564563661813736,-0.08366331458091736,0.09672289341688156,0.024804558604955673,195.16578674316406,36.44602966308594,79.13037872314453,16.442970275878906,3.469040632247925,4.870658874511719,3.2831332683563232,4.134124279022217,1.4148179292678833,1.0318142175674438,1.155405044555664,1.0843992233276367,2.4556007385253906,-0.48863106966018677,-0.45599108934402466,-0.18067821860313416,-0.2112274020910263,-0.15681955218315125,0.032709185034036636,0.04556901752948761,0.04201953858137131,0.0800243616104126,0.04081115126609802,0.0368865504860878,0.0461590439081192,0.06949906051158905,56.81121826171875,14.22899055480957,16.942474365234375,6.8701887130737305,2.0806052684783936,2.86186146736145,1.4898335933685303,1.3411076068878174,0.6531829237937927,0.831529438495636,0.4220721423625946,0.39637285470962524,1.071749210357666
a40b9b8d-e4bc-457a-badf-f38bdbc0c358-1430017191818-1.7-m-26-hu.wav,hungry,-180.53384399414062,105.74217987060547,-115.47987365722656,4.947958946228027,-20.492258071899414,-20.549884796142578,33.871726989746094,-19.901573181152344,-10.677146911621094,6.407966136932373,-13.082229614257812,2.8400027751922607,-6.260650634765625,9683.0234375,840.7120361328125,2160.810302734375,565.7908325195312,133.6730499267578,239.20095825195312,324.3509826660156,418.4381103515625,110.23467254638672,124.37364959716797,84.11966705322266,120.33820343017578,105.41207122802734,2.92413067817688,1.3184236288070679,-0.7864108681678772,0.13630817830562592,-0.536655068397522,-0.6405922770500183,0.038609277456998825,-0.09680963307619095,0.3351368308067322,0.3604665696620941,-0.03966037184000015,-0.06478496640920639,-0.46570026874542236,253.5207977294922,18.619783401489258,55.75664520263672,16.538429260253906,5.599678993225098,9.280048370361328,7.195578098297119,13.732882499694824,4.8282036781311035,3.884834051132202,4.251159191131592,5.683297634124756,3.3996641635894775,-0.914239764213562,-0.08742882311344147,0.5895659923553467,-0.1517796367406845,0.021458767354488373,0.039410945028066635,-0.14376462996006012,0.17944218218326569,0.07298645377159119,0.05136226490139961,0.14669300615787506,-0.158548504114151,-0.14950044453144073,51.06352233886719,4.970890522003174,12.030072212219238,4.010269641876221,1.3236163854599,1.8346751928329468,1.568844199180603,3.3715319633483887,1.4286692142486572,0.6703804731369019,2.0404551029205322,2.3651175498962402,1.0915964841842651
a56e2494-d2b2-480e-af0b-de9ea8f33572-1436897427825-1.7-f-26-hu.wav,hungry,-314.4103088378906,104.08360290527344,-79.98526763916016,17.500497817993164,-22.633731842041016,-33.979854583740234,17.996639251708984,-17.05310821533203,-8.803438186645508,-1.2321455478668213,-17.3077449798584,-0.6211944222450256,-6.271041393280029,11085.8408203125,1419.10302734375,1782.849609375,433.70477294921875,290.2273254394531,279.83978271484375,230.0746612548828,109.63965606689453,62.680477142333984,54.4914436340332,70.87410736083984,58.31010437011719,43.63542556762695,3.1080992221832275,1.169460654258728,-0.9199311137199402,0.6789936423301697,-0.09964970499277115,-0.5204541683197021,0.17814017832279205,-0.3059467077255249,-0.17090493440628052,-0.002379343844950199,-0.24373415112495422,0.026923706755042076,0.03861551359295845,206.42286682128906,32.138763427734375,48.491065979003906,7.7119879722595215,10.888051986694336,6.378033638000488,8.411602973937988,1.1353989839553833,2.5996181964874268,1.8724032640457153,2.4416556358337402,1.2131723165512085,1.9004113674163818,-0.6444452404975891,-0.44154036045074463,0.15441034734249115,0.21359147131443024,0.11323382705450058,-0.0021494145039469004,-0.02539701946079731,0.08907609432935715,0.08411519229412079,0.03475957736372948,0.02220580354332924,-0.043909985572099686,-0.0009661142248660326,30.970064163208008,10.044867515563965,6.761727333068848,3.179037570953369,2.835305690765381,1.9803799390792847,2.0431017875671387,0.5021799206733704,0.661108672618866,0.469751238822937,0.5619656443595886,0.3223814368247986,0.643960177898407
a7b13b65-da2c-48ec-8aed-46adcaba705f-1430823489236-1.7-f-26-hu.wav,hungry,-176.3428955078125,165.0965576171875,-89.83177947998047,42.38096618652344,-13.941654205322266,-35.495723724365234,14.49766731262207,-27.52492332458496,3.2687671184539795,-0.7415308952331543,-25.092967987060547,5.835629940032959,-19.651195526123047,4363.833984375,1541.9613037109375,873.4198608398438,193.48011779785156,180.90040588378906,101.13683319091797,185.7362060546875,68.26641082763672,72.86510467529297,83.52228546142578,92.30287170410156,97.78019714355469,85.01032257080078,3.0411736965179443,1.6298011541366577,-0.036671075969934464,0.37388700246810913,-0.45270097255706787,-0.4960614740848541,0.20720891654491425,-0.16915565729141235,-0.1342696100473404,0.25771766901016235,0.08152204006910324,0.01956063136458397,0.05750147998332977,117.4902572631836,16.31101417541504,24.726377487182617,6.243108749389648,3.9283528327941895,4.3978962898254395,2.113555908203125,2.31984806060791,2.0957553386688232,3.9277193546295166,3.5955991744995117,2.541813373565674,3.338669538497925,-0.8313585519790649,-0.6366559267044067,0.2920968532562256,-0.08988159149885178,-0.20822201669216156,-0.07397700846195221,0.09970836341381073,0.20798908174037933,-0.05575038492679596,0.05659644678235054,0.15736673772335052,0.004869555123150349,0.11284633725881577,27.031221389770508,4.824823379516602,5.767561435699463,1.7204267978668213,2.174333095550537,1.508347511291504,0.8272250294685364,1.1735591888427734,0.7831209301948547,1.5140950679779053,1.7834769487380981,0.8841595649719238,1.0254571437835693
AA2CA7F6-4547-4CC0-AA4C-5D7B64727FB5-1437123487-1.1-f-26-hu.wav,hungry,-260.8883361816406,118.96019744873047,-128.19261169433594,47.05497741699219,-13.409123420715332,-33.17234802246094,40.796669006347656,-22.127059936523438,-8.223359107971191,12.21766471862793,-14.197607040405273,7.7771501541137695,6.061835289001465,812.6427612304688,208.3743133544922,186.6403350830078,366.7941589355469,64.85160064697266,72.01480865478516,87.19638061523438,120.22348022460938,33.01018524169922,34.05869674682617,83.41580200195312,270.0283203125,176.26905822753906,-0.012237569317221642,0.07588263601064682,-0.004122534766793251,-0.2905295491218567,0.22247248888015747,0.04578578844666481,0.1566518396139145,0.15718328952789307,-0.060985833406448364,0.2100975215435028,0.013449075631797314,-0.3865055441856384,-0.2087922841310501,27.692241668701172,5.701369285583496,5.511194229125977,10.129393577575684,1.8715204000473022,1.0712417364120483,3.737579107284546,4.4646172523498535,1.6408264636993408,0.7928051352500916,2.446498394012451,6.857650279998779,6.333587646484375,0.5405535697937012,-0.3890995383262634,0.2759213149547577,0.09309831261634827,-0.03521326184272766,0.07045991718769073,-0.19982033967971802,0.047298330813646317,0.10844365507364273,0.038560036569833755,0.0853605791926384,-0.030509423464536667,-0.07004337757825851,5.491393566131592,3.1592745780944824,2.104799270629883,1.572738528251648,0.4522366225719452,0.6385250687599182,1.1974793672561646,1.1179447174072266,0.6000670790672302,0.4995037615299225,0.5761699080467224,1.0865896940231323,1.4970096349716187
aaa57dbd-7b88-454a-963e-6faa2f4ed4e7-1436910225455-1.7-f-04-hu.wav,hungry,-518.30029296875,87.34406280517578,-30.52933120727539,19.241945266723633,5.8086066246032715,-9.32349681854248,5.717407703399658,-14.632473945617676,-8.820798873901367,-2.4894497394561768,-8.553221702575684,2.383333683013916,-2.680387496948242,11331.0634765625,1508.6470947265625,2993.97119140625,297.0138244628906,122.96228790283203,537.2200317382812,172.1290740966797,273.06561279296875,81.3699722290039,47.81752395629883,89.90126037597656,104.14366912841797,49.74789810180664,0.6359663605690002,0.5167589783668518,-0.09804133325815201,-0.1317957192659378,0.06877385079860687,-0.06235433742403984,-0.09954658150672913,0.001091754180379212,0.011846299283206463,0.055673882365226746,0.02860839292407036,-0.040630027651786804,-0.04914421588182449,511.1228332519531,62.102577209472656,145.47996520996094,16.555892944335938,3.8828492164611816,19.35231590270996,5.422271728515625,12.196263313293457,2.6941978931427,1.6188911199569702,3.6343634128570557,3.9678916931152344,1.6814180612564087,-0.6776352524757385,-0.1397944539785385,0.3955773711204529,-0.061845313757658005,-0.10803509503602982,-0.08506707102060318,0.04765204340219498,0.1652945727109909,-0.11946403235197067,-0.04101961478590965,0.06661620736122131,-0.05182994157075882,0.09841469675302505,90.08080291748047,11.451644897460938,27.032936096191406,5.255817890167236,2.0873827934265137,4.052023887634277,1.641637921333313,2.1880602836608887,0.6593155264854431,0.6841585636138916,1.3903300762176514,1.0391851663589478,0.5050394535064697
aaa57dbd-7b88-454a-963e-6faa2f4ed4e7-1436910235521-1.7-f-04-hu.wav,hungry,-492.44659423828125,128.21385192871094,-43.18653106689453,21.862693786621094,-12.120091438293457,-23.803062438964844,18.49166488647461,-13.8854398727417,-16.247648239135742,-5.547064781188965,-10.686201095581055,0.33598554134368896,-7.70198392868042,13688.62109375,2246.5205078125,2052.458740234375,377.90936279296875,286.89697265625,602.3695068359375,143.0187225341797,208.5351104736328,101.81195831298828,40.98191452026367,86.05552673339844,65.4696044921875,65.92949676513672,1.0545271635055542,0.4786519408226013,-0.40432292222976685,0.009528093971312046,-0.027571363374590874,-0.2024800330400467,0.030827704817056656,-0.09843478351831436,-0.15058186650276184,0.08706371486186981,0.03157617524266243,-0.04780635982751846,-0.004029093775898218,640.0095825195312,93.18704223632812,98.88320922851562,10.753978729248047,11.32235050201416,15.359167098999023,6.394842147827148,10.398585319519043,3.578951597213745,0.8946084380149841,2.7744922637939453,2.53214168548584,2.450424909591675,0.8981990218162537,0.4277571141719818,-0.2806289792060852,0.02722112461924553,-0.10141246765851974,-0.29969707131385803,-0.08169132471084595,-0.024636071175336838,-0.0005053991917520761,0.12164609879255295,0.0972248762845993,-0.02253313735127449,-0.03454434499144554,217.9827117919922,38.0380973815918,35.380428314208984,3.498847723007202,4.548519611358643,9.781208992004395,2.031903028488159,2.8893425464630127,1.4970883131027222,0.570056676864624,1.1234290599822998,1.051906704902649,0.9186730980873108
aaa57dbd-7b88-454a-963e-6faa2f4ed4e7-1436982066128-1.7-f-04-hu.wav,hungry,-604.2374267578125,167.4716033935547,-77.20447540283203,22.50773811340332,-12.479211807250977,-31.584075927734375,8.681096076965332,-19.23435401916504,2.4229047298431396,-1.2909419536590576,-14.691611289978027,9.888739585876465,-8.053589820861816,1588.4986572265625,940.893798828125,109.34141540527344,400.2896728515625,227.17526245117188,81.46846771240234,40.79426574707031,29.937042236328125,39.31267166137695,46.96060562133789,33.44690704345703,30.450172424316406,29.94739532470703,1.6680755615234375,0.9915192723274231,-0.29251548647880554,0.00656015332788229,-0.11536744236946106,-0.21102893352508545,0.11664334684610367,0.11728305369615555,0.13048392534255981,0.13127663731575012,0.016428209841251373,0.014568149112164974,-0.03248924762010574,34.69221496582031,23.52996253967285,1.7573161125183105,9.57240104675293,6.044820785522461,1.3566378355026245,1.7474002838134766,0.8509591817855835,0.6464655995368958,1.2279554605484009,1.3144034147262573,1.3591289520263672,1.2679057121276855,-0.6845060586929321,-0.5363900661468506,-0.005270366556942463,0.09673045575618744,0.16835123300552368,0.10246755927801132,-0.07140130549669266,-0.03340860456228256,0.008004599250853062,0.011727588251233101,0.09119019657373428,0.0635179653763771,-0.042234864085912704,17.37215805053711,13.32315731048584,1.6204617023468018,6.83986234664917,3.8294928073883057,0.5809561610221863,0.9279820322990417,0.36784160137176514,0.4898570477962494,0.4533720314502716,0.5867491960525513,0.6170742511749268,0.6374015212059021
aaa57dbd-7b88-454a-963e-6faa2f4ed4e7-1436982075169-1.7-f-04-hu.wav,hungry,-514.4156494140625,102.47108459472656,-46.952003479003906,-3.710331916809082,-3.937858819961548,-22.317930221557617,-5.779146194458008,-9.978292465209961,-1.1276625394821167,2.232517719268799,-3.688389539718628,3.232628107070923,-4.301962852478027,8361.765625,2060.677001953125,1631.0831298828125,238.88986206054688,289.760498046875,253.84988403320312,105.0835189819336,102.51915740966797,72.41443634033203,71.38491821289062,104.44086456298828,27.575054168701172,70.27406311035156,1.6640079021453857,0.7429603338241577,-0.5211516618728638,0.16544954478740692,0.16142956912517548,-0.014164508320391178,-0.10679066181182861,-0.25621461868286133,0.17528557777404785,0.10069319605827332,-0.19191724061965942,0.02793598733842373,-0.07904083281755447,327.1880798339844,49.8709831237793,93.8634033203125,7.448390960693359,9.692188262939453,6.262474060058594,4.825824737548828,4.956436634063721,3.5109333992004395,3.481403350830078,5.653364658355713,1.2170464992523193,2.4396414756774902,-0.7199111580848694,-0.2652209997177124,0.38968780636787415,-0.005285761319100857,-0.14978554844856262,0.06044734641909599,0.12254740297794342,0.04136059060692787,-0.1367008090019226,-0.0990518182516098,0.04051243141293526,-0.011607857421040535,-0.04199982061982155,34.399845123291016,6.320723056793213,15.585150718688965,1.9801616668701172,2.7418086528778076,1.6551865339279175,1.5943732261657715,0.8764004111289978,0.8943701386451721,1.1444296836853027,1.8004525899887085,0.68744957447052,0.8641638159751892
aaa57dbd-7b88-454a-963e-6faa2f4ed4e7-1436982098411-1.7-f-04-hu.wav,hungry,-557.5947265625,73.27977752685547,-22.09620475769043,1.2406131029129028,4.116250514984131,-4.707216739654541,-7.239540100097656,-14.15174674987793,2.032564640045166,3.8773181438446045,-3.4389450550079346,3.2355527877807617,-0.10560733824968338,8749.5556640625,971.1001586914062,2808.398193359375,241.09942626953125,110.69039154052734,73.04888916015625,145.91661071777344,166.78269958496094,37.90509796142578,46.58550262451172,62.59113693237305,127.88140106201172,74.63886260986328,4.605531215667725,1.8924610614776611,-2.0642194747924805,-0.6311646103858948,-0.4639973044395447,-0.10383524745702744,0.3279515206813812,-0.4482958912849426,-0.22044406831264496,-0.033414021134376526,0.23997563123703003,0.7034420967102051,0.014842459931969643,283.4068908691406,32.209224700927734,89.4407958984375,5.560906410217285,5.39927864074707,2.41396427154541,6.033957004547119,5.454512596130371,1.6607478857040405,1.1797771453857422,2.0754644870758057,4.904545783996582,2.9882805347442627,-0.9248495101928711,-0.2727104723453522,0.6444287300109863,0.18714970350265503,-0.0922698974609375,-0.1316971629858017,-0.01913543790578842,0.1459127962589264,-0.09492629766464233,-0.11205030232667923,-0.028546812012791634,-0.041082944720983505,0.16876083612442017,81.96076965332031,8.983242988586426,30.884851455688477,2.539757013320923,1.1787467002868652,0.8107824325561523,0.9381646513938904,1.74014151096344,0.3852541148662567,0.5875283479690552,0.776578962802887,0.7763400673866272,1.245017647743225
aaa57dbd-7b88-454a-963e-6faa2f4ed4e7-1436988612387-1.7-f-04-hu.wav,hungry,-246.50729370117188,87.31867218017578,-149.36085510253906,40.893795013427734,-1.3337233066558838,-34.4337043762207,15.286749839782715,-22.204776763916016,5.308196067810059,-3.903930425643921,-19.16740608215332,15.282317161560059,-12.399571418762207,7954.166015625,948.8418579101562,2274.453857421875,492.72308349609375,140.6317901611328,281.57012939453125,102.06407165527344,193.81210327148438,126.08321380615234,79.4540786743164,99.66613006591797,95.60135650634766,136.320556640625,4.098217487335205,1.2184828519821167,-0.9829956293106079,0.5826622843742371,-0.17783640325069427,-0.150559663772583,0.24944506585597992,-0.4559895992279053,-0.03446965664625168,0.12456179410219193,-0.1867782473564148,-0.011397034861147404,-0.0593036450445652,263.5088806152344,32.10503005981445,74.47335052490234,8.821256637573242,7.451858997344971,5.9031195640563965,4.1721510887146,5.2929277420043945,4.216583251953125,1.5899080038070679,2.6433074474334717,3.648613452911377,4.188266277313232,-1.049955129623413,-0.497125506401062,0.7592647075653076,-0.32488399744033813,-0.05198698863387108,0.21077951788902283,-0.08568334579467773,0.17452162504196167,-0.08442860096693039,-0.04587260261178017,0.13416053354740143,-0.02863013744354248,0.11465498059988022,44.05940246582031,4.132392883300781,20.70441246032715,1.7444133758544922,1.750553846359253,0.9464442729949951,1.1525254249572754,1.6659200191497803,0.8630862236022949,0.42644232511520386,1.2619550228118896,1.2277337312698364,1.4355337619781494
aaa57dbd-7b88-454a-963e-6faa2f4ed4e7-1437166513710-1.7-f-04-hu.wav,hungry,-335.3961181640625,86.65756225585938,-95.27716827392578,20.586708068847656,-18.102596282958984,-24.615766525268555,16.078449249267578,-27.545013427734375,1.7835661172866821,3.167973518371582,-28.179006576538086,2.5714938640594482,-4.300661563873291,8613.513671875,1063.6776123046875,4094.881591796875,677.2133178710938,416.400634765625,133.13917541503906,212.44618225097656,212.5707550048828,368.2021789550781,49.65373611450195,83.78803253173828,174.41929626464844,137.58718872070312,3.1550285816192627,1.4343628883361816,-0.9151274561882019,-0.26214292645454407,-0.7876129746437073,-0.2333308458328247,0.4804938733577728,-0.2637821435928345,-0.020352808758616447,0.08823159337043762,-0.283947616815567,-0.02204005792737007,-0.1816759556531906,366.1730651855469,46.56731414794922,89.54204559326172,11.396967887878418,9.222829818725586,5.386327266693115,7.64884090423584,4.841340065002441,5.296226501464844,1.394999384880066,2.870682954788208,3.890909433364868,5.223026752471924,-0.6196640729904175,0.13357749581336975,0.6328022480010986,-0.25705671310424805,-0.12171191722154617,0.14346536993980408,0.03120017796754837,0.005435022991150618,-0.19609799981117249,-0.030408300459384918,0.041109081357717514,-0.07516012340784073,0.17358346283435822,96.19215393066406,12.338080406188965,26.338773727416992,3.806150436401367,3.1190502643585205,2.2720603942871094,2.9935808181762695,0.9508247375488281,1.3145439624786377,0.6518747210502625,1.0807286500930786,1.10570228099823,2.2319207191467285
ad7fd28b-3e85-4e9b-9e18-af4bda64c60f-1430756389867-1.7-m-72-hu.wav,hungry,-281.94293212890625,134.10873413085938,-78.23615264892578,9.35511589050293,-7.964394569396973,-36.2985954284668,6.110044002532959,-12.239174842834473,-10.025049209594727,-2.529933452606201,-14.695647239685059,-6.507410526275635,-15.897636413574219,6103.07373046875,1275.8685302734375,813.1316528320312,179.00942993164062,91.0540542602539,443.3584289550781,103.96627044677734,165.4149627685547,26.020244598388672,17.462873458862305,50.37932205200195,25.822595596313477,50.53410339355469,2.516512870788574,0.8671630620956421,-0.8780364990234375,0.4080435633659363,-0.030265619978308678,-0.0016287235775962472,0.3952854573726654,-0.31943413615226746,-0.10330180078744888,0.08402340859174728,-0.14315100014209747,0.009199066087603569,-0.10128354281187057,168.22994995117188,33.24454879760742,24.316221237182617,2.7684032917022705,2.7918567657470703,8.130016326904297,3.926630973815918,5.527616500854492,0.8397954702377319,0.733231246471405,1.5655584335327148,0.8561139106750488,1.3742231130599976,-0.7710726261138916,-0.5412558913230896,0.09247386455535889,0.07017484307289124,0.06841745972633362,0.13366425037384033,0.05053827166557312,0.057709284126758575,0.05560207739472389,0.012244407087564468,0.04288234934210777,0.039062149822711945,0.05733663961291313,24.681455612182617,8.167206764221191,5.2453293800354,1.4461567401885986,0.7904450297355652,2.285313367843628,0.8193992972373962,1.1552612781524658,0.5590330362319946,0.4015398621559143,0.41021761298179626,0.3276354968547821,0.5813183188438416
adb53808-8b13-4c08-b055-6653c75298be-1430133962749-1.7-m-72-hu.wav,hungry,-354.0869445800781,185.64813232421875,-107.53409576416016,58.59254837036133,-2.4510338306427,-37.23844528198242,27.868711471557617,-26.77338218688965,-8.11125659942627,4.6750078201293945,-16.869190216064453,8.9330472946167,-7.008042335510254,1421.1490478515625,146.02005004882812,658.0693359375,204.48104858398438,101.20575714111328,390.837890625,163.31097412109375,48.943355560302734,70.02236938476562,56.25841522216797,28.662561416625977,40.569705963134766,37.57204055786133,0.04430192708969116,0.2660793960094452,0.23951750993728638,0.07401250302791595,0.454128623008728,0.4567573368549347,-0.1309366375207901,-0.2760385572910309,-0.2187514454126358,-0.21818359196186066,0.10001853108406067,0.15708167850971222,-0.13107016682624817,46.65341567993164,7.224045276641846,23.076343536376953,5.426848888397217,1.5165663957595825,14.684147834777832,5.261488914489746,1.3873825073242188,3.2325072288513184,1.3817263841629028,0.6726334691047668,1.1308139562606812,1.1445224285125732,-0.6517310738563538,-0.2241024523973465,0.14780329167842865,-0.24334660172462463,-0.0160879697650671,0.08030077815055847,-0.012938481755554676,0.15510979294776917,0.08350741863250732,0.044821206480264664,0.05887693166732788,-0.03665619343519211,0.06593246012926102,27.409364700317383,3.2558045387268066,10.075287818908691,3.064218282699585,0.8248932957649231,6.620016098022461,2.3646674156188965,0.8563510179519653,1.918412208557129,0.556081235408783,0.26360028982162476,0.7086563110351562,0.6044783592224121
adb53808-8b13-4c08-b055-6653c75298be-1430133982281-1.7-m-72-hu.wav,hungry,-282.57452392578125,169.72996520996094,-89.22599792480469,35.186161041259766,0.5260424613952637,-36.033470153808594,25.131195068359375,1.1589795351028442,-2.2420244216918945,1.0602000951766968,-6.318795204162598,4.324184894561768,-11.890093803405762,3793.99267578125,371.7994384765625,1921.8602294921875,191.10243225097656,365.0780029296875,598.0542602539062,73.4359130859375,206.97686767578125,80.6761703491211,43.8710823059082,55.493438720703125,110.2735824584961,119.42375183105469,-0.9428439140319824,0.08501126617193222,0.9573992490768433,0.2154230922460556,0.49577611684799194,0.47601833939552307,0.019450698047876358,0.2738780379295349,0.28034281730651855,0.12301453202962875,0.04871296510100365,-0.21899044513702393,-0.37343963980674744,55.645294189453125,13.412631034851074,32.94963836669922,7.259335041046143,5.015641212463379,8.561833381652832,2.376552104949951,9.431666374206543,3.4644460678100586,1.1543546915054321,1.118428111076355,5.221807479858398,6.526211261749268,-0.83749920129776,-0.30838048458099365,0.35694000124931335,-0.05766540765762329,0.011657164432108402,0.11273495852947235,-0.13300999999046326,-0.14637693762779236,-0.11009816825389862,0.0354861356317997,0.21999862790107727,0.13179980218410492,0.04210997372865677,25.58953285217285,4.936266899108887,8.603322982788086,2.885185956954956,2.4424643516540527,2.404019832611084,2.0338590145111084,3.0415966510772705,1.0463672876358032,0.8323485255241394,1.765567660331726,1.5107873678207397,1.5979241132736206
adcefe56-90b1-4120-83b1-93008cb6f7f0-1430731683554-1.7-m-04-hu.wav,hungry,-204.66183471679688,118.82122802734375,-117.99795532226562,71.59554290771484,-38.29310989379883,-55.829750061035156,21.60889434814453,-38.24217987060547,1.9734477996826172,-3.526777505874634,-17.94003677368164,29.70629119873047,-6.5334672927856445,5607.6416015625,707.7022094726562,1292.6553955078125,1253.5352783203125,166.57626342773438,228.9320526123047,183.82733154296875,125.60931396484375,225.7102508544922,146.61831665039062,158.42987060546875,86.05004119873047,166.06561279296875,4.104123115539551,0.5990274548530579,-1.6249407529830933,1.3538262844085693,-0.37976962327957153,-0.6027045845985413,0.6092236638069153,-0.01018571574240923,0.2843034565448761,-0.3104323148727417,-0.518281877040863,0.026358304545283318,-0.5385469794273376,265.1610412597656,25.89200210571289,48.4866828918457,61.2422981262207,9.132884979248047,10.727983474731445,10.01350212097168,4.814055919647217,5.3169074058532715,3.581550359725952,6.275890827178955,1.7780190706253052,7.802421569824219,-0.7445129156112671,-0.2678288519382477,0.40920335054397583,-0.05928212031722069,0.09830664843320847,0.08734734356403351,-0.0722488984465599,0.17743530869483948,0.07768019288778305,-0.009675583802163601,-0.0900491252541542,-0.11195968836545944,0.16374245285987854,32.90932083129883,8.177902221679688,12.029913902282715,14.913198471069336,1.6704702377319336,2.8543179035186768,2.4574079513549805,0.7785290479660034,1.3956284523010254,1.3433791399002075,2.229889392852783,1.062979817390442,3.1135337352752686
AE02C934-F4E5-4C73-818D-56AA6887EC18-1430279441-1.0-m-26-hu.wav,hungry,-308.7401123046875,110.0130615234375,-85.98568725585938,20.416955947875977,-31.545812606811523,-24.7731990814209,27.049619674682617,-25.398530960083008,-9.402679443359375,-11.426200866699219,-20.095355987548828,17.438913345336914,-4.065614223480225,11239.5244140625,941.1002197265625,2497.36279296875,559.8260498046875,312.4559020996094,167.25259399414062,509.8241271972656,137.1976776123047,169.10939025878906,84.72547149658203,98.34480285644531,602.3489379882812,235.0499725341797,2.2465596199035645,0.5975015759468079,-1.089932918548584,0.041376687586307526,-0.45911073684692383,-0.1296580731868744,0.6649897694587708,-0.06639708578586578,-0.021719379350543022,0.0835762470960617,-0.0822238177061081,0.5563901662826538,0.44349196553230286,491.3462829589844,39.524986267089844,103.88002014160156,21.24513053894043,7.809380054473877,4.826302528381348,22.501678466796875,5.763669490814209,5.942163467407227,3.771066427230835,3.4881131649017334,17.43187141418457,6.215726852416992,-2.576263427734375,-0.7849285006523132,0.9620904326438904,-0.48098593950271606,0.21396714448928833,0.4292919933795929,-0.21282848715782166,0.1352527141571045,-0.015328038483858109,0.05910249426960945,0.2089800387620926,-0.12022764980792999,-0.028984902426600456,291.4942321777344,32.94328689575195,43.944950103759766,10.001293182373047,3.4071645736694336,4.0719451904296875,7.540971279144287,2.99639630317688,2.1213808059692383,0.9992029666900635,1.5923974514007568,6.6490678787231445,2.643716812133789
AE02C934-F4E5-4C73-818D-56AA6887EC18-1430279454-1.0-m-26-hu.wav,hungry,-551.8588256835938,150.29150390625,-90.36811065673828,29.589303970336914,-19.89670181274414,-14.26921558380127,24.30052375793457,-35.248077392578125,-4.242132663726807,-8.97247314453125,-24.986141204833984,5.479413032531738,-23.281545639038086,2635.551513671875,251.8826446533203,639.3525390625,164.8799285888672,173.3481903076172,76.51306915283203,95.51214599609375,102.38444519042969,44.97716522216797,36.77912521362305,42.88652420043945,39.83686828613281,45.78178024291992,1.7518324851989746,0.044637762010097504,-0.752666711807251,0.3976391851902008,-0.2827603220939636,0.21210423111915588,0.1645084023475647,-0.5678519010543823,-0.1339903026819229,-0.07684381306171417,-0.1195957213640213,0.11709702014923096,-0.07916843891143799,44.73320770263672,8.401097297668457,14.91394329071045,6.376863479614258,4.160377502441406,4.369162082672119,2.532712936401367,2.0580127239227295,2.1696887016296387,0.7883152961730957,1.5520308017730713,1.2768546342849731,1.5384474992752075,0.34131816029548645,-0.042332723736763,0.007256234064698219,0.1097232773900032,-0.1825883686542511,-0.028104405850172043,-0.09493737667798996,-0.1146082803606987,-0.04906970262527466,-0.055455081164836884,-0.09418106824159622,-0.030997520312666893,-0.07196195423603058,15.124601364135742,2.8191535472869873,5.42549991607666,1.4478962421417236,2.2438957691192627,1.443129539489746,0.9664013385772705,0.9031914472579956,0.9613180160522461,0.3825518786907196,0.8091436624526978,0.6603399515151978,0.485729455947876
ae5a462b-5424-4b5b-82d5-07ccb61654ab-1430405436291-1.7-f-04-hu.wav,hungry,-539.027099609375,134.67918395996094,-67.50553131103516,38.906028747558594,-5.998213291168213,-10.786958694458008,27.921537399291992,-26.565092086791992,-2.5063178539276123,6.718931674957275,-14.289336204528809,4.973571300506592,-15.846931457519531,10891.7138671875,383.455078125,4497.8662109375,200.7706298828125,232.74044799804688,137.7322540283203,144.76478576660156,493.51397705078125,32.0339469909668,69.78050994873047,47.463871002197266,52.99969482421875,62.3383903503418,0.7146903276443481,0.5193793773651123,0.12901125848293304,0.22201645374298096,0.1309945285320282,0.2502196729183197,0.2474568486213684,-0.10712743550539017,-0.0894722118973732,0.006399139296263456,-0.059958431869745255,0.009426253847777843,-0.03490378335118294,265.2659606933594,14.408273696899414,100.10425567626953,6.06094217300415,6.907953262329102,3.7161998748779297,6.763780117034912,11.444619178771973,1.7113053798675537,3.203097105026245,0.9629698395729065,1.6587326526641846,1.5259860754013062,0.1554878056049347,-0.07203376293182373,-0.2799287736415863,-0.10844269394874573,-0.02971925400197506,0.013055865652859211,0.04057973623275757,0.035091206431388855,0.01893407665193081,-0.02684936113655567,0.06379227340221405,0.11844085901975632,0.05106440931558609,21.661346435546875,1.5886086225509644,11.251821517944336,1.716917634010315,1.4672352075576782,1.011049747467041,1.1001791954040527,1.066311001777649,0.6707512736320496,0.77615886926651,0.3594870865345001,0.6846946477890015,0.30789923667907715
ae5a462b-5424-4b5b-82d5-07ccb61654ab-1431155960186-1.7-f-48-hu.wav,hungry,-396.10845947265625,133.1596221923828,-107.20372009277344,54.41428756713867,-39.846527099609375,-33.930599212646484,46.91363525390625,-40.131290435791016,-14.116191864013672,3.5625200271606445,-21.417844772338867,9.806262969970703,-15.222858428955078,12276.2255859375,1001.2564086914062,2445.43115234375,792.3990478515625,314.29840087890625,131.20098876953125,332.95208740234375,334.93975830078125,115.92276763916016,57.374061584472656,60.45383071899414,154.1103973388672,140.53280639648438,-2.5959928035736084,-1.559348702430725,0.31466203927993774,-0.23474599421024323,-0.15487922728061676,-0.0641283318400383,-0.08635111153125763,0.16661693155765533,-0.1515444815158844,-0.05493307113647461,0.17211779952049255,-0.05953046679496765,0.1818361133337021,471.5672302246094,39.54277038574219,107.75138092041016,26.53009605407715,11.55903148651123,4.134950637817383,11.997386932373047,15.9627685546875,4.3958539962768555,2.892627477645874,2.162154197692871,5.202235221862793,5.0814900398254395,0.021752042695879936,0.23902255296707153,0.16229969263076782,0.013489814475178719,0.3932705819606781,0.21131764352321625,-0.18043284118175507,0.14777609705924988,0.1764240264892578,-0.09780953079462051,0.02764863707125187,-0.018689196556806564,-0.15747569501399994,48.402400970458984,6.959341049194336,12.079710960388184,2.317089319229126,3.9970638751983643,2.0284507274627686,3.494309663772583,1.9748194217681885,2.80656361579895,1.0959213972091675,0.5433745980262756,0.7884325981140137,1.6837502717971802
ae5f103b-5fee-442f-bb1b-d9d0570c46ab-1431533809819-1.7-m-26-hu.wav,hungry,-245.55551147460938,140.37718200683594,-105.66161346435547,41.97908401489258,-23.789701461791992,-31.417987823486328,45.34021759033203,-10.47188663482666,0.7847490310668945,5.578946590423584,-19.1082820892334,0.671383798122406,-9.825385093688965,4867.8056640625,799.41455078125,2151.740234375,993.6943359375,439.6217956542969,182.45513916015625,313.648681640625,240.7339630126953,290.8584899902344,143.24520874023438,106.36248016357422,105.0121841430664,97.77733612060547,2.143238067626953,0.5716343522071838,-0.3030836582183838,0.5554300546646118,-0.2858932912349701,-0.23895703256130219,0.21265119314193726,0.07952600717544556,0.2781091332435608,-0.21621109545230865,-0.36644765734672546,0.10672476142644882,-0.01757667399942875,240.6868133544922,26.0268611907959,70.16400146484375,27.281265258789062,17.24371910095215,7.266626834869385,8.709121704101562,5.791787147521973,9.817463874816895,5.048829555511475,4.2806596755981445,4.761425495147705,3.0031092166900635,-1.5816313028335571,-0.4986231029033661,1.048285961151123,-0.025373458862304688,0.18310165405273438,0.03648771345615387,-0.4286770820617676,0.07835221290588379,0.012390484102070332,0.059532590210437775,0.19788505136966705,-0.08259381353855133,-0.01949276402592659,82.16984558105469,11.801218032836914,26.79948616027832,6.149559020996094,6.070215225219727,3.964348554611206,4.754330158233643,1.9518729448318481,2.086374521255493,2.439317226409912,2.3653202056884766,2.1487772464752197,1.6706973314285278
af30880e-5f98-4dc0-b37a-be6b21fa0ba3-1431240037389-1.7-m-26-hu.wav,hungry,-164.65980529785156,144.9736328125,-112.65306091308594,43.319034576416016,-15.124371528625488,-54.78693389892578,2.682523488998413,-32.41701889038086,-0.2458290010690689,9.284703254699707,-15.549726486206055,8.416826248168945,-10.078957557678223,3399.33935546875,1214.96435546875,1137.2381591796875,536.2731323242188,271.9947204589844,141.1045684814453,240.7875213623047,96.67040252685547,33.17509078979492,94.4613037109375,182.8154296875,99.43939971923828,72.25370025634766,2.7709925174713135,1.3784044981002808,-0.36588940024375916,0.07177130877971649,-0.825526237487793,-0.5207879543304443,0.1704757809638977,-0.053523775190114975,0.021446412429213524,0.07049677520990372,0.3246113061904907,0.4012354612350464,-0.12553910911083221,159.1775665283203,40.47491455078125,40.88041305541992,11.974337577819824,8.322453498840332,3.610684633255005,4.044847011566162,4.057333946228027,1.1994093656539917,4.816921234130859,5.703096389770508,3.5227417945861816,3.116863489151001,-0.9338955283164978,-0.3331051170825958,0.5676859021186829,-0.014264958910644054,-0.07601573318243027,0.09203535318374634,-0.124855637550354,0.07064958661794662,0.0168051365762949,-0.024488259106874466,0.022466203197836876,-0.06514067202806473,0.09273459017276764,43.80731201171875,8.112750053405762,14.608142852783203,4.297356605529785,1.3365215063095093,1.8179330825805664,1.3168048858642578,0.9709280133247375,0.3431711792945862,1.5767408609390259,1.2823541164398193,0.900846540927887,0.8806177377700806
afa44e7f-4187-4f1c-9437-b49ba75f542e-1430629785235-1.7-f-04-hu.wav,hungry,-385.1947326660156,161.95440673828125,-83.62303924560547,53.549034118652344,-7.532862186431885,-25.589345932006836,26.24209213256836,-31.67176628112793,-2.7244834899902344,3.3016462326049805,-27.442081451416016,5.230982780456543,-9.785746574401855,2602.98193359375,290.9298400878906,1376.2030029296875,107.5763931274414,158.67137145996094,278.7198181152344,64.73692321777344,107.78793334960938,74.30829620361328,61.15585708618164,61.26567077636719,65.02891540527344,47.014686584472656,1.323094367980957,1.0070137977600098,-0.003837660187855363,0.0024697729386389256,-0.05569338798522949,-0.18472671508789062,0.09312756359577179,0.18337804079055786,0.01662910170853138,-0.12877216935157776,-0.25952067971229553,-0.09036067873239517,0.11491438746452332,74.81859588623047,14.895188331604004,15.202031135559082,2.720247983932495,1.7482424974441528,4.293715476989746,2.419515371322632,3.747680425643921,2.597659111022949,1.8010540008544922,2.7611889839172363,1.5122833251953125,1.6050126552581787,-1.230785608291626,-0.36835190653800964,0.45588845014572144,-0.1898716688156128,0.05722464993596077,-0.032020650804042816,-0.11755941063165665,0.2966551184654236,0.10494414716959,0.1057773008942604,0.16896170377731323,-0.07494024187326431,0.00031668340670876205,20.702899932861328,2.689415693283081,3.5219881534576416,2.114912986755371,0.42361828684806824,1.6315308809280396,0.8546759486198425,2.2187092304229736,0.657957136631012,0.7875856161117554,0.8136520981788635,0.8373029232025146,0.7777034044265747
B0D9116D-8FA4-41AF-B626-BE508FD5CA04-1430832542-1.0-m-04-hu.wav,hungry,-387.6993713378906,99.26346588134766,-48.919864654541016,30.64190101623535,-12.38027286529541,-29.96047019958496,-3.1695995330810547,-21.22952651977539,1.6628929376602173,-11.491352081298828,-20.985271453857422,3.961493730545044,-15.835370063781738,12560.6953125,1431.5914306640625,1860.042724609375,498.8866882324219,179.62242126464844,270.6649475097656,110.50366973876953,116.70044708251953,171.1983184814453,61.609012603759766,80.33867645263672,266.2486267089844,105.98926544189453,2.751498222351074,0.804610013961792,-0.9962769150733948,0.5371301770210266,-0.2961840033531189,-0.5105598568916321,-0.02273683436214924,-0.34854212403297424,0.027721595019102097,-0.3505931496620178,-0.20260868966579437,0.8136516213417053,0.27167972922325134,405.380615234375,50.674598693847656,58.19546127319336,15.597393989562988,5.711647033691406,6.842596054077148,4.702692031860352,4.028196811676025,5.3840532302856445,2.4280900955200195,3.3362159729003906,6.66234827041626,3.625014305114746,-0.5668537020683289,-0.14691077172756195,0.2666319012641907,-0.0907006785273552,-0.028398940339684486,0.011775683611631393,-0.0378805436193943,0.04608561098575592,-0.03943736106157303,0.004964250139892101,0.06719858944416046,0.04213087260723114,0.14349514245986938,51.098018646240234,9.225947380065918,6.933484077453613,3.559490203857422,2.1176536083221436,1.9540512561798096,1.2886602878570557,0.9850782752037048,1.4648759365081787,0.7451692223548889,0.7177058458328247,1.4560253620147705,1.1982324123382568
B2A105BB-347B-4878-A735-AA4ECF32CD16-1436864116-1.1-m-26-hu.wav,hungry,-184.35787963867188,116.56585693359375,-120.44013214111328,45.58354187011719,-15.879481315612793,-34.131065368652344,34.84259796142578,-19.13616371154785,-4.056429386138916,1.4825416803359985,-14.608433723449707,11.22583293914795,-10.697189331054688,3116.229736328125,391.0834045410156,889.4790649414062,553.2809448242188,91.0251693725586,128.76144409179688,183.75015258789062,185.85870361328125,85.1966552734375,151.42355346679688,73.06102752685547,142.2381591796875,252.962158203125,0.5171416401863098,-0.33076396584510803,-0.1427280306816101,-0.2997373044490814,-0.06118077412247658,0.35180357098579407,0.30539312958717346,0.25703784823417664,0.1771424114704132,-0.08847600966691971,-0.32585930824279785,-0.37554964423179626,-0.2108011245727539,140.97598266601562,8.274465560913086,46.795894622802734,12.84071159362793,2.262794256210327,5.334726333618164,9.042790412902832,7.195875644683838,2.807687520980835,6.503610610961914,4.197038173675537,6.218510627746582,7.481995105743408,1.1483043432235718,-0.037857670336961746,-0.27621036767959595,-0.018762720748782158,-0.05994685739278793,0.013785319402813911,0.05245552211999893,0.03147328644990921,0.13138803839683533,0.1349107176065445,0.17278216779232025,0.23271164298057556,0.06059198081493378,60.696964263916016,2.1189093589782715,15.817221641540527,2.666134834289551,0.8207857012748718,1.112423062324524,2.334712505340576,1.4999632835388184,0.9007563591003418,2.267733573913574,1.3044424057006836,2.691927194595337,2.500091552734375
B327333E-2DE2-4833-A75A-4C576208BED3-1430087429-1.0-f-48-hu.wav,hungry,-388.2020568847656,158.44276428222656,-62.231937408447266,29.52479362487793,-0.23906905949115753,-18.460695266723633,13.838591575622559,-21.57609748840332,-5.288720607757568,-6.092944622039795,-24.929508209228516,-3.427882671356201,-14.562989234924316,2204.422119140625,367.77642822265625,425.1819763183594,53.541622161865234,47.49184799194336,21.66789436340332,88.27552795410156,16.325300216674805,13.996816635131836,12.973274230957031,26.746028900146484,8.15540885925293,37.05046463012695,1.2840557098388672,0.6181918978691101,-0.15447673201560974,0.37959668040275574,0.0858863890171051,-0.04095248132944107,0.09011832624673843,-0.050287093967199326,0.0989198088645935,0.021882478147745132,-0.0695965439081192,0.0009085111087188125,-0.15985077619552612,99.81439971923828,14.275465965270996,21.641216278076172,1.4715468883514404,2.090088129043579,1.0180341005325317,3.798259735107422,0.5032932758331299,0.3163202702999115,0.2532597482204437,0.997113823890686,0.22371868789196014,1.3051337003707886,-0.9921320676803589,-0.5829336047172546,0.13279849290847778,-0.10183662921190262,-0.032223545014858246,0.0682431310415268,0.03264591470360756,0.11006046086549759,0.0282254908233881,0.025829782709479332,0.06405402719974518,0.014811772853136063,0.08622933179140091,39.776241302490234,6.837131023406982,9.013927459716797,0.5010778307914734,0.6126917004585266,0.4107912480831146,1.2746038436889648,0.2700917720794678,0.1574399173259735,0.10770999640226364,0.5076496601104736,0.15626759827136993,0.7184807658195496
B327333E-2DE2-4833-A75A-4C576208BED3-1430087443-1.0-f-48-hu.wav,hungry,-408.6871337890625,209.2859649658203,-113.02684783935547,61.228458404541016,-11.34669303894043,-31.949569702148438,22.462610244750977,-40.56113815307617,-1.0709468126296997,-8.478041648864746,-32.34950256347656,6.28399133682251,-23.62818145751953,423.96600341796875,67.47621154785156,248.08999633789062,32.633445739746094,22.8996524810791,49.7529411315918,38.91168212890625,31.464496612548828,27.185504913330078,17.556859970092773,14.214325904846191,16.769371032714844,15.791203498840332,-0.6777023673057556,0.02159165032207966,0.46886566281318665,-0.05949738621711731,0.13788916170597076,-0.3891698122024536,-0.13299238681793213,0.2233743816614151,-0.19846045970916748,0.09886442124843597,0.08945488184690475,-0.19014526903629303,0.07436439394950867,13.818380355834961,1.8975106477737427,7.160808086395264,1.1578000783920288,0.3389436900615692,2.4601290225982666,1.0865883827209473,0.8309873938560486,1.1397254467010498,0.5431877374649048,0.38476359844207764,0.5316256880760193,0.4066794812679291,-0.11716978251934052,-0.3448222875595093,0.4010143280029297,-0.12194498628377914,0.03819405287504196,0.018378879874944687,-0.1964305341243744,0.15969407558441162,-0.05451188609004021,0.008540341630578041,0.16073349118232727,-0.0005669381353072822,0.14264315366744995,5.127491474151611,1.1860785484313965,3.659654378890991,0.325657457113266,0.22929994761943817,0.291233092546463,0.6874292492866516,0.537733793258667,0.4758319556713104,0.17670784890651703,0.45689594745635986,0.17417457699775696,0.4343448281288147
B327333E-2DE2-4833-A75A-4C576208BED3-1430087456-1.0-f-48-hu.wav,hungry,-401.06317138671875,204.36170959472656,-123.6701889038086,59.824161529541016,-15.443305015563965,-24.18391227722168,32.85983657836914,-42.909149169921875,0.9381072521209717,-6.742706298828125,-33.06035232543945,12.174625396728516,-21.76164436340332,966.01220703125,77.60892486572266,422.1864929199219,107.41596221923828,66.68244934082031,34.19414138793945,176.73663330078125,42.92989730834961,27.156185150146484,26.465776443481445,20.05518341064453,58.27947998046875,19.019649505615234,-0.08334356546401978,-0.0008375082979910076,0.022374846041202545,-0.012053510174155235,0.04628065973520279,-0.02371501922607422,0.061216406524181366,-0.01038418523967266,-0.05235200747847557,0.005700299050658941,-0.11154626309871674,-0.0556449331343174,0.09468061476945877,22.460527420043945,2.095142126083374,7.717515468597412,2.877413511276245,1.7190124988555908,0.5831041932106018,2.072510004043579,0.7745331525802612,0.8563368916511536,0.36151906847953796,0.5610112547874451,1.0800702571868896,0.6328475475311279,0.12949636578559875,-0.172709122300148,0.027128351852297783,-0.06993258744478226,-0.07378817349672318,0.01275324821472168,-0.012247351929545403,0.14913409948349,0.008887795731425285,-0.0666201189160347,0.0013466135133057833,-0.08575428277254105,0.04316750913858414,5.646856307983398,1.021079182624817,2.033478260040283,0.8123835921287537,0.589228093624115,0.1981608271598816,0.39539116621017456,0.5149048566818237,0.2310761958360672,0.21149995923042297,0.15310482680797577,0.2798304259777069,0.12318877130746841
B400D2D0-9FCE-472E-A152-1FF349B9B407-1436845915-1.1-m-04-hu.wav,hungry,-484.1769104003906,187.38546752929688,-83.73287963867188,47.95714569091797,-17.247371673583984,-37.7439079284668,13.376824378967285,-28.533008575439453,1.121229887008667,-8.585644721984863,-24.556100845336914,8.111644744873047,-17.569482803344727,2434.791015625,393.1413879394531,410.3262939453125,159.57833862304688,102.50177764892578,33.64249038696289,48.39059829711914,72.54618072509766,53.163204193115234,25.185583114624023,45.53398895263672,87.21016693115234,68.0464096069336,1.296730637550354,0.748136579990387,-0.23204629123210907,-0.7218528389930725,-0.3183198571205139,0.08533971011638641,0.0433943010866642,-0.3216019868850708,-0.15791770815849304,0.12483084201812744,-0.36815735697746277,-0.34191298484802246,0.12039843946695328,23.005176544189453,6.023502349853516,6.825370788574219,6.67156982421875,2.17661714553833,1.0734920501708984,1.5787034034729004,0.8721802830696106,2.3709022998809814,0.45253270864486694,0.7072062492370605,2.430363655090332,1.2516978979110718,0.19346900284290314,-0.16952116787433624,0.026048703119158745,-0.10342811793088913,-0.12246420234441757,0.11588918417692184,0.14323991537094116,0.025477712973952293,0.0682203471660614,0.04956290125846863,-0.084649458527565,0.0030369164887815714,0.1519809365272522,11.558091163635254,2.749476671218872,3.2029285430908203,1.247304916381836,1.2972313165664673,0.530128538608551,1.4778549671173096,0.7112649083137512,0.7785273790359497,0.18844841420650482,0.2999841868877411,0.7028472423553467,0.6882256865501404
B456CE9D-CBD4-43E5-899B-8B8B0483F17D-1431015486-1.0-m-72-hu.wav,hungry,-436.576171875,115.25243377685547,-68.88465118408203,13.571686744689941,-15.379610061645508,-33.606414794921875,2.096668004989624,-20.497920989990234,-9.436373710632324,-6.748533725738525,-13.188559532165527,0.6422226428985596,-15.041280746459961,5470.8359375,1168.77978515625,755.9443969726562,561.6890258789062,106.15589904785156,370.7754821777344,186.50579833984375,88.45651245117188,108.56410217285156,54.174102783203125,61.28561782836914,45.82772445678711,81.54850769042969,1.9203619956970215,-0.09539191424846649,-0.49430790543556213,0.6214327216148376,-0.046045172959566116,-0.35451072454452515,0.10075882822275162,0.17482644319534302,0.22181862592697144,-0.10846123099327087,-0.19846893846988678,0.16598114371299744,0.2644338011741638,106.55862426757812,38.49005889892578,14.459280014038086,17.33724021911621,3.0980613231658936,9.065813064575195,6.25492525100708,2.8644094467163086,2.2137808799743652,2.777200222015381,2.6501331329345703,1.1909600496292114,3.469386100769043,0.42541277408599854,-0.0743260458111763,0.2323283702135086,-0.13316947221755981,0.04278331995010376,0.08904499560594559,-0.08942581713199615,0.010371077805757523,-0.058478716760873795,-0.012889634817838669,0.053701307624578476,-0.011583651416003704,0.08898543566465378,28.827228546142578,11.298599243164062,5.823594093322754,3.6702728271484375,0.59718918800354,2.0231001377105713,1.9283465147018433,1.3290841579437256,0.7843092083930969,0.8995267748832703,1.4294613599777222,0.5794766545295715,0.6305505633354187
b4c460d8-bd6b-4017-9bb8-2ae4ff0c5af1-1432751065608-1.7-f-26-hu.wav,hungry,-172.31610107421875,133.27976989746094,-88.23978424072266,-0.3954804539680481,-46.396732330322266,-29.724851608276367,21.039310455322266,-27.505929946899414,4.361471176147461,1.7049552202224731,-24.511489868164062,10.897619247436523,-8.650389671325684,6712.13427734375,1348.8350830078125,1953.4677734375,344.8385009765625,298.79931640625,411.3633117675781,399.0129699707031,195.35202026367188,210.57334899902344,188.49591064453125,330.79461669921875,203.2775115966797,218.77951049804688,2.310399055480957,1.1414376497268677,0.3663294315338135,0.7491995096206665,-0.51488196849823,-0.5637640357017517,-0.19902969896793365,-0.44133374094963074,0.496019572019577,0.532078206539154,-0.49022629857063293,-0.2381158024072647,-0.020652741193771362,176.9047088623047,40.740230560302734,49.24419403076172,11.678008079528809,7.892611026763916,13.661650657653809,9.968496322631836,9.333930015563965,13.007668495178223,6.447151184082031,10.867706298828125,6.346949577331543,8.930252075195312,-0.8758913278579712,-0.3435449004173279,0.5846264362335205,-0.02387120947241783,0.2385469526052475,0.23266512155532837,-0.12925532460212708,-0.10453406721353531,-0.21795058250427246,0.25056689977645874,0.39521971344947815,-0.09607279300689697,-0.046527620404958725,46.37553024291992,10.945050239562988,7.761106967926025,3.4275102615356445,3.2452850341796875,2.0153865814208984,2.8352415561676025,4.000826358795166,3.2168102264404297,3.920764446258545,5.878512859344482,2.5313720703125,3.7710061073303223
b5044f9a-6f2e-44fc-8e04-9076a988acf2-1435544527174-1.7-m-04-hu.wav,hungry,-394.0683288574219,158.82293701171875,-22.396127700805664,36.65228271484375,-16.23503303527832,-8.324995040893555,27.8909969329834,-19.851551055908203,2.543872356414795,2.5180633068084717,-16.0086727142334,10.382734298706055,-7.362912654876709,8649.1171875,994.56298828125,2334.9072265625,286.8454895019531,398.6153564453125,218.8334503173828,209.95018005371094,222.0770263671875,126.98985290527344,50.45829772949219,90.00054168701172,71.18482208251953,60.724395751953125,3.0758533477783203,1.2085849046707153,-0.7185493111610413,0.4413205683231354,-0.16502954065799713,0.11754058301448822,0.30462580919265747,-0.3949154317378998,0.2328103929758072,0.11507347971200943,-0.1504247784614563,0.2417033612728119,-0.20874471962451935,197.10650634765625,31.005104064941406,51.27622604370117,6.956884384155273,9.40095043182373,7.557296276092529,3.4093620777130127,3.6960792541503906,4.198923110961914,1.9972789287567139,2.34488844871521,1.1492927074432373,1.5311369895935059,-0.3006223440170288,-0.09627704322338104,0.06262563914060593,-0.2500103712081909,-0.02768603339791298,0.026256369426846504,-0.07830208539962769,0.0634697824716568,-0.06511134654283524,-0.05707607418298721,0.05645991489291191,-0.0373825840651989,0.010870533064007759,41.162471771240234,4.368756294250488,15.098979949951172,2.005067825317383,2.3748373985290527,1.772963047027588,1.2847682237625122,0.9941033720970154,1.0096019506454468,0.8066666722297668,0.9571277499198914,0.3610486686229706,0.47761550545692444
b8fe4527-5e46-437f-897d-be32112bc1c8-1430166086647-1.7-f-48-hu.wav,hungry,-420.25030517578125,89.25479125976562,3.2407238483428955,9.555017471313477,-22.285818099975586,-36.82644271850586,-2.843965530395508,-5.313302993774414,-16.79269027709961,-10.382494926452637,-11.179794311523438,-10.823519706726074,-3.585740327835083,7089.0068359375,2804.75341796875,494.6811828613281,113.02525329589844,234.95147705078125,550.302734375,35.94277572631836,34.0586051940918,140.995849609375,67.18592834472656,69.38755798339844,85.5322494506836,81.43252563476562,1.5390625,0.8973974585533142,0.12896157801151276,0.3435392677783966,0.1242336854338646,-0.24328210949897766,-0.09959464520215988,-0.08505947142839432,-0.31433984637260437,-0.18577277660369873,0.05233810842037201,0.012987553142011166,-0.0849447250366211,73.3910903930664,23.128459930419922,9.66219711303711,1.4469434022903442,3.9191815853118896,5.485322952270508,1.4421838521957397,0.8807395696640015,1.0250741243362427,1.5470696687698364,2.1033833026885986,1.2564833164215088,1.2612558603286743,0.2363671064376831,-0.14325545728206635,-0.09730853140354156,0.04429982602596283,0.09284409135580063,0.14932197332382202,0.04018373042345047,-0.07457093149423599,-0.0021099410951137543,0.06832432001829147,0.05248964577913284,0.07311689853668213,0.07771794497966766,11.983765602111816,5.247312545776367,2.1345841884613037,0.3621354103088379,0.9709299206733704,0.9315078258514404,0.49865299463272095,0.3137357831001282,0.30424484610557556,0.4410471022129059,0.6526601314544678,0.6634015440940857,0.3742884695529938
b9d0daab-43c8-41f1-86af-3bcdea9af63c-1429979961789-1.7-f-22-hu.wav,hungry,-326.897705078125,87.80819702148438,-22.94835090637207,-0.9399384260177612,-7.007803916931152,-14.662738800048828,-1.4062306880950928,-4.415886402130127,7.186751842498779,4.720873832702637,-7.398849010467529,-2.706996440887451,-12.747096061706543,8036.5849609375,1958.9227294921875,3532.768310546875,1315.737060546875,1677.0992431640625,683.1923828125,249.96450805664062,226.89556884765625,267.15191650390625,332.43414306640625,158.5496063232422,143.74005126953125,43.740997314453125,2.351196050643921,1.6778303384780884,0.1305466741323471,-0.1499972939491272,-0.5535563230514526,-0.4557739496231079,-0.03219446912407875,0.10219364613294601,0.2166614979505539,0.1947178989648819,0.05459245666861534,-0.1498109996318817,-0.3021100163459778,247.02618408203125,57.99169921875,71.86091613769531,31.4326114654541,19.35767936706543,8.585820198059082,4.011171340942383,8.156244277954102,6.320504188537598,7.34074068069458,3.7377047538757324,3.0289244651794434,1.2936909198760986,0.06680966168642044,0.2053021341562271,0.42191582918167114,0.010815323330461979,-0.09649542719125748,0.16072551906108856,0.09527657181024551,0.029222896322607994,0.0145866759121418,-0.01271142903715372,0.014604084193706512,-0.007359135430306196,0.04004551097750664,24.288410186767578,9.303794860839844,11.779458999633789,8.281367301940918,3.701526641845703,2.293597459793091,0.9341316819190979,1.9142683744430542,1.9057005643844604,3.6395263671875,1.3423858880996704,0.873482882976532,0.8123037219047546
bb2bdafb-0477-4be4-8c41-1a6192e8c6d4-1430637640279-1.7-m-72-hu.wav,hungry,-242.7790069580078,167.9140625,-97.25898742675781,4.241237640380859,-20.71522331237793,-24.10965347290039,13.502610206604004,-24.899803161621094,-0.23578210175037384,-5.58521032333374,-23.684267044067383,-0.3507174253463745,-17.18216896057129,3612.52783203125,726.4866333007812,653.291748046875,471.97357177734375,347.1061706542969,174.77032470703125,283.6543884277344,106.2496337890625,70.25498962402344,42.73807144165039,31.645593643188477,65.70848846435547,52.26604461669922,2.9722962379455566,1.2468376159667969,-1.0492501258850098,-0.2814902663230896,0.12399305403232574,0.06726209819316864,-0.10906697064638138,-0.37426111102104187,-0.0021267463453114033,0.13663119077682495,-0.006381822284311056,0.048592887818813324,0.022796981036663055,98.3187255859375,21.636024475097656,18.188194274902344,10.136822700500488,6.966361999511719,4.458663463592529,7.588737487792969,2.902301549911499,2.0125439167022705,1.1322357654571533,0.73251873254776,1.7065285444259644,1.4431108236312866,-0.5226107835769653,-0.4907447397708893,0.12813223898410797,-0.10085564106702805,-0.03455381095409393,0.05853094905614853,-0.012633032165467739,0.0894259661436081,0.009227427653968334,0.02370569296181202,0.1183893233537674,0.017316754907369614,0.054962772876024246,15.672606468200684,5.443977355957031,2.197141647338867,1.9576091766357422,1.29557466506958,1.6742351055145264,1.9263736009597778,1.5860704183578491,0.9594259858131409,0.5731465220451355,0.564131498336792,0.5536561012268066,0.40712156891822815
bb2bdafb-0477-4be4-8c41-1a6192e8c6d4-1430637663087-1.7-m-72-hu.wav,hungry,-256.86749267578125,134.64805603027344,-59.18027114868164,27.30132484436035,-10.441746711730957,-33.358211517333984,-10.13003921508789,-31.434083938598633,1.4470490217208862,-6.107337951660156,-23.210691452026367,5.6261491775512695,-8.29390811920166,4232.29443359375,713.8379516601562,685.1484985351562,327.5871276855469,219.44842529296875,233.82318115234375,204.65858459472656,184.0658721923828,135.7410430908203,77.25747680664062,62.696659088134766,71.07433319091797,84.19029235839844,2.494553327560425,1.1127512454986572,-0.7002997994422913,0.32170554995536804,0.21695180237293243,-0.09638742357492447,-0.3023892641067505,-0.34091678261756897,0.3498949110507965,-0.03821542486548424,-0.3112863600254059,0.2377082109451294,-0.04602525010704994,66.06546783447266,15.140958786010742,15.175009727478027,10.783175468444824,5.384848594665527,6.064894199371338,5.767640590667725,6.824865341186523,4.517875671386719,2.7403907775878906,1.71955144405365,2.4091031551361084,2.6782429218292236,-0.5505627393722534,-0.3401316702365875,0.052351150661706924,0.06577778607606888,0.20786817371845245,0.11710571497678757,-0.03936650976538658,-0.050128351897001266,-0.04110254719853401,0.08991967886686325,0.052582815289497375,-0.02242705225944519,0.06315170228481293,28.447431564331055,7.355013370513916,7.033294677734375,4.377102375030518,2.1161811351776123,3.3945059776306152,1.3436657190322876,3.2429935932159424,1.0720469951629639,1.245792031288147,0.6193550825119019,0.8246291279792786,0.5759111642837524
bb2bdafb-0477-4be4-8c41-1a6192e8c6d4-1430637736064-1.7-m-72-hu.wav,hungry,-255.8262939453125,130.32627868652344,-91.09149932861328,4.963120460510254,-0.42170917987823486,-22.529081344604492,-1.5619912147521973,-17.82808494567871,0.3829250633716583,-10.03376293182373,-16.784543991088867,6.104303359985352,-13.029648780822754,7361.5771484375,939.4757080078125,1830.5321044921875,316.9314270019531,294.8372802734375,301.1542663574219,295.5730285644531,155.39273071289062,87.318359375,34.70112609863281,106.65272521972656,63.95484924316406,77.30108642578125,3.446913480758667,0.8616205453872681,-0.7027485370635986,0.34684211015701294,-0.7008336782455444,-0.7035767436027527,0.34172385931015015,0.18210819363594055,0.05526966601610184,-0.11597786843776703,0.03499867022037506,0.2039976716041565,-0.2894795536994934,89.27185821533203,18.852935791015625,34.188819885253906,17.851526260375977,9.89091682434082,6.81488037109375,8.565485954284668,8.093362808227539,3.1398863792419434,1.7578214406967163,5.7683281898498535,2.917771339416504,2.512291669845581,-0.3545376658439636,-0.5093602538108826,0.4289748966693878,-0.1295911818742752,-0.051580946892499924,0.10348330438137054,0.07002653181552887,0.1714799404144287,-0.05134373530745506,0.046626780182123184,0.12086714059114456,-0.08897233754396439,0.016979262232780457,31.171493530273438,7.798027038574219,12.04333782196045,6.672885894775391,3.3883109092712402,2.5171327590942383,3.1143620014190674,2.5535452365875244,1.4177632331848145,0.7640049457550049,1.4890055656433105,0.9279628396034241,1.3029485940933228
be21ef2a-a415-4e8b-bfe6-731bf9956e2c-1431320909516-1.7-f-26-hu.wav,hungry,-281.1573791503906,111.53724670410156,-100.19151306152344,13.242082595825195,-9.656808853149414,-31.162548065185547,19.959692001342773,-9.35549545288086,-11.208049774169922,-4.945640563964844,-15.314933776855469,-4.405797481536865,-7.570228576660156,7222.287109375,1001.1951293945312,2703.368896484375,513.1818237304688,118.61236572265625,205.33616638183594,169.5417022705078,135.49610900878906,64.0851821899414,83.2938003540039,35.959564208984375,76.85221862792969,73.21188354492188,3.3160011768341064,0.32948076725006104,-1.4357866048812866,0.8245907425880432,-0.1693343073129654,-0.21609804034233093,0.35888671875,-0.3716135323047638,0.019254034385085106,0.04674597084522247,-0.028596188873052597,0.16024529933929443,-0.32558202743530273,162.2724609375,28.7115535736084,51.82464599609375,10.439620971679688,4.661569595336914,6.834876537322998,1.8218374252319336,2.872873067855835,1.5951448678970337,2.3417809009552,1.3557827472686768,1.9196839332580566,2.6607964038848877,-0.46019747853279114,-0.4025306701660156,0.23172838985919952,-0.04539530351758003,0.08821631222963333,0.05790211260318756,-0.13754436373710632,0.056832943111658096,-0.0577211007475853,-0.04449598491191864,0.06961333006620407,-0.021001743152737617,0.04534259811043739,34.34177017211914,7.126439571380615,11.372286796569824,2.357302665710449,1.9739294052124023,1.5130153894424438,0.7024139761924744,1.264701247215271,0.740388810634613,0.4714248478412628,0.48817986249923706,0.927800714969635,1.1923569440841675
bfbc4d23-39b2-4b33-b686-2f048f062b60-1430077722675-1.7-f-72-hu.wav,hungry,-412.9617004394531,167.105712890625,-66.53811645507812,64.32168579101562,-6.371845722198486,-22.517507553100586,24.437135696411133,-24.548505783081055,8.506901741027832,-1.6376750469207764,-26.38524055480957,5.527713775634766,-21.702655792236328,2482.935791015625,638.81201171875,349.44866943359375,190.38507080078125,91.9137191772461,149.82789611816406,107.0543441772461,82.19636535644531,69.90147399902344,55.179359436035156,60.326576232910156,37.284950256347656,33.784420013427734,1.5648657083511353,0.9782959222793579,-0.08393537253141403,-0.23807385563850403,-0.14538416266441345,-0.11960289627313614,-0.24699921905994415,-0.07985244691371918,0.14024482667446136,0.013062527403235435,0.0031958564650267363,-0.016215842217206955,-0.14618724584579468,80.20604705810547,17.691808700561523,14.970623016357422,9.292738914489746,4.069281578063965,6.092879772186279,4.17377233505249,3.802394151687622,2.852252960205078,1.6910098791122437,2.5186519622802734,1.6150476932525635,1.141313910484314,-1.0847591161727905,-0.42929592728614807,0.5259977579116821,-0.19285185635089874,0.011742934584617615,0.08249662071466446,-0.156411275267601,0.045634787529706955,-0.108640156686306,-0.021763639524579048,0.1043291687965393,-0.08642387390136719,0.014103296212852001,32.625999450683594,5.728262424468994,5.922919273376465,2.5988075733184814,1.5989145040512085,1.2421746253967285,1.8018826246261597,1.051392912864685,1.111138939857483,0.5520423650741577,0.9241990447044373,0.8977131843566895,0.29992610216140747
c10e2b0f-0cb8-4485-b82f-d453edf97db7-1430738986076-1.7-f-26-hu.wav,hungry,-606.7672729492188,122.49543762207031,-63.62321853637695,35.148094177246094,13.999388694763184,-22.311288833618164,2.6371500492095947,-17.709449768066406,-7.130321979522705,-5.805721759796143,-16.802072525024414,-1.7705620527267456,-9.64050006866455,14914.76171875,2515.022216796875,3128.432861328125,117.6407699584961,139.8740997314453,188.19113159179688,97.33134460449219,55.19940948486328,36.40459442138672,19.8121280670166,33.763916015625,36.5845832824707,19.221908569335938,-0.5509070754051208,0.31340882182121277,1.3440487384796143,0.36901339888572693,-0.48045021295547485,-0.0034589734859764576,0.27229008078575134,0.036391787230968475,-0.027407296001911163,0.06456669420003891,0.13820287585258484,-0.005921673495322466,-0.10801800340414047,151.513427734375,45.2413444519043,11.474931716918945,3.997129440307617,4.855740547180176,2.38236403465271,4.515750408172607,1.6753958463668823,1.0768049955368042,0.6196914315223694,0.7122501730918884,1.192607045173645,0.5522494316101074,-0.7366937398910522,-0.2911660969257355,0.2472667247056961,-0.159210667014122,-0.08524937182664871,0.11277319490909576,0.028832020238041878,0.04770633578300476,0.0015611526323482394,-0.01568203791975975,0.059503037482500076,0.06404688209295273,0.045681968331336975,28.172609329223633,14.046154022216797,2.7874093055725098,1.1903674602508545,1.4866740703582764,0.3896121680736542,0.7771857380867004,0.501377522945404,0.4169849157333374,0.2605001628398895,0.4309482276439667,0.48104894161224365,0.39478135108947754
c10e2b0f-0cb8-4485-b82f-d453edf97db7-1430739158854-1.7-f-26-hu.wav,hungry,-729.918701171875,105.30545806884766,-22.384544372558594,32.736167907714844,5.558941841125488,-8.320965766906738,10.695425033569336,-9.781462669372559,1.7870311737060547,0.2138003259897232,-7.2897162437438965,4.336508274078369,-8.254887580871582,6686.025390625,2121.087890625,711.0564575195312,381.3748779296875,46.32150650024414,98.55620574951172,65.46382141113281,32.912757873535156,20.017892837524414,42.51667785644531,33.1265869140625,25.383827209472656,30.631345748901367,1.4561408758163452,0.6297955513000488,-0.35463032126426697,0.3067271411418915,0.08245731145143509,-0.07106394320726395,0.09375304728746414,-0.07447845488786697,0.016254110261797905,-0.05824602395296097,-0.12337885797023773,0.01869937777519226,-0.07568757981061935,118.53889465332031,40.0606575012207,20.27707862854004,9.806720733642578,1.4009196758270264,2.9307572841644287,1.9929180145263672,1.0426616668701172,0.6415414810180664,2.1668763160705566,1.0052236318588257,0.5218835473060608,0.7685099840164185,0.18940618634223938,0.15058575570583344,0.05632759630680084,0.10088043659925461,0.060156501829624176,-0.002060312544927001,0.006379785481840372,-0.01366365049034357,-0.018963994458317757,0.033911727368831635,0.02660585194826126,-0.005115714389830828,0.043474409729242325,25.94021224975586,11.436236381530762,5.2053141593933105,2.5039315223693848,0.4401017725467682,0.7683382034301758,0.9271922707557678,0.5817264914512634,0.31930333375930786,1.150468349456787,0.5763251781463623,0.2633593678474426,0.5173299908638
c10e2b0f-0cb8-4485-b82f-d453edf97db7-1430739179429-1.7-f-26-hu.wav,hungry,-268.9991760253906,125.2662582397461,-107.1142807006836,56.12055969238281,-33.57065200805664,-62.464439392089844,43.43000030517578,-15.03428840637207,-22.574987411499023,2.785167932510376,-20.890974044799805,-2.215710163116455,-3.3018009662628174,14070.9677734375,1455.1318359375,2398.063720703125,659.3040161132812,578.260986328125,515.4768676757812,512.6488037109375,77.44367980957031,74.93700408935547,55.023712158203125,51.81889343261719,68.72152709960938,91.32836151123047,3.674321174621582,0.7589025497436523,-1.1469215154647827,0.5702037215232849,-0.5951074957847595,-0.545494019985199,0.6028338670730591,-0.08043177425861359,-0.0009170339326374233,0.20984752476215363,-0.07647374272346497,0.03844176232814789,-0.2254931926727295,184.4425506591797,18.099679946899414,39.43329620361328,12.185726165771484,9.85820198059082,10.819853782653809,8.291210174560547,2.539229154586792,2.6884942054748535,1.9444688558578491,0.9623671770095825,2.8142952919006348,1.4778460264205933,0.200653538107872,-0.24350886046886444,0.09383879601955414,-0.047078974545001984,0.012602796778082848,0.09228174388408661,-0.034056708216667175,0.06518998742103577,0.019344575703144073,-0.0382431261241436,0.06302763521671295,0.008649932220578194,-0.0543394610285759,34.54389953613281,3.904841423034668,7.4645209312438965,2.9785678386688232,1.6363111734390259,2.8367598056793213,1.6076257228851318,0.5257716178894043,1.0213338136672974,0.47512882947921753,0.21997427940368652,0.5981229543685913,0.34993597865104675
C249BCDD-0F65-4D6A-82BE-43C4006E3DDB-1436891733-1.1-m-72-hu.wav,hungry,-321.461669921875,117.5272216796875,-81.1278076171875,35.89760208129883,-20.485153198242188,-39.60234832763672,10.798837661743164,-20.450231552124023,2.3763556480407715,-4.067939758300781,-21.371809005737305,5.533801078796387,-14.91707706451416,6838.490234375,974.4302978515625,984.1452026367188,313.4263916015625,164.80958557128906,151.27235412597656,188.91383361816406,72.16049194335938,105.67646789550781,50.85102844238281,75.07073974609375,107.77494049072266,124.36161041259766,3.7138636112213135,1.557227611541748,-0.9534216523170471,0.3683409094810486,0.008787165395915508,-0.1920294612646103,0.016949985176324844,-0.2514074146747589,0.19023343920707703,-0.0976836159825325,-0.2963632345199585,0.1667260378599167,-0.20005518198013306,142.28919982910156,24.89221954345703,21.348012924194336,7.693192005157471,4.211321830749512,4.267727375030518,3.6416211128234863,2.2490322589874268,1.8636583089828491,1.0629743337631226,1.734918475151062,3.6047747135162354,5.177999496459961,-0.8762281537055969,-0.5050938129425049,0.3393727242946625,-0.06484436243772507,0.04715371131896973,0.19463515281677246,-0.07221127301454544,0.020976699888706207,0.07177338749170303,-0.0052808234468102455,-0.012819802388548851,-0.010867105796933174,0.08081422746181488,51.45909881591797,7.8206892013549805,10.256904602050781,3.139357566833496,2.050044536590576,2.4228787422180176,1.200240969657898,0.7298918962478638,1.131850004196167,0.27362748980522156,0.5129703283309937,1.1883119344711304,1.43654465675354
C249BCDD-0F65-4D6A-82BE-43C4006E3DDB-1436891742-1.1-m-72-hu.wav,hungry,-358.27484130859375,102.4766845703125,-65.86167907714844,27.605772018432617,-8.347332000732422,-34.648799896240234,0.703296422958374,-19.643232345581055,-5.886903285980225,-4.847303867340088,-14.051191329956055,0.10023737698793411,-18.60677719116211,9762.9609375,802.3604736328125,2269.760498046875,526.6089477539062,142.52537536621094,152.82785034179688,297.6653747558594,70.4433822631836,33.066287994384766,42.15064239501953,36.99530792236328,85.17196655273438,96.14742279052734,2.0615286827087402,0.05371984466910362,-1.0156863927841187,0.5525307059288025,-0.05650611221790314,-0.17387118935585022,0.39998167753219604,0.04998013377189636,0.07263194769620895,0.04589208588004112,0.008341392502188683,0.0513276532292366,-0.21100717782974243,246.9132080078125,23.171672821044922,55.67580795288086,11.132611274719238,2.2155163288116455,4.432982921600342,4.542233943939209,1.690558910369873,1.1253820657730103,1.3594688177108765,0.8508099317550659,3.030632495880127,2.065070867538452,0.17713040113449097,-0.08323509246110916,0.039111196994781494,0.036470551043748856,0.08033723384141922,0.03270743042230606,-0.025521958246827126,0.05504496395587921,0.011737924069166183,0.04725498706102371,0.04233861342072487,-0.0348847433924675,0.029389865696430206,49.54470443725586,4.886434078216553,10.30339241027832,2.901780843734741,0.7076507210731506,0.830925703048706,1.5664479732513428,0.5280292630195618,0.4989263713359833,0.4750209152698517,0.2743149697780609,0.7644031643867493,0.4728945195674896
C421C6FE-DFEE-4080-8AEA-848E7CE4756B-1430548250-1.0-f-48-hu.wav,hungry,-236.8323211669922,134.9841766357422,-90.36628723144531,18.314064025878906,-25.793935775756836,-33.64306640625,4.672119140625,-37.91285705566406,-6.882148742675781,-5.694561958312988,-21.735485076904297,5.3601813316345215,-14.20824146270752,3686.750244140625,657.3978271484375,824.8919677734375,262.4771728515625,204.44168090820312,192.7141571044922,93.1630630493164,213.96151733398438,109.8313980102539,180.65304565429688,139.21826171875,220.85800170898438,134.80670166015625,2.1843698024749756,0.530767560005188,-1.0136293172836304,-0.22345200181007385,0.11933233588933945,0.13205958902835846,-0.08774109184741974,-0.1496092677116394,0.28451982140541077,0.24171726405620575,0.40238693356513977,0.639420747756958,0.009396782144904137,144.50685119628906,29.535491943359375,41.87443542480469,10.328656196594238,5.696998119354248,6.998909950256348,3.125232219696045,7.319368839263916,4.1136674880981445,7.970688343048096,7.807303428649902,9.314452171325684,5.998996734619141,-1.5154898166656494,-0.7533750534057617,0.6207877397537231,-0.3060353696346283,0.1949409395456314,0.4970908761024475,-0.010158865712583065,0.15964388847351074,0.09694349765777588,0.13182012736797333,0.16496288776397705,-0.11959011852741241,-0.033557403832674026,87.46366119384766,14.358442306518555,15.826081275939941,6.115828037261963,2.7537615299224854,4.454039573669434,1.2793751955032349,2.236358642578125,1.8471577167510986,1.7888976335525513,1.2714482545852661,3.6179637908935547,2.3209969997406006
C421C6FE-DFEE-4080-8AEA-848E7CE4756B-1430548277-1.0-f-26-hu.wav,hungry,-332.95361328125,126.14490509033203,-67.3738784790039,19.50196075439453,-25.923582077026367,-33.873661041259766,5.4841132164001465,-27.917844772338867,-2.5600640773773193,-7.619825839996338,-32.32594299316406,-7.533042907714844,-16.872098922729492,7024.50537109375,1014.7607421875,1007.1928100585938,519.8453979492188,148.70225524902344,154.0248260498047,170.99551391601562,144.7965545654297,86.13121032714844,130.8343963623047,150.20265197753906,78.56462097167969,124.57505798339844,-1.8168432712554932,-0.5865446329116821,0.872261106967926,0.11054527014493942,0.20772621035575867,0.06942378729581833,0.046495456248521805,0.360527902841568,-0.25816258788108826,-0.31027868390083313,-0.08039841800928116,-0.2770496606826782,0.005011540837585926,78.7194595336914,17.46114730834961,13.877941131591797,10.563032150268555,6.135077953338623,5.413835525512695,5.809598922729492,1.81186044216156,2.585016965866089,3.978977918624878,4.197338581085205,4.585165023803711,4.346304893493652,0.06056185066699982,0.08521341532468796,0.09219899773597717,0.06923311203718185,0.07032421976327896,0.11726227402687073,0.11216489970684052,0.07729841768741608,-0.11363264173269272,-0.33701035380363464,-0.16752059757709503,0.09841044247150421,0.10029815137386322,18.938901901245117,5.361477375030518,3.804459571838379,4.437310695648193,2.231933116912842,1.963520884513855,1.774286150932312,0.6090319752693176,1.7475730180740356,4.845698356628418,1.6815226078033447,1.5309886932373047,1.2057212591171265
c42e76b9-a4c1-48f6-a91d-27ab83015874-1430737177322-1.7-f-72-hu.wav,hungry,-423.914306640625,38.831871032714844,-25.349952697753906,-13.871628761291504,-8.311960220336914,-13.895658493041992,-10.9437255859375,-3.1768546104431152,11.591160774230957,10.007415771484375,-0.6900063157081604,-3.6535515785217285,-7.376944065093994,7479.869140625,2305.137451171875,897.5145263671875,335.5725402832031,263.93914794921875,257.96990966796875,112.28462982177734,61.20737075805664,185.5840606689453,222.47955322265625,66.4336166381836,99.5594482421875,182.76988220214844,1.7188681364059448,0.8457244038581848,-0.44031402468681335,0.10865214467048645,-0.19293811917304993,-0.5271907448768616,-0.1971617341041565,-0.14736707508563995,-0.168635755777359,-0.06819714605808258,0.23858626186847687,0.2722626030445099,-0.10994554311037064,171.16395568847656,47.52151107788086,24.981733322143555,5.543103218078613,4.8021650314331055,6.692899703979492,3.2702267169952393,2.091494560241699,4.775628089904785,4.385046005249023,2.0335800647735596,2.1506872177124023,2.741215229034424,-0.10207255184650421,-0.09887277334928513,0.051584500819444656,0.08132277429103851,-0.032019320875406265,0.022450875490903854,0.07625685632228851,-0.014307732693850994,-0.06881511211395264,-0.04175741970539093,0.052093762904405594,0.06307896226644516,-0.03013051301240921,36.8139533996582,10.228961944580078,7.208540916442871,1.5828629732131958,0.9752470254898071,1.854942798614502,1.44919753074646,0.8105562925338745,2.6484127044677734,1.319025993347168,1.0906256437301636,0.8728208541870117,0.5253796577453613
c6fd9d60-0fa7-44c0-b3ce-0192527d7b81-1429978271017-1.7-m-04-hu.wav,hungry,-265.82025146484375,153.71229553222656,-79.56912994384766,16.047515869140625,-14.183443069458008,-29.93020248413086,-0.036380864679813385,-25.3199520111084,3.0882997512817383,-8.111651420593262,-22.617319107055664,6.420548439025879,-10.518381118774414,3894.83447265625,432.47119140625,2058.129150390625,206.06175231933594,64.77310180664062,134.50656127929688,75.91429901123047,221.04315185546875,89.39820861816406,70.15567016601562,59.98984146118164,54.72285461425781,110.32060241699219,2.7316932678222656,0.8927062749862671,-0.6384408473968506,0.5574505925178528,-0.15732291340827942,-0.4644313454627991,-0.019178658723831177,-0.24452954530715942,0.05581174045801163,-0.05727408826351166,-0.2122776210308075,0.18802379071712494,0.013684573583304882,53.55322265625,10.527469635009766,24.206470489501953,8.926372528076172,1.3733717203140259,4.1367106437683105,2.0332424640655518,5.423527240753174,2.0742199420928955,1.4308278560638428,1.343868613243103,2.0220603942871094,3.455381393432617,-0.47674137353897095,-0.5644692182540894,0.03500644117593765,0.07639254629611969,0.07707369327545166,0.010784749872982502,0.03818560019135475,0.1528151035308838,0.07759962975978851,0.01006112527102232,0.017109066247940063,0.10785891860723495,0.08841085433959961,16.488107681274414,3.6066231727600098,3.024019241333008,1.7442532777786255,0.5609039068222046,1.3858287334442139,0.6767159700393677,1.1348626613616943,0.6601113677024841,0.3594185709953308,0.2810753881931305,0.6372633576393127,0.9752747416496277
c6fd9d60-0fa7-44c0-b3ce-0192527d7b81-1430038968282-1.7-m-04-hu.wav,hungry,-362.64202880859375,165.35047912597656,-80.24771881103516,19.199443817138672,-9.665369033813477,-34.7421760559082,6.740733623504639,-25.996620178222656,-18.205928802490234,-10.042719841003418,-17.08900260925293,-0.8827999830245972,-12.201610565185547,4213.9951171875,998.9259643554688,843.3469848632812,388.84527587890625,255.82904052734375,165.7406768798828,172.59523010253906,118.09740447998047,133.900634765625,74.47237396240234,93.09150695800781,76.89067077636719,44.63143539428711,2.9506537914276123,0.5546315908432007,-1.1353099346160889,0.02589479461312294,-0.047984253615140915,0.14852194488048553,0.14719544351100922,-0.15835942327976227,0.39320722222328186,0.07843956351280212,-0.2558191120624542,0.05774437636137009,-0.03600739315152168,118.07120513916016,34.619911193847656,25.760072708129883,12.668368339538574,12.694594383239746,4.787424564361572,7.303969860076904,3.2537286281585693,5.126847267150879,2.7256064414978027,3.723808765411377,2.2737321853637695,1.7064100503921509,-0.6706026792526245,-0.931626558303833,0.19565238058567047,0.02773347869515419,0.015389964915812016,0.24568848311901093,0.02261032536625862,0.13473354279994965,0.2756602466106415,0.03998121991753578,-0.047149255871772766,0.03775884211063385,0.08646640181541443,69.90518951416016,14.636028289794922,13.185959815979004,6.478630065917969,3.702352285385132,3.1027438640594482,2.64658260345459,0.8533920049667358,1.9345180988311768,0.8272022604942322,1.099780559539795,0.9598510265350342,0.8460861444473267
c6fd9d60-0fa7-44c0-b3ce-0192527d7b81-1430066825817-1.7-m-72-hu.wav,hungry,-366.59295654296875,92.63410186767578,-38.083866119384766,30.20140266418457,-5.393638610839844,-33.157344818115234,0.2107914388179779,-13.903694152832031,-11.688271522521973,-7.505987167358398,-12.860795974731445,-5.279018402099609,-9.385810852050781,14278.5078125,2086.69091796875,2097.37646484375,747.3251342773438,293.3145751953125,738.6727294921875,121.28701782226562,90.67854309082031,132.2476348876953,90.29638671875,98.97428894042969,120.43205261230469,75.6349105834961,2.334902286529541,0.9536241292953491,-0.6354497075080872,0.7353786826133728,0.38643133640289307,-0.4419959485530853,-0.1571306735277176,-0.02449543960392475,-0.07938803732395172,-0.34074684977531433,-0.25174644589424133,0.031998295336961746,-0.18824101984500885,472.9688720703125,52.06782913208008,87.79777526855469,22.75124168395996,9.172472953796387,21.68751335144043,4.350986003875732,4.2693305015563965,3.6666250228881836,3.1126978397369385,3.6422719955444336,5.361061096191406,2.0325334072113037,-0.49836474657058716,-0.21926598250865936,0.09614196419715881,-0.19019868969917297,-0.04597381874918938,0.18243984878063202,0.04219568148255348,-0.04511687532067299,0.032173190265893936,0.08182988315820694,-0.03827427327632904,-0.08521495759487152,0.0755535140633583,84.2768783569336,10.706795692443848,18.63644027709961,7.124255180358887,2.150871992111206,5.730014324188232,1.1906071901321411,1.9118876457214355,1.0733237266540527,1.053061842918396,0.9914633631706238,1.3255232572555542,0.8767915964126587
c6fd9d60-0fa7-44c0-b3ce-0192527d7b81-1430068155237-1.7-m-72-hu.wav,hungry,-408.3306579589844,179.8985595703125,-107.02139282226562,25.41158676147461,-18.947616577148438,-35.09091567993164,12.041532516479492,-33.61327362060547,-4.896969318389893,-4.855971336364746,-24.465877532958984,3.8400700092315674,-10.137080192565918,2919.42529296875,469.0188293457031,529.9966430664062,84.2813949584961,193.75164794921875,59.492271423339844,303.05889892578125,43.41465759277344,29.96395492553711,37.544349670410156,38.92476272583008,38.4775390625,27.293508529663086,2.6428894996643066,0.7074596285820007,-0.4998800456523895,0.16567344963550568,-0.24432188272476196,-0.003665652358904481,0.2178662270307541,-0.15051649510860443,0.08893705904483795,-0.001973834354430437,-0.11214768886566162,0.07179629802703857,-0.06480583548545837,107.48007202148438,13.61206340789795,15.20701789855957,3.1402366161346436,6.052127361297607,1.673202395439148,5.972377777099609,1.0774716138839722,0.9948639273643494,1.1271966695785522,0.751487135887146,1.2757899761199951,0.8677554726600647,-0.9143906235694885,-0.6340458393096924,0.5427191853523254,-0.3346121311187744,-0.10239230841398239,0.17725776135921478,-0.02444518357515335,0.17208030819892883,-0.06647414714097977,-0.06500246375799179,0.14025576412677765,0.019695835188031197,0.08578911423683167,29.544919967651367,5.388666152954102,3.827629804611206,1.283746600151062,1.3271492719650269,0.9165242910385132,1.3476531505584717,0.6536125540733337,0.5047033429145813,0.47995904088020325,0.5352541208267212,0.5883184671401978,0.3131609261035919
c6fd9d60-0fa7-44c0-b3ce-0192527d7b81-1430068167526-1.7-m-72-hu.wav,hungry,-276.7956237792969,142.89236450195312,-76.03413391113281,23.742841720581055,-34.72059631347656,-49.84268569946289,-1.9603281021118164,-23.31471061706543,8.843743324279785,-2.554513454437256,-19.777790069580078,5.529476165771484,-12.673784255981445,15454.9306640625,2523.8310546875,2813.540771484375,307.3159484863281,581.5997314453125,501.1664733886719,94.16865539550781,144.72286987304688,123.3044204711914,72.31538391113281,110.54655456542969,74.09590148925781,62.973777770996094,3.4047276973724365,0.5501183271408081,-1.318838357925415,0.5647967457771301,-0.10470882058143616,-0.08799836039543152,0.0745532289147377,-0.6754568219184875,0.11352437734603882,0.18365685641765594,-0.2575575113296509,0.1887017786502838,-0.019608277827501297,166.0758056640625,44.71295928955078,18.60704231262207,2.295883893966675,10.76746940612793,10.9368257522583,2.2174060344696045,2.992333173751831,2.7853522300720215,2.041548013687134,2.0165069103240967,2.6439502239227295,1.1701654195785522,-0.4332342743873596,-0.5164883136749268,0.288137823343277,0.07038524001836777,0.15908581018447876,0.2643086314201355,-0.04318501427769661,-0.02725168503820896,0.062448203563690186,0.11912775039672852,0.0726533830165863,0.029647300019860268,0.09982506930828094,45.97301483154297,11.895590782165527,3.495579719543457,1.3580875396728516,3.6482577323913574,3.1372556686401367,0.6440613269805908,1.5819517374038696,1.3340818881988525,1.109403371810913,0.4647183418273926,1.3038311004638672,0.7414972186088562
c7fef089-4a65-4b75-bfd4-bae0e3518adf-1430754388848-1.7-m-04-hu.wav,hungry,-312.4107666015625,98.79277801513672,-41.27287292480469,2.980203151702881,-15.778732299804688,-23.37123680114746,3.198662281036377,-9.45975112915039,-1.6566405296325684,-9.513969421386719,-17.000911712646484,3.5758166313171387,-10.315681457519531,11414.5673828125,2243.06396484375,2057.94873046875,182.14161682128906,360.3122863769531,510.8637390136719,294.15692138671875,119.67056274414062,40.76926040649414,55.11968994140625,87.37454223632812,98.3038330078125,79.28765106201172,1.945041298866272,1.1390008926391602,-0.3968633711338043,-0.050377007573843,-0.061628688126802444,-0.16601702570915222,-0.06782211363315582,-0.12472578883171082,-0.05717484652996063,-0.25105491280555725,-0.22833038866519928,0.036962736397981644,-0.2218126803636551,105.4820785522461,13.64863109588623,39.74115753173828,3.814826488494873,3.88118577003479,3.8482308387756348,7.275339126586914,2.5509986877441406,1.1370782852172852,1.2201918363571167,1.853781819343567,2.111915349960327,2.100958824157715,-0.13141469657421112,-0.239244282245636,-0.2500433921813965,-0.16099968552589417,-0.01569761149585247,0.14640428125858307,0.11756094545125961,0.019312163814902306,0.03350643441081047,-0.02124726213514805,-0.08725839853286743,-0.027049729600548744,0.03950992599129677,30.007179260253906,5.6842780113220215,10.860702514648438,2.6892030239105225,1.7323580980300903,1.0019326210021973,1.9529438018798828,0.9964861869812012,0.6025126576423645,0.6404202580451965,1.5176787376403809,0.8203522562980652,0.6898165941238403
ca7d8d54-13cb-4060-8db4-90651b60c078-1434674769219-1.7-f-26-hu.wav,hungry,-292.9306945800781,116.2926254272461,-73.3617935180664,5.769771575927734,-31.77000617980957,-48.41206359863281,6.082467555999756,-15.77336311340332,-13.934950828552246,-7.883333206176758,-10.555320739746094,17.6080265045166,13.168992042541504,3067.26806640625,939.4700927734375,472.318115234375,129.2974853515625,219.22450256347656,225.89137268066406,402.11395263671875,132.92333984375,127.24390411376953,69.25395202636719,315.31890869140625,214.73983764648438,159.54571533203125,2.07194447517395,1.0277953147888184,-0.029162615537643433,0.10268906503915787,-0.3145521581172943,-0.5016603469848633,-0.16283617913722992,-0.18937090039253235,-0.29474756121635437,-0.07956334203481674,0.14953944087028503,0.21615462005138397,0.24334874749183655,111.05818939208984,31.693315505981445,14.775128364562988,5.042263031005859,8.382303237915039,5.912130355834961,10.331997871398926,5.533773422241211,2.9299137592315674,2.17360258102417,5.951437950134277,9.857026100158691,7.016389846801758,0.3125547170639038,0.002971671288833022,0.12151544541120529,-0.10864732414484024,-0.0771159753203392,0.024485820904374123,-0.10970516502857208,-0.044709742069244385,0.03660660982131958,0.04710816219449043,0.07874594628810883,0.03151557594537735,0.0693294033408165,46.65571594238281,8.792586326599121,10.370841026306152,2.7972536087036133,2.8585522174835205,1.5370560884475708,3.319056510925293,1.8009482622146606,0.9040506482124329,0.7501170635223389,1.7180951833724976,3.5793845653533936,1.9818203449249268
CC8771B1-C84E-4223-A010-029A7629A975-1434107299-1.1-f-04-hu.wav,hungry,-338.6493835449219,153.9697723388672,-123.30012512207031,27.63730239868164,-19.84482192993164,-39.64010238647461,10.621672630310059,-23.774648666381836,8.382695198059082,-4.8608527183532715,-19.938730239868164,7.655144214630127,-26.549663543701172,1310.0245361328125,286.8268737792969,283.1899108886719,290.8385009765625,73.98764038085938,104.71834564208984,166.53355407714844,67.72443389892578,40.30494689941406,31.52703285217285,69.73516845703125,35.294639587402344,82.28213500976562,-0.014620577916502953,-0.5669201612472534,-0.4936749041080475,0.19293954968452454,0.008350007236003876,0.012972017750144005,0.20463789999485016,-0.015138519927859306,-0.0073087140917778015,0.10205832868814468,-0.023987295106053352,-0.030982639640569687,0.003048758488148451,44.68050765991211,7.206552505493164,7.9270524978637695,12.031554222106934,2.0414528846740723,3.7583789825439453,6.074526309967041,1.5756971836090088,1.1136741638183594,1.1619901657104492,1.6079833507537842,1.9239587783813477,2.608396053314209,0.28278616070747375,0.21438542008399963,0.003370952093973756,-0.10860466212034225,-0.04195991903543472,0.0018626736709848046,-0.06960154324769974,0.05205995589494705,0.05390417203307152,0.06782635301351547,-0.009599304758012295,-0.11150320619344711,0.032934725284576416,17.13019561767578,3.60931396484375,3.5712978839874268,2.8872296810150146,0.6695960164070129,0.8514561653137207,2.0990941524505615,0.8408485054969788,0.32084932923316956,0.4279657304286957,0.5123363137245178,0.7945346236228943,0.7522432804107666
cda99fcf-d010-47b4-8987-f54be313ddbd-1429973787766-1.7-f-26-hu.wav,hungry,-349.1075439453125,177.6352996826172,-110.4959716796875,-13.24382209777832,-9.626752853393555,-10.148979187011719,21.865394592285156,-17.468290328979492,-3.9416918754577637,-9.48431396484375,-18.63680648803711,12.860553741455078,-11.622934341430664,1825.548828125,337.3265075683594,1377.6636962890625,249.57542419433594,92.33090209960938,82.20182037353516,197.3495330810547,110.42831420898438,42.34273910522461,59.77892303466797,40.04932403564453,65.11863708496094,35.42723846435547,-0.611323893070221,0.08494346588850021,1.0429152250289917,0.07047811150550842,-0.2269614338874817,-0.18068073689937592,-0.16420522332191467,0.1975458562374115,0.1305655986070633,0.04580509290099144,0.05416647344827652,0.01195595134049654,0.17391139268875122,42.299766540527344,7.219807147979736,20.88852310180664,8.530291557312012,2.0785317420959473,3.993363380432129,3.4827187061309814,6.745063304901123,1.4043431282043457,2.297093391418457,1.313387155532837,1.2414650917053223,1.786891222000122,0.024911342188715935,-0.0406518317759037,0.14148864150047302,-0.09799429029226303,-0.06371229141950607,-0.02259248122572899,-0.03423961624503136,0.07540170103311539,-0.025314955040812492,-0.0232563316822052,0.04855938255786896,-0.026753773912787437,0.02205941081047058,15.2266845703125,2.4986417293548584,5.754177570343018,3.2450194358825684,1.2304785251617432,1.3535890579223633,1.5576653480529785,2.5442659854888916,0.5014891028404236,1.5188379287719727,0.4528208374977112,0.724735677242279,0.7552298903465271
cde108d0-62c3-47f8-82c4-233c9fba5cdd-1436884406827-1.7-m-48-hu.wav,hungry,-264.8890380859375,163.39132690429688,-117.01042175292969,61.914894104003906,-0.47497493028640747,-41.09564971923828,26.753530502319336,-26.66010093688965,-13.917540550231934,-3.807079553604126,-22.691465377807617,3.6019675731658936,-15.436923027038574,3668.886962890625,696.5077514648438,821.6829223632812,809.4099731445312,126.09101104736328,80.98941802978516,111.68299102783203,92.47015380859375,69.2004623413086,49.589298248291016,71.54901885986328,71.8332748413086,33.98354721069336,3.8072454929351807,1.2818315029144287,-1.30429208278656,-0.04754910618066788,-0.3926839530467987,-0.36911919713020325,0.3783176839351654,0.01581050269305706,-0.008230254985392094,-0.020383086055517197,-0.03434121608734131,0.2016235738992691,-0.11056689918041229,159.76055908203125,28.754919052124023,45.144493103027344,17.24852180480957,4.717379093170166,2.9396533966064453,4.487798690795898,1.9467123746871948,1.7677114009857178,2.580005645751953,1.4756957292556763,2.318042755126953,1.1192100048065186,-1.3779890537261963,-0.8943573832511902,0.729695200920105,0.26235729455947876,0.18523649871349335,0.07614677399396896,-0.26989254355430603,0.061204906553030014,0.07785753160715103,-0.12449996173381805,-0.03617885336279869,-0.02154126577079296,-0.023188451305031776,36.4669075012207,11.1358060836792,12.09436321258545,9.795886993408203,2.937818765640259,1.4703065156936646,2.2040860652923584,0.521023690700531,0.8566656112670898,0.8217759728431702,0.520119309425354,0.7397645115852356,0.7716270685195923
cde108d0-62c3-47f8-82c4-233c9fba5cdd-1436884444242-1.7-m-48-hu.wav,hungry,-182.39285278320312,123.96101379394531,-133.6158905029297,55.87725067138672,-23.727558135986328,-40.64679718017578,35.748817443847656,-35.86553955078125,-5.001697540283203,7.809730529785156,-26.54198455810547,6.491893291473389,-11.066043853759766,5957.59912109375,527.25927734375,1642.7877197265625,630.4750366210938,248.76681518554688,129.6709442138672,207.80697631835938,149.14669799804688,100.22908020019531,69.3870849609375,63.17193603515625,44.089107513427734,33.838653564453125,2.7936034202575684,1.0569815635681152,-0.8008624911308289,0.5529789924621582,0.1892344355583191,-0.2200242131948471,0.138333261013031,-0.05120861902832985,-0.057163551449775696,-0.09850812703371048,-0.027699455618858337,0.0739080160856247,-0.17515137791633606,170.50094604492188,16.334917068481445,39.56184387207031,11.328075408935547,9.386615753173828,3.219897747039795,6.124911785125732,3.249770164489746,2.9728875160217285,1.8160783052444458,3.122967004776001,0.8198879957199097,1.9148991107940674,-0.9635584950447083,-0.44963791966438293,0.28717875480651855,-0.25892236828804016,-0.016895728185772896,0.2014351487159729,-0.046761397272348404,0.06849989295005798,0.014879345893859863,0.04013123735785484,0.11670584231615067,-0.0795251801609993,0.006734630558639765,33.135902404785156,4.367241859436035,7.385108470916748,2.349778652191162,3.162930488586426,1.1443437337875366,1.8353320360183716,0.6994227170944214,0.8714303970336914,0.5810461044311523,0.8773803114891052,0.3626733720302582,0.532891571521759
cecd525b-18fd-49e3-b2b9-dfb08b93ad95-1430109958636-1.7-m-26-hu.wav,hungry,-411.2615966796875,217.4779510498047,-92.70804595947266,73.6723861694336,-6.318899154663086,-32.8095588684082,39.56454849243164,-24.915964126586914,1.911202073097229,13.485657691955566,-17.095989227294922,8.101531982421875,-9.495034217834473,2359.930419921875,430.7423400878906,261.25909423828125,67.13217163085938,25.25214958190918,24.240507125854492,56.22636413574219,23.664447784423828,16.449705123901367,8.878911972045898,19.12986946105957,17.117286682128906,13.38953971862793,3.1835336685180664,0.8163674473762512,-0.7706061601638794,0.31032150983810425,0.02942325733602047,-0.0351729542016983,0.20488759875297546,-0.11643872410058975,0.06185634061694145,0.04155086353421211,-0.07500479370355606,0.06415989249944687,-0.03534994646906853,70.18379211425781,14.448230743408203,6.799478054046631,1.8431143760681152,0.7570033669471741,0.5583744049072266,1.4802007675170898,0.8938574194908142,0.39874938130378723,0.3405315577983856,0.5091801881790161,0.5911083817481995,0.479828804731369,-0.7679151296615601,-0.668840229511261,0.4944040775299072,-0.19173496961593628,-0.001481156679801643,-0.013253645971417427,-0.22746434807777405,0.08012089133262634,-0.06446944177150726,0.014607470482587814,0.07288085669279099,-0.13245491683483124,0.0695515125989914,8.37060832977295,2.7447259426116943,2.057191848754883,0.4359517991542816,0.40809768438339233,0.266750305891037,0.669547975063324,0.3032827377319336,0.2020043581724167,0.21936474740505219,0.3071965277194977,0.35034289956092834,0.3136061429977417
D18A30C6-4370-4BE0-83F8-031892F96603-1432989796-1.1-f-04-hu.wav,hungry,-245.30262756347656,113.8241958618164,-87.64240264892578,9.518421173095703,-25.231243133544922,-20.89000129699707,25.07347869873047,-27.760435104370117,-9.505748748779297,3.9300498962402344,-20.926877975463867,-0.843649685382843,-3.4685757160186768,3441.2939453125,424.833740234375,878.2415161132812,374.621337890625,148.81056213378906,93.00702667236328,250.4862060546875,193.00942993164062,58.8055534362793,115.59700012207031,134.35519409179688,125.1455078125,109.36669921875,0.8163359761238098,-0.37368956208229065,-0.26542311906814575,0.39215052127838135,0.15340593457221985,0.1717425435781479,-0.04452727735042572,-0.3282617926597595,-0.06890753656625748,0.029150458052754402,0.29659900069236755,0.43279486894607544,0.3043540418148041,93.40000915527344,14.344535827636719,23.830883026123047,8.259364128112793,4.8252387046813965,2.037778377532959,5.830185413360596,4.158730506896973,1.1785459518432617,4.096364974975586,3.6192517280578613,2.257702589035034,4.5932440757751465,0.609735369682312,0.18025752902030945,0.03279152140021324,-0.28208157420158386,-0.06883580982685089,0.03998813405632973,-0.0070297326892614365,0.0004730655928142369,-0.07612437009811401,0.1623058170080185,0.20175059139728546,-0.07451961934566498,-0.08228844404220581,30.35991859436035,4.415273189544678,4.220187664031982,3.5200130939483643,1.8005962371826172,0.9378230571746826,1.2769534587860107,1.1931248903274536,0.5628255009651184,1.4791088104248047,1.6885796785354614,0.7797002792358398,2.2212977409362793
D1CB71F9-EF76-49B3-A703-41D557444D21-1436863366-1.1-m-04-hu.wav,hungry,-374.71417236328125,124.22756958007812,-33.74665832519531,17.430191040039062,-15.26537799835205,-18.967660903930664,12.63712215423584,-14.899557113647461,-7.390436172485352,-13.058270454406738,-27.22480583190918,-9.494035720825195,-17.156776428222656,4175.34716796875,124.92765808105469,1533.982421875,162.99337768554688,327.87738037109375,41.001556396484375,334.830078125,27.348596572875977,75.48031616210938,58.53407669067383,46.270957946777344,49.56404113769531,40.59017562866211,-2.014887809753418,-0.17650245130062103,1.1370385885238647,-0.22370228171348572,0.5263059139251709,0.15128649771213531,-0.38953110575675964,0.16897036135196686,-0.3067353665828705,-0.12683488428592682,0.0801786556839943,-0.25978612899780273,0.09769020974636078,60.07517623901367,5.757820129394531,16.166473388671875,2.7937774658203125,4.480903148651123,1.3399925231933594,2.7428910732269287,0.4094791114330292,1.3636518716812134,0.9228982925415039,1.3142021894454956,0.5855892300605774,1.4661706686019897,0.2456454634666443,0.18759459257125854,-0.02865365520119667,-0.16981728374958038,-0.16505615413188934,-0.002346696797758341,0.03388542681932449,0.05162481218576431,0.029757555574178696,-0.05971723049879074,0.004592233337461948,0.08805278688669205,0.11403977870941162,22.000137329101562,2.6425886154174805,5.033989906311035,1.1002904176712036,2.0642027854919434,0.4538470208644867,0.9449253678321838,0.21655306220054626,0.614061713218689,0.5174939036369324,0.45130404829978943,0.43349382281303406,0.9410045146942139
D1CB71F9-EF76-49B3-A703-41D557444D21-1436863375-1.1-m-04-hu.wav,hungry,-279.0833740234375,106.07080841064453,-89.9835433959961,41.52922821044922,-10.225027084350586,-13.102384567260742,18.16522789001465,-29.318323135375977,11.282941818237305,-8.451546669006348,-34.072227478027344,6.088860511779785,-17.49102210998535,8447.3154296875,399.8410339355469,3147.60546875,910.2865600585938,351.3973083496094,47.31648254394531,186.0776824951172,266.8824768066406,216.0491180419922,60.69633483886719,64.41231536865234,232.6324005126953,78.20526885986328,0.48248010873794556,0.5207053422927856,0.001932570245116949,-0.61154705286026,0.027742834761738777,0.037363264709711075,0.0031308543402701616,0.13999520242214203,-0.121186763048172,-0.08078669756650925,-0.0006261430098675191,-0.13784345984458923,-0.28890588879585266,208.9877471923828,11.837150573730469,81.5082778930664,11.626102447509766,5.670519828796387,1.598252296447754,6.558983325958252,6.985226154327393,3.9642083644866943,2.6496126651763916,2.390864610671997,3.5524420738220215,1.5918481349945068,0.5576875805854797,-0.08179778605699539,-0.13583944737911224,-0.12801320850849152,-0.053683072328567505,0.027600837871432304,-0.0518236868083477,0.07034525275230408,0.025738157331943512,0.03710729628801346,0.030292652547359467,-0.025845903903245926,0.16112199425697327,24.686933517456055,5.112788200378418,11.089129447937012,3.50449538230896,1.1325608491897583,0.4533557593822479,1.4655542373657227,1.4307920932769775,1.187113642692566,0.8300667405128479,0.6560415029525757,0.8094604015350342,0.8849786520004272
d1e236a0-e030-4137-9030-5625026cd098-1430477951092-1.2-m-04-hu.wav,hungry,-275.42822265625,123.59719848632812,-70.45711517333984,-34.10732650756836,-32.60000228881836,-18.70240592956543,14.376120567321777,-17.69774627685547,-12.778969764709473,1.2727012634277344,-10.171823501586914,-3.085594654083252,-12.477845191955566,5529.35595703125,1480.9664306640625,852.67919921875,503.7677001953125,174.12289428710938,80.90823364257812,119.23677825927734,49.54545593261719,55.52366638183594,38.484989166259766,47.143314361572266,62.986759185791016,62.61684799194336,-0.5815760493278503,-0.2388177365064621,0.2730555832386017,0.04091615974903107,-0.01439003273844719,-0.03922201320528984,-0.09551193565130234,0.10948138684034348,0.021720774471759796,-0.17593884468078613,-0.01876126229763031,0.020293420180678368,-0.11842427402734756,292.29205322265625,79.22616577148438,44.22893142700195,14.898049354553223,6.357511043548584,3.052893877029419,5.1591973304748535,1.5521854162216187,2.4932143688201904,0.8293578028678894,2.007564067840576,2.739865303039551,2.2741992473602295,-0.7945927381515503,-0.3555557429790497,0.3470989763736725,0.10921962559223175,0.09302616119384766,0.019259868189692497,-0.182761088013649,0.07118405401706696,0.11045811325311661,-0.03505413979291916,0.05967635288834572,-0.0688796117901802,-0.0630582720041275,61.00053024291992,20.19034767150879,8.310541152954102,5.1421942710876465,2.291473150253296,0.8207986950874329,1.44707453250885,0.5109272599220276,0.8933619260787964,0.6073281168937683,0.5925287008285522,0.8428749442100525,1.260654091835022
d1e236a0-e030-4137-9030-5625026cd098-1430477960643-1.2-m-04-hu.wav,hungry,-261.1827697753906,122.45381927490234,-59.94706726074219,-39.172794342041016,-39.62593078613281,-22.174440383911133,18.620391845703125,-15.418618202209473,-18.176572799682617,6.812316417694092,-8.780900955200195,-6.794497966766357,3.7787599563598633,6828.64111328125,1835.7882080078125,1571.2843017578125,459.7989501953125,404.49664306640625,82.10769653320312,214.04360961914062,217.47315979003906,162.3011474609375,99.66417694091797,179.23435974121094,78.20098114013672,112.86426544189453,-0.32263240218162537,0.14258632063865662,0.43281838297843933,-0.1898893415927887,-0.17997287213802338,0.11098553240299225,-0.058300260454416275,-0.04460490122437477,0.0797472894191742,0.04998968914151192,0.12960678339004517,-0.013998834416270256,-0.4700727164745331,249.86898803710938,69.38848114013672,34.96720886230469,18.67399787902832,17.056350708007812,2.9660027027130127,7.178153038024902,5.4481916427612305,3.81439208984375,3.276737928390503,3.7292211055755615,2.215184211730957,4.12469482421875,-0.8265014886856079,-0.34741243720054626,0.3629101812839508,0.022335639223456383,0.022694056853652,0.0568339079618454,-0.16581717133522034,0.07318983972072601,0.14202885329723358,-0.0926389992237091,0.04031765088438988,0.06463044881820679,-0.031832095235586166,47.68398666381836,14.149989128112793,7.455356121063232,4.409966468811035,3.4948503971099854,0.8944275379180908,2.1899678707122803,1.4560753107070923,1.557438611984253,1.208999514579773,1.1810799837112427,0.8068110942840576,1.914303183555603
D54D9C2A-56ED-4338-9D1F-2ADB4E081DAD-1429807587-1.0-m-48-hu.wav,hungry,-364.9292297363281,126.49784088134766,-96.51712799072266,35.56725311279297,-13.01494312286377,-34.81317138671875,14.361892700195312,-29.394481658935547,-17.626251220703125,-12.916736602783203,-18.25438117980957,10.680359840393066,-3.276298761367798,8585.4560546875,560.635498046875,3156.33740234375,929.373779296875,300.8064270019531,242.13723754882812,574.8335571289062,127.47903442382812,354.53485107421875,124.9134292602539,60.85081481933594,228.9228057861328,226.47686767578125,-0.874485194683075,-0.23193657398223877,0.812095046043396,0.6907921433448792,0.2590377628803253,-0.32917797565460205,-0.12948180735111237,0.08710869401693344,-0.20355235040187836,0.061081819236278534,-0.032075926661491394,-0.38101688027381897,-0.20702293515205383,222.71609497070312,24.7011661529541,49.861942291259766,30.403236389160156,14.751492500305176,5.2073564529418945,20.02740478515625,3.403721570968628,6.326177597045898,3.129176378250122,1.7910027503967285,7.148968696594238,11.312600135803223,0.5265628099441528,-0.037468235939741135,-0.2643704116344452,-0.09428490698337555,-0.17916131019592285,0.10793748497962952,0.047310736030340195,0.04595787078142166,0.24170520901679993,0.10050074756145477,-0.07980766892433167,0.0076957885175943375,0.0902102142572403,34.040550231933594,6.234080791473389,7.532386779785156,6.035165786743164,2.9475581645965576,1.8675636053085327,3.9883530139923096,1.0468052625656128,2.98492431640625,0.9296173453330994,0.7788301110267639,2.1168601512908936,3.286644458770752
D54D9C2A-56ED-4338-9D1F-2ADB4E081DAD-1429807598-1.0-m-48-hu.wav,hungry,-546.6619873046875,107.62348175048828,-62.24800491333008,19.631959915161133,-15.532029151916504,-31.411256790161133,7.185745716094971,-15.973819732666016,-6.039246082305908,-8.046979904174805,-18.056154251098633,-0.7149839401245117,-11.362480163574219,6640.82568359375,900.4033203125,1028.755126953125,89.4303970336914,144.04209899902344,255.02830505371094,85.18091583251953,58.254234313964844,38.958927154541016,72.46259307861328,32.5141716003418,55.1612434387207,76.45369720458984,3.479567289352417,0.6783499717712402,-1.4117565155029297,-0.0558614619076252,-0.5193429589271545,-0.5907241106033325,0.36015158891677856,0.15624688565731049,-0.07920623570680618,-0.07345651090145111,-0.07555516064167023,-0.06455444544553757,-0.0590999536216259,167.1200408935547,21.16350746154785,31.731422424316406,2.814765691757202,2.287499189376831,3.984656810760498,3.132493019104004,1.7299262285232544,1.6059203147888184,1.9452455043792725,0.9984021186828613,1.9268946647644043,2.343928813934326,0.04945598170161247,-0.28642135858535767,0.349580854177475,0.07081029564142227,0.15293961763381958,0.15653257071971893,-0.04469801485538483,0.09553971141576767,0.07095048576593399,0.04210636392235756,0.06517788767814636,-0.022356225177645683,-0.03014068678021431,30.42266273498535,8.1823148727417,8.75200080871582,2.1289258003234863,1.0397576093673706,1.1004596948623657,1.1342886686325073,1.0062562227249146,0.7076835036277771,0.6257632374763489,0.40472733974456787,0.5669320821762085,0.8618044853210449
D54D9C2A-56ED-4338-9D1F-2ADB4E081DAD-1430036283-1.0-m-48-hu.wav,hungry,-356.37164306640625,112.03438568115234,-116.59397888183594,18.925098419189453,-8.902684211730957,-42.99359893798828,15.765434265136719,1.15824294090271,5.432468414306641,0.28606995940208435,-11.15966510772705,4.572884559631348,-14.863381385803223,12589.158203125,1267.9149169921875,3106.216796875,135.25086975097656,111.91224670410156,308.39300537109375,211.96307373046875,42.10622787475586,49.699249267578125,49.34463119506836,79.33936309814453,112.38095092773438,50.211509704589844,2.934692621231079,0.7585794925689697,-1.2546781301498413,-0.033136505633592606,0.06939663738012314,-0.13861559331417084,0.08680547773838043,0.1588214486837387,0.24392862617969513,-0.04839332029223442,0.005966797936707735,0.16437436640262604,-0.13436782360076904,293.67169189453125,24.016128540039062,65.84246063232422,6.10312032699585,3.576584815979004,8.140944480895996,2.6401612758636475,1.4442427158355713,1.6419214010238647,1.0445044040679932,3.085195779800415,5.279376983642578,1.9565101861953735,0.8067638278007507,-0.16766342520713806,-0.39564257860183716,0.06139439344406128,-0.06607358902692795,-0.05650008097290993,0.12069297581911087,0.11050537973642349,0.11394377797842026,0.040509000420570374,-0.015559186227619648,0.020773861557245255,-0.0008842133684083819,36.791988372802734,5.708832263946533,8.817543983459473,2.6064212322235107,0.9724204540252686,1.8334099054336548,0.5140639543533325,0.7007997632026672,0.58608478307724,0.3308061361312866,0.7692696452140808,1.4503872394561768,0.813618540763855
D54D9C2A-56ED-4338-9D1F-2ADB4E081DAD-1430036301-1.0-m-48-hu.wav,hungry,-366.142822265625,109.69924926757812,-96.06364440917969,6.59716796875,-10.627758026123047,-34.96902084350586,9.531489372253418,-5.89316463470459,0.4670678377151489,0.2698856592178345,-10.302376747131348,3.396958589553833,-10.056927680969238,9454.11328125,1338.263671875,2734.517333984375,275.3798828125,117.03174591064453,143.05445861816406,227.24183654785156,64.53019714355469,194.24655151367188,73.19239807128906,124.00855255126953,177.46945190429688,183.63787841796875,1.5181835889816284,0.657924473285675,-0.1629897803068161,-0.020927855744957924,-0.1936749666929245,-0.10428585112094879,-0.0389055497944355,-0.017637137323617935,0.2767462730407715,0.018228651955723763,-0.32342082262039185,-0.09593497961759567,0.029460806399583817,183.0850067138672,26.75971794128418,39.0810546875,5.998826503753662,3.3123321533203125,5.287766933441162,6.034070014953613,2.014353036880493,3.265326976776123,1.6200997829437256,5.559985637664795,7.606924057006836,5.899162292480469,0.005011802073568106,0.06495911628007889,0.20377855002880096,-0.23713898658752441,0.003099465975537896,0.03228100761771202,-0.14670206606388092,0.1178923025727272,0.041179023683071136,-0.04298556223511696,0.07454568892717361,-0.028872434049844742,-0.04184117913246155,34.850650787353516,7.617471694946289,7.392937183380127,3.448962926864624,1.2105337381362915,1.3429956436157227,2.776817560195923,1.1504889726638794,0.9155944585800171,1.204811692237854,1.755399465560913,2.5812747478485107,3.1559853553771973
d6cda191-4962-4308-9a36-46d5648a95ed-1428333797380-1.5-f-26-hu.wav,hungry,-310.6535339355469,123.1111831665039,-60.56948471069336,9.09256362915039,-10.250550270080566,-26.130599975585938,0.4737359285354614,-26.528217315673828,-7.066773891448975,6.629507064819336,-15.13640308380127,-4.087683200836182,-2.0951409339904785,10189.6552734375,1313.821533203125,4764.158203125,428.6249694824219,297.0150146484375,212.29214477539062,485.5323181152344,187.9462127685547,90.35376739501953,212.13711547851562,119.5499267578125,48.33913803100586,60.57068634033203,3.688319206237793,0.869415283203125,-2.0230584144592285,0.1115683987736702,-0.09415028244256973,-0.3756307363510132,0.430108904838562,0.08915151655673981,-0.15000566840171814,0.037924230098724365,0.0043745446018874645,0.04921599477529526,-0.16840574145317078,115.1879653930664,27.595783233642578,60.60966491699219,11.193421363830566,7.669307708740234,5.83380651473999,6.061469554901123,6.333316326141357,3.0229673385620117,4.725228786468506,3.573685884475708,2.227107048034668,1.9623116254806519,-0.010310566984117031,-0.23493754863739014,-0.07938934862613678,-0.031988561153411865,-0.06910615414381027,0.0605868361890316,0.0067484378814697266,0.1532880961894989,0.11717205494642258,0.020471157506108284,0.07048753648996353,0.06787693500518799,-0.024492483586072922,32.10601043701172,18.12663459777832,12.27604866027832,3.903568983078003,4.066850185394287,2.4963386058807373,2.582857608795166,2.7678704261779785,1.3757412433624268,1.4755295515060425,0.9394475817680359,1.0460532903671265,0.7099421620368958
d6cda191-4962-4308-9a36-46d5648a95ed-1430640304482-1.7-m-04-hu.wav,hungry,-376.9989929199219,100.89559173583984,-122.80653381347656,12.709939956665039,-17.170516967773438,-16.49783706665039,31.330947875976562,-25.95663070678711,-7.5260419845581055,-0.032410744577646255,-17.617868423461914,7.734603404998779,-6.858078479766846,12490.3427734375,2226.869873046875,1714.4564208984375,325.68218994140625,273.26629638671875,198.46548461914062,138.50570678710938,244.03956604003906,93.95795440673828,94.60562133789062,125.119140625,70.18472290039062,75.53718566894531,-0.4538492262363434,-0.05441586673259735,-0.07496349513530731,-0.5115532875061035,0.12795844674110413,0.13572412729263306,-0.045444224029779434,0.4862444996833801,0.2858770489692688,-0.21431472897529602,-0.17794249951839447,0.004627346992492676,0.17126363515853882,404.64886474609375,88.09996032714844,41.79059600830078,6.684566974639893,13.537273406982422,6.951590538024902,5.965145587921143,8.423027992248535,2.165651559829712,1.5151325464248657,3.3281896114349365,1.3461353778839111,3.270766258239746,-1.287334680557251,-0.48459500074386597,0.5146186351776123,-0.06287505477666855,0.028220389038324356,0.14588752388954163,0.045563019812107086,0.10769126564264297,-0.12619169056415558,-0.07515660673379898,0.10943515598773956,0.04201432317495346,0.012507036328315735,77.73959350585938,16.6481990814209,11.331186294555664,2.552839517593384,2.518972158432007,1.0169124603271484,2.0396788120269775,1.9507887363433838,1.3055158853530884,0.421612024307251,1.0196857452392578,0.4081878364086151,1.018803358078003
d6cda191-4962-4308-9a36-46d5648a95ed-1431882032820-1.7-m-04-hu.wav,hungry,-222.690185546875,141.07984924316406,-154.99765014648438,35.375526428222656,-13.960769653320312,-35.482276916503906,34.260475158691406,-27.417238235473633,-6.212330341339111,7.526338577270508,-17.983688354492188,3.353886604309082,-9.613161087036133,13446.1259765625,1684.6527099609375,2694.162109375,632.792236328125,262.9381103515625,306.9963073730469,159.3367462158203,255.68589782714844,84.87361145019531,109.14383697509766,122.4343032836914,161.72593688964844,233.29747009277344,-1.91883385181427,-0.6475624442100525,1.1714898347854614,0.3489018976688385,0.10403747111558914,0.17356249690055847,-0.1454978734254837,-0.1993991732597351,-0.2138673961162567,0.11414457112550735,0.38590461015701294,0.14521563053131104,-0.04577493667602539,617.8587646484375,74.43367767333984,122.98189544677734,26.834043502807617,10.889847755432129,7.69351053237915,5.9677324295043945,12.212664604187012,3.8117012977600098,2.712172508239746,3.149050712585449,7.264964580535889,9.02288818359375,-2.405398368835449,-1.1130632162094116,0.6145145893096924,-0.137849360704422,0.2250104397535324,0.10589919984340668,-0.1856798380613327,0.4210834801197052,0.1702950894832611,-0.06301681697368622,0.0034807242918759584,-0.2223576009273529,0.002972852671518922,173.34683227539062,34.62630081176758,23.6351261138916,6.9116692543029785,4.3963303565979,2.13033390045166,2.6297125816345215,3.199735641479492,1.9505501985549927,1.2506592273712158,2.3579812049865723,2.2039294242858887,1.6778827905654907
d6cda191-4962-4308-9a36-46d5648a95ed-1431882043380-1.7-m-04-hu.wav,hungry,-420.49298095703125,99.42354583740234,-134.22686767578125,49.7924919128418,4.327102184295654,-37.37868118286133,26.26296615600586,-17.94270133972168,-9.631758689880371,4.258169174194336,-11.560079574584961,5.806538105010986,-9.111506462097168,20877.8671875,2230.125244140625,4930.00146484375,356.5550231933594,229.5109100341797,228.5935821533203,138.39939880371094,186.8624725341797,23.811058044433594,92.41722869873047,106.9560317993164,76.45645141601562,104.76480102539062,1.4163203239440918,1.0816738605499268,0.6579645872116089,-0.5723158121109009,-0.9179366230964661,0.165895476937294,0.22168882191181183,-0.1995687335729599,0.1306907683610916,-0.09124021232128143,-0.39343252778053284,0.05879509821534157,0.17355874180793762,260.3183898925781,37.5028190612793,35.321651458740234,4.417867183685303,9.142258644104004,3.8302693367004395,4.826151371002197,3.242222309112549,0.49974483251571655,2.2136950492858887,2.0642483234405518,1.0530775785446167,2.4592530727386475,-0.057829588651657104,-0.3251577615737915,0.12478252500295639,-0.1127675473690033,-0.013629642315208912,0.09356635808944702,0.07932727038860321,0.19906829297542572,0.055159792304039,0.019686512649059296,0.07499092072248459,-0.04526732861995697,-0.051739707589149475,24.443174362182617,8.299017906188965,4.893061637878418,0.7476537227630615,0.7582112550735474,0.9193747639656067,0.563180685043335,0.9306439161300659,0.2453795224428177,0.5157524943351746,0.561195433139801,0.719174325466156,0.5153474807739258
d79affbc-f7b4-4ef0-ae57-be5da4b827bf-1430761514476-1.7-m-72-hu.wav,hungry,-429.77496337890625,159.48126220703125,-65.65901184082031,17.796518325805664,-5.541158676147461,-47.6611442565918,-3.180915594100952,-9.821789741516113,-5.9376020431518555,1.6875512599945068,-9.603012084960938,3.7503111362457275,-0.9654948711395264,3156.474853515625,969.9016723632812,634.7366943359375,340.411376953125,289.0797424316406,181.7274932861328,249.90188598632812,81.68577575683594,47.73577117919922,87.84490203857422,67.0144271850586,148.17739868164062,110.44419860839844,2.444664239883423,1.3945236206054688,-0.43739479780197144,-0.0744381994009018,-0.27968481183052063,0.09703399986028671,0.6597908735275269,0.06920909881591797,-0.11968797445297241,-0.062416207045316696,-0.39093121886253357,-0.309574156999588,-0.14136432111263275,133.00582885742188,30.999135971069336,25.42143440246582,7.487304210662842,5.802604675292969,4.72653865814209,5.2154364585876465,2.2311654090881348,2.192692279815674,3.0372116565704346,2.7842774391174316,3.4226207733154297,1.5397673845291138,-1.0221599340438843,-0.48686888813972473,0.3835359513759613,0.006190127693116665,0.0325678288936615,0.20341350138187408,-0.03245832398533821,0.03491107001900673,0.11535412073135376,0.0409984365105629,0.01606745459139347,-0.025769077241420746,0.018021555617451668,34.4246711730957,7.158294677734375,9.258671760559082,4.264989376068115,2.373070001602173,2.2831168174743652,1.7255299091339111,0.6419458389282227,0.5892661809921265,1.3907543420791626,0.6681403517723083,1.7770071029663086,0.9199960827827454
d79affbc-f7b4-4ef0-ae57-be5da4b827bf-1430761528998-1.7-m-72-hu.wav,hungry,-434.4853210449219,153.03221130371094,-73.90595245361328,27.734792709350586,0.09541624039411545,-32.05033874511719,11.824287414550781,-14.987849235534668,-5.744645118713379,2.3234810829162598,-20.3997859954834,-4.647819995880127,-6.534375190734863,4678.61865234375,896.0275268554688,757.79736328125,445.84222412109375,222.6976776123047,312.93731689453125,121.44339752197266,44.680904388427734,47.2322883605957,85.19918060302734,95.60136413574219,158.36923217773438,61.341941833496094,3.774381637573242,1.6676634550094604,-1.0548784732818604,0.28541746735572815,-0.010932148434221745,-0.1105332300066948,0.30541345477104187,-0.13553549349308014,0.03730560466647148,-0.17194746434688568,-0.42790648341178894,-0.06511767208576202,-0.269124835729599,273.1719665527344,26.99698257446289,36.81945037841797,26.68563461303711,8.75830364227295,20.173240661621094,3.6953346729278564,2.00299334526062,2.118290424346924,2.3926615715026855,2.631960868835449,6.107972621917725,2.849295139312744,-0.48476994037628174,-0.4798862636089325,0.22388644516468048,0.33833053708076477,0.05454382672905922,0.13521192967891693,0.07417964935302734,0.07704994082450867,0.1496998369693756,-0.06322373449802399,0.002368922345340252,0.05641873925924301,-0.1517917960882187,20.487642288208008,4.265175819396973,3.7487261295318604,8.908214569091797,1.925815224647522,2.316655397415161,1.2926784753799438,0.6637932062149048,1.219817876815796,0.814318060874939,0.8896995782852173,1.4687023162841797,1.5109752416610718
D833237F-1F7C-4338-BEDE-84C0CF5F4145-1430083995-1.0-f-26-hu.wav,hungry,-376.4424743652344,173.7260284423828,-74.89452362060547,6.850686073303223,-28.648151397705078,-46.97478103637695,2.1963279247283936,-18.043739318847656,-4.2901291847229,-11.761543273925781,-30.593524932861328,-5.159339427947998,-12.431318283081055,1429.096923828125,369.04827880859375,289.567626953125,177.49835205078125,133.32595825195312,213.74476623535156,105.2315673828125,133.99111938476562,60.58201599121094,58.10305404663086,60.52126693725586,66.5097885131836,61.240230560302734,1.0635724067687988,0.21324898302555084,-0.3908243477344513,-0.2041202336549759,0.3587270975112915,0.1336764246225357,-0.08809485286474228,-0.02045888453722,-0.248849019408226,-0.23350758850574493,-0.09801842272281647,0.07557879388332367,0.35827356576919556,64.64738464355469,17.144596099853516,14.23714542388916,5.923962593078613,3.341789484024048,7.962917327880859,1.694260835647583,4.770210266113281,2.2564218044281006,1.3344424962997437,2.6035704612731934,3.037612199783325,2.086491107940674,0.27270665764808655,-0.1277742236852646,0.17728406190872192,0.019325286149978638,0.023500051349401474,0.0779392346739769,-0.009494025260210037,0.09126798808574677,0.13595010340213776,0.10852749645709991,0.12796126306056976,0.09129177033901215,0.08671249449253082,17.62411117553711,4.278181552886963,3.9177074432373047,2.378263235092163,0.9799086451530457,1.564607858657837,1.0020732879638672,1.6256574392318726,0.809694230556488,0.4307655990123749,0.6956928372383118,0.9642529487609863,0.907090961933136
D833237F-1F7C-4338-BEDE-84C0CF5F4145-1430084007-1.0-f-26-hu.wav,hungry,-318.89251708984375,167.20994567871094,-78.22797393798828,2.1356589794158936,-48.32470703125,-67.06397247314453,6.440019130706787,-5.144472599029541,-1.9755008220672607,-8.019967079162598,-21.565397262573242,3.193066120147705,-0.7072633504867554,1575.5904541015625,271.1117858886719,828.5432739257812,268.8391418457031,183.5290069580078,178.04942321777344,129.10113525390625,123.57683563232422,68.40007781982422,77.26119232177734,93.86305236816406,141.6265106201172,108.48993682861328,0.0946459248661995,-0.015631895512342453,0.41783690452575684,0.2636009752750397,0.09034420549869537,0.01925826072692871,-0.03760915622115135,0.058509886264801025,-0.09064847975969315,-0.11125247925519943,0.1945517361164093,0.20303772389888763,0.03286752849817276,68.19258117675781,8.208209037780762,32.96063232421875,9.254412651062012,5.86883544921875,5.400413513183594,3.832343816757202,4.444840908050537,2.3118531703948975,3.0665061473846436,3.579716444015503,4.805190086364746,3.084627866744995,0.3066999614238739,0.12950952351093292,0.0825277715921402,-0.20100285112857819,0.060024067759513855,0.23699750006198883,0.029366541653871536,0.08028119057416916,0.07655715942382812,-0.0325307697057724,-0.023184575140476227,-0.03344568982720375,-0.06928686052560806,19.44564437866211,2.7199907302856445,6.995598316192627,2.850905656814575,0.8118215799331665,1.7259246110916138,0.9455288648605347,1.9200819730758667,0.8257796764373779,0.929277241230011,1.099277377128601,1.2890269756317139,0.7002106308937073
DB95BF4A-E3E5-4429-A660-DBBCF486E6DF-1430664611-1.0-f-72-hu.wav,hungry,-426.7198791503906,147.44000244140625,-78.95532989501953,16.529937744140625,-20.317445755004883,-32.42028045654297,-4.251758098602295,-34.627933502197266,1.104731798171997,-7.676342487335205,-27.67514419555664,3.399573802947998,-8.243231773376465,5212.0234375,753.8657836914062,959.6946411132812,435.9547424316406,185.10025024414062,116.943359375,249.426025390625,153.4119873046875,89.50728607177734,44.412147521972656,55.33815383911133,176.8936004638672,133.1597442626953,-0.08156656473875046,0.5597125291824341,0.36073726415634155,-0.5230864882469177,-0.06022610887885094,-0.15500350296497345,-0.47744905948638916,0.004672211594879627,-0.019597485661506653,-0.16000255942344666,-0.19180159270763397,-0.2799224257469177,-0.057816799730062485,81.14281463623047,16.23008918762207,18.235544204711914,25.0537109375,6.244616508483887,4.028351306915283,12.414618492126465,2.063880443572998,3.2186291217803955,1.9701632261276245,2.411635637283325,8.508981704711914,5.994332790374756,-0.5903223156929016,-0.30754631757736206,0.2004203200340271,0.04181310534477234,0.04241060093045235,0.1316356360912323,0.10024145990610123,0.12715235352516174,0.04401002079248428,0.025263672694563866,0.026830635964870453,-0.0823574960231781,-0.021725811064243317,27.05719566345215,5.009921550750732,4.258559703826904,6.197056770324707,1.9523687362670898,0.9910745024681091,2.8660888671875,0.5548034310340881,0.8238343000411987,0.41711485385894775,0.5629953145980835,2.6695873737335205,1.8125852346420288
DB95BF4A-E3E5-4429-A660-DBBCF486E6DF-1430664633-1.0-f-72-hu.wav,hungry,-517.2591552734375,154.798828125,-87.73583984375,27.781164169311523,-9.860087394714355,-23.580568313598633,6.2114667892456055,-37.84632110595703,-1.223734736442566,-1.7558752298355103,-26.291461944580078,2.1418662071228027,-11.996694564819336,3952.38134765625,646.2200927734375,656.1188354492188,252.77081298828125,153.857177734375,108.64461517333984,122.85428619384766,92.3987808227539,80.06743621826172,118.19506072998047,68.57842254638672,68.9636001586914,68.6760482788086,1.9120336771011353,0.5027778744697571,-0.6917989253997803,0.37972065806388855,-0.26182183623313904,-0.2718259394168854,0.011425692588090897,-0.2859092950820923,0.1467079222202301,-0.08162978291511536,-0.2271597981452942,0.22267283499240875,0.04924005642533302,198.5111541748047,31.15581703186035,25.952579498291016,11.149252891540527,4.746291637420654,4.26522970199585,5.114523410797119,3.659238338470459,2.4691593647003174,5.6768293380737305,3.2702949047088623,3.4755752086639404,4.775752544403076,0.5833940505981445,0.1175541952252388,-0.19796478748321533,0.19838528335094452,-0.09220346808433533,-0.05835307016968727,0.14903384447097778,-0.09532041102647781,-0.06834644824266434,-0.03487042337656021,-0.08521635830402374,0.05483464524149895,0.05647042393684387,71.27073669433594,11.011528968811035,9.50247573852539,3.023479700088501,1.1058018207550049,1.0889179706573486,1.8018373250961304,1.082939863204956,0.7672049403190613,1.1211998462677002,1.120711088180542,1.1136503219604492,1.4509564638137817
DBA77EDC-D457-4B3A-83B8-B7AFBF272D4E-1436860486-1.1-m-72-hu.wav,hungry,-301.47686767578125,146.93240356445312,-68.93557739257812,21.4193172454834,-8.736274719238281,-16.501808166503906,16.724720001220703,-23.692197799682617,-9.511595726013184,-13.740987777709961,-27.847320556640625,-2.3696789741516113,-13.470027923583984,2066.369384765625,394.5046081542969,266.6871032714844,60.47964096069336,40.74988555908203,34.97564697265625,54.58557891845703,30.418771743774414,38.852413177490234,17.56258773803711,40.96366882324219,30.200475692749023,26.173463821411133,2.171090602874756,0.6354190707206726,-0.7138299942016602,0.2735053598880768,0.06498367339372635,-0.029599254950881004,0.12761683762073517,-0.1987248659133911,0.05084190145134926,-0.018138907849788666,-0.3483501076698303,-0.14486409723758698,-0.10666564851999283,67.48697662353516,9.891834259033203,9.826340675354004,2.7192344665527344,1.2448110580444336,1.083631992340088,1.617738127708435,1.0380743741989136,1.1002366542816162,0.7804479598999023,2.1251022815704346,0.7903934121131897,1.1173222064971924,1.0598623752593994,0.455130398273468,-0.08249208331108093,0.146271750330925,0.06651750206947327,-0.04814806953072548,0.00788120273500681,0.0015534592093899846,0.057718146592378616,0.07249866425991058,0.040713630616664886,0.07584714144468307,-0.0047197360545396805,49.21691131591797,10.316385269165039,4.991452693939209,1.2230467796325684,0.49160879850387573,0.8126940727233887,1.396785020828247,0.2701040804386139,0.3640257716178894,0.3817767798900604,0.6295315623283386,0.5462725162506104,0.495859831571579
dc5429de-26b4-48e2-bc47-bc607b9bba06-1430741828918-1.7-f-72-hu.wav,hungry,-404.51593017578125,89.99626922607422,-124.03417205810547,15.860727310180664,7.054211616516113,-21.814538955688477,5.244186878204346,-20.833513259887695,4.871944427490234,7.504940509796143,-10.08057975769043,3.1197867393493652,-10.70185661315918,3927.697021484375,527.182373046875,2510.851318359375,130.88624572753906,151.29713439941406,120.14142608642578,118.06108856201172,102.36254119873047,86.25057983398438,57.93220138549805,90.37460327148438,114.16810607910156,85.14163970947266,2.6297361850738525,0.8015449047088623,-1.2265926599502563,0.3381538391113281,0.40488409996032715,0.038127753883600235,0.16796542704105377,-0.022191151976585388,0.0612613782286644,0.034068599343299866,-0.21841849386692047,-0.2422700673341751,-0.10660574585199356,116.46696472167969,19.602977752685547,27.153066635131836,6.48533296585083,2.5944252014160156,5.973012924194336,3.4062821865081787,1.9648607969284058,2.7853591442108154,1.5453041791915894,2.2673330307006836,3.8344168663024902,2.958282470703125,-0.9240127205848694,-0.4140315353870392,0.4383618235588074,0.0229139793664217,-0.05687691643834114,0.05433420464396477,-0.050263505429029465,0.15378695726394653,0.07399985939264297,-0.015675371512770653,0.009670356288552284,-0.06330444663763046,0.04377398267388344,51.69331741333008,7.743033409118652,12.270026206970215,2.347975015640259,1.3495829105377197,1.9104678630828857,1.19038987159729,1.3361974954605103,0.9655483961105347,0.8427476286888123,0.9536117911338806,1.446596622467041,1.2137728929519653
DCB33551-F9BA-4B4A-8DA1-A3107E1AD859-1430406483-1.0-m-04-hu.wav,hungry,-215.6215362548828,111.31135559082031,-71.53816223144531,23.5446720123291,-0.3186492621898651,-26.656625747680664,11.463935852050781,-1.923122763633728,0.641590416431427,-9.330384254455566,-14.31540584564209,-1.3556890487670898,-22.319873809814453,3063.044189453125,335.05548095703125,776.6703491210938,178.4355010986328,189.8518524169922,165.90330505371094,167.54766845703125,58.530216217041016,105.53963470458984,32.119590759277344,60.21223449707031,47.61297607421875,45.09503936767578,0.9301430583000183,0.35712602734565735,-0.2739548683166504,0.1753554791212082,0.03817487135529518,0.023205721750855446,0.11481297016143799,-0.03946235775947571,0.12228579074144363,0.032953545451164246,-0.1438177227973938,0.03836061432957649,0.022968335077166557,105.67372131347656,10.427595138549805,33.108795166015625,5.459747314453125,5.486607551574707,6.475618839263916,5.411729335784912,1.7373409271240234,3.3762118816375732,1.051876425743103,1.912864327430725,1.7396788597106934,1.7316852807998657,0.15249481797218323,-0.06322846561670303,-0.17386533319950104,0.020734695717692375,-0.09753523766994476,-0.14079663157463074,0.020081251859664917,0.08730430155992508,0.043423838913440704,-0.01895095407962799,0.08016207814216614,0.10018600523471832,-0.019674940034747124,32.203453063964844,3.4678380489349365,11.532355308532715,2.0417587757110596,1.7958496809005737,2.8125765323638916,1.3582152128219604,0.8169680833816528,0.7292140126228333,0.6418365836143494,0.6924258470535278,0.9865977764129639,0.5729411840438843
DCB33551-F9BA-4B4A-8DA1-A3107E1AD859-1430406495-1.0-m-04-hu.wav,hungry,-200.2155303955078,131.2876739501953,-121.79826354980469,61.390785217285156,-8.129338264465332,-18.379375457763672,37.3249397277832,-32.81316375732422,6.084959506988525,8.288885116577148,-24.203838348388672,6.04010534286499,-14.149795532226562,6877.6171875,299.41046142578125,1856.246337890625,446.11224365234375,226.02735900878906,112.27217102050781,175.4873504638672,188.25079345703125,104.68828582763672,133.7105255126953,78.28374481201172,111.11012268066406,34.03468704223633,-0.7700207233428955,0.3961896598339081,0.47190019488334656,-0.3058997094631195,0.05658610165119171,-0.1226978525519371,-0.05622253939509392,0.24312832951545715,0.06400603801012039,-0.15781918168067932,-0.055627286434173584,0.0813007578253746,-0.028864910826086998,224.137939453125,11.789077758789062,54.62929153442383,14.05737590789795,8.738668441772461,5.365204334259033,6.120397090911865,5.431075096130371,3.105463981628418,3.731327772140503,2.4606640338897705,3.834989070892334,1.3819063901901245,0.015795210376381874,-0.1368943750858307,0.11958479136228561,-0.0730871930718422,-0.05221905931830406,0.036505140364170074,-0.11872487515211105,0.12347924709320068,-0.026686737313866615,-0.130649134516716,0.049314260482788086,-0.061982057988643646,-0.04289253056049347,56.97955322265625,3.3478477001190186,13.826871871948242,3.9113516807556152,2.4868202209472656,1.650321125984192,1.9350860118865967,1.3007904291152954,0.6648126244544983,1.2291984558105469,0.7149413228034973,1.2225953340530396,0.7778624892234802
e0717ce2-da25-417c-89a5-58d7175f4a6d-1436966513203-1.7-m-26-hu.wav,hungry,-324.3174743652344,172.7862091064453,-111.90880584716797,37.59489059448242,-16.651580810546875,-38.8472900390625,22.912992477416992,-26.28809928894043,-3.987151861190796,-0.10197415947914124,-21.585554122924805,7.045406341552734,-14.312015533447266,4599.94580078125,2815.971435546875,451.8031921386719,279.8971252441406,168.34666442871094,160.7608642578125,56.81779479980469,61.000301361083984,29.356971740722656,24.017169952392578,23.558988571166992,23.118120193481445,24.30888557434082,1.198459267616272,-0.13182619214057922,-0.7810534834861755,0.539738655090332,0.12992511689662933,0.09748733043670654,0.23471170663833618,-0.07673168927431107,0.12781958281993866,-0.046092115342617035,-0.07443120330572128,0.09051555395126343,-0.11234919726848602,110.25163269042969,42.715091705322266,11.136353492736816,5.159750938415527,2.727724075317383,2.807253360748291,0.7431156039237976,1.7220920324325562,0.7988802194595337,0.7844749093055725,0.9479730725288391,0.4587743282318115,0.6063987016677856,-1.3477303981781006,-0.7239326238632202,0.39608126878738403,-0.030153952538967133,0.02185651659965515,0.23986542224884033,-0.055482249706983566,0.051741376519203186,0.08424010872840881,0.0329519622027874,0.10016342997550964,-0.02263781614601612,0.04260294884443283,36.84738540649414,15.905301094055176,5.308359146118164,3.408421277999878,1.5110145807266235,1.4398638010025024,0.5295572280883789,0.7131885886192322,0.4961932897567749,0.34243911504745483,0.427791029214859,0.2683950662612915,0.189497709274292
e0cc5beb-50e5-46ef-852e-c92106216e62-1430143334661-1.7-m-04-hu.wav,hungry,-395.05743408203125,155.58917236328125,-121.43807983398438,27.242820739746094,-21.150331497192383,-28.9333553314209,31.783945083618164,-32.324790954589844,-7.593622207641602,4.2831549644470215,-22.720731735229492,10.216468811035156,-5.713014602661133,1872.95166015625,407.6742858886719,1041.884765625,687.6021728515625,142.85348510742188,251.06785583496094,139.42921447753906,126.37543487548828,64.47615051269531,87.6510009765625,99.34589385986328,177.2334747314453,84.30054473876953,-0.48231521248817444,-0.7217786312103271,-0.5668865442276001,-0.327213317155838,0.22473178803920746,0.04048602655529976,-0.16787683963775635,0.20016267895698547,-0.05029812827706337,-0.2580551505088806,0.07114967703819275,0.13046124577522278,0.03516238182783127,28.49595069885254,6.511140823364258,8.627110481262207,10.481261253356934,5.18248176574707,4.276163101196289,5.055929183959961,3.154212236404419,2.0284721851348877,2.824449300765991,3.7805604934692383,3.2790822982788086,2.5558555126190186,0.25436297059059143,0.16219010949134827,0.3486321270465851,0.2604125142097473,0.00498109171167016,-0.012699263170361519,-0.10219930112361908,-0.058456242084503174,0.08628401905298233,0.03419781103730202,-0.04114597290754318,-0.0022097027394920588,0.09457764774560928,8.315056800842285,4.791451454162598,2.075977325439453,3.2526767253875732,2.825080633163452,1.4633474349975586,1.4757664203643799,0.9819722175598145,0.8471853137016296,0.7763795256614685,0.8497801423072815,0.9580903649330139,0.7843062877655029
e1e640e2-78cb-4cb7-9ccc-93813bfc251c-1430738640598-1.7-m-72-hu.wav,hungry,-307.9754943847656,107.36124420166016,-53.607810974121094,13.216075897216797,-24.959421157836914,-39.949337005615234,-4.147363662719727,-22.31093406677246,-6.547388076782227,-2.402625560760498,-11.1450777053833,0.5039355158805847,-4.994354248046875,7734.3896484375,1345.9420166015625,1214.8138427734375,117.54875183105469,147.5569305419922,408.1173400878906,113.90050506591797,71.03963470458984,55.9746208190918,48.43193817138672,51.02672576904297,60.08697509765625,69.32987976074219,3.13604998588562,1.5672478675842285,-0.8566300272941589,0.1332213431596756,-0.016137132421135902,-0.47236061096191406,-0.2975316643714905,-0.16543014347553253,0.2644202411174774,0.08893191814422607,-0.14022716879844666,0.09898508340120316,-0.026320522651076317,413.3223876953125,64.16468048095703,67.41382598876953,6.741921901702881,6.49056339263916,19.772451400756836,3.5977394580841064,2.9761533737182617,2.0293195247650146,1.2316429615020752,1.843306303024292,2.9904837608337402,2.4547905921936035,-0.4828897714614868,-0.0650855153799057,0.2837357521057129,-0.10079848766326904,0.053540267050266266,0.1334465593099594,-0.05065471678972244,0.03739640489220619,-0.0023247941862791777,-0.06062987446784973,0.015323884785175323,0.07569049298763275,0.16571272909641266,77.3619384765625,15.002094268798828,12.176119804382324,1.7904175519943237,2.5030808448791504,5.047986030578613,0.8946654200553894,0.5740195512771606,1.1436378955841064,0.9337068796157837,0.6275178790092468,0.7768601775169373,1.1083672046661377
e1e640e2-78cb-4cb7-9ccc-93813bfc251c-1430738652322-1.7-m-72-hu.wav,hungry,-340.52276611328125,97.05374908447266,-16.56465721130371,-15.05492877960205,-9.352157592773438,-34.588134765625,-25.849721908569336,-8.487011909484863,-10.87962818145752,-7.526017189025879,-1.2761766910552979,-4.1087236404418945,-1.927076816558838,4092.757568359375,1238.606689453125,803.3875732421875,168.7103271484375,221.9782257080078,268.03741455078125,179.920654296875,43.57722091674805,77.73192596435547,55.199668884277344,48.81333541870117,97.39456939697266,118.85630798339844,-0.01655477099120617,0.030947543680667877,0.16421563923358917,0.21832694113254547,0.1157708466053009,0.013340504840016365,-0.05610599368810654,-0.10051687806844711,0.017861999571323395,0.15142865478992462,0.08299398422241211,0.05188451334834099,0.13933981955051422,75.54957580566406,28.06361198425293,18.360984802246094,3.909914016723633,6.095384120941162,9.840365409851074,6.191982746124268,1.2323297262191772,3.0257604122161865,2.1936557292938232,2.2660319805145264,4.225422382354736,3.7146425247192383,-0.7197344899177551,-0.5290103554725647,0.08416412025690079,0.10796751081943512,0.15351219475269318,0.3419700860977173,0.20732532441616058,0.01809355616569519,0.06574156880378723,0.04321113973855972,-0.07605131715536118,-0.05479045212268829,0.026113182306289673,15.466280937194824,8.211292266845703,3.299799919128418,2.3432610034942627,1.183786153793335,3.5854978561401367,2.594306230545044,0.7966246008872986,1.350891351699829,1.495583415031433,0.9077851176261902,0.7848716974258423,0.9652959704399109
E2C4BCE0-99FD-49EC-8AB1-5EA5DF7DD8C5-1430042952-1.0-m-04-hu.wav,hungry,-358.53021240234375,166.54676818847656,-95.82142639160156,45.797401428222656,-30.642070770263672,-35.11029815673828,28.875394821166992,-35.44601821899414,-8.037618637084961,-6.119335651397705,-26.642061233520508,5.368535995483398,-18.499298095703125,4241.43798828125,226.3660430908203,1365.7105712890625,265.571044921875,96.45917510986328,103.16593170166016,348.5176696777344,105.31273651123047,52.12202835083008,30.890268325805664,17.245471954345703,57.41868209838867,39.17380142211914,-0.07259242981672287,0.11416098475456238,0.16472110152244568,-0.18597249686717987,-0.21378591656684875,-0.05824270471930504,0.0061469790525734425,0.1291980743408203,0.021569835022091866,-0.10960777848958969,-0.06075584143400192,-0.10761386901140213,-0.14557845890522003,144.8852996826172,9.04136848449707,45.58247756958008,10.635416030883789,2.7079362869262695,3.62597918510437,6.6796698570251465,2.736945629119873,1.5332638025283813,1.086243987083435,0.5595627427101135,2.0444929599761963,0.9539940357208252,-0.8140774369239807,-0.1744932383298874,0.3780285716056824,-0.1600363552570343,0.10288529843091965,0.15464232861995697,-0.049225229769945145,0.11198829114437103,-0.012494591064751148,0.03754806146025658,0.10352233797311783,-0.03544256463646889,0.08401945233345032,30.877830505371094,2.9857187271118164,10.719483375549316,3.0286262035369873,0.9688763618469238,1.2605278491973877,1.9605498313903809,0.60788494348526,0.4466661810874939,0.3835706412792206,0.29486900568008423,0.5319218039512634,0.4260546863079071
e36730a9-d62b-4752-856f-b42feb1585df-1429975817524-1.7-m-04-hu.wav,hungry,-344.1606140136719,90.64111328125,-68.33516693115234,-19.298707962036133,-16.304399490356445,-36.06842803955078,5.213874816894531,1.9026035070419312,-15.045698165893555,-5.293019771575928,-9.884502410888672,-7.937634468078613,4.614154815673828,4527.57177734375,981.9140625,847.5753784179688,161.0312042236328,145.15496826171875,180.73475646972656,206.96328735351562,77.70658111572266,305.6466064453125,162.91981506347656,44.50417709350586,216.63523864746094,238.1365966796875,1.0726408958435059,0.5051885843276978,-0.31384074687957764,0.07834910601377487,-0.07168325036764145,-0.200127974152565,0.08321662992238998,-0.07175975292921066,-0.1570630818605423,0.03645497187972069,0.05768107250332832,0.022897832095623016,-0.021358799189329147,187.22598266601562,36.4394416809082,37.43339157104492,4.725930213928223,5.051023006439209,7.671215534210205,4.489847183227539,2.6042606830596924,4.665398597717285,2.3558297157287598,2.08111834526062,5.377663612365723,6.89165735244751,-1.055922269821167,-0.5743173360824585,0.3572341501712799,0.2523120641708374,0.2714214026927948,0.17847803235054016,-0.07171421498060226,-0.053658440709114075,-0.1333385854959488,-0.05549371987581253,0.25731366872787476,0.24119047820568085,0.04102753475308418,25.487499237060547,7.306807041168213,4.50258207321167,2.4721081256866455,2.6821770668029785,1.6317760944366455,0.9025478959083557,0.7492664456367493,1.0842792987823486,0.6036837100982666,1.2471152544021606,2.166445255279541,1.7338309288024902
e37c323c-0edb-4942-be47-3cc0b2de00a1-1434392919844-1.7-f-26-hu.wav,hungry,-391.75048828125,140.82440185546875,-46.549476623535156,9.99736499786377,-23.367271423339844,-42.482940673828125,11.011385917663574,-5.7496232986450195,-12.58845043182373,-3.171438455581665,-11.253849983215332,-4.115921974182129,-8.609097480773926,3812.16357421875,953.555908203125,507.1969299316406,486.81683349609375,253.07992553710938,165.79364013671875,100.90991973876953,103.22056579589844,85.80669403076172,55.96854782104492,66.69750213623047,66.35194396972656,43.0093879699707,2.034364938735962,1.1153061389923096,-0.39159849286079407,0.2749435007572174,-0.042432405054569244,-0.5415474772453308,0.06291577219963074,0.11652230471372604,-0.2426454722881317,-0.14563651382923126,0.02392445132136345,-0.07562210410833359,-0.28075990080833435,117.35948944091797,30.24590492248535,15.908077239990234,7.425178050994873,7.344286918640137,7.42730188369751,3.106839179992676,3.2084245681762695,3.7210166454315186,2.8090710639953613,2.0576813220977783,1.9685771465301514,1.5060819387435913,-0.21801315248012543,-0.2958991825580597,-0.15138210356235504,0.06315936148166656,0.14737477898597717,0.09547056257724762,-0.015366954728960991,-0.013203004375100136,0.07509280741214752,0.08188801258802414,0.05339028313755989,-0.002769214566797018,-0.012299357913434505,24.996145248413086,7.19165563583374,3.9574575424194336,2.3551700115203857,2.021629810333252,2.977201461791992,1.0179955959320068,1.5084924697875977,1.162982702255249,0.8048477172851562,0.8246791362762451,0.6474794149398804,0.5486594438552856
e37c323c-0edb-4942-be47-3cc0b2de00a1-1434392936735-1.7-f-26-hu.wav,hungry,-404.7118225097656,115.77271270751953,-74.48505401611328,15.8029146194458,-19.071653366088867,-40.99171829223633,10.624003410339355,-4.153660774230957,4.206626892089844,3.507927179336548,-9.810368537902832,2.4886996746063232,-15.262613296508789,7237.7587890625,922.0354614257812,2340.0263671875,290.61334228515625,185.40286254882812,524.9602661132812,390.1541442871094,179.2240447998047,80.2534408569336,80.97569274902344,49.129920959472656,58.789146423339844,127.69116973876953,2.9898316860198975,1.2312514781951904,-0.8534035086631775,0.5009453296661377,-0.01403411291539669,-0.5406140685081482,-0.26357361674308777,-0.1472265124320984,0.3550209701061249,0.06407663226127625,-0.015626080334186554,0.18503925204277039,-0.40885451436042786,235.0156707763672,28.307748794555664,60.5910758972168,17.70244026184082,7.961488246917725,7.331712245941162,4.845820426940918,10.33454704284668,1.9313719272613525,3.591642379760742,1.4533624649047852,2.8709824085235596,1.6157079935073853,-1.2975279092788696,-0.38721200823783875,0.6412854194641113,-0.09089890867471695,-0.01619967259466648,0.045528437942266464,-0.12964120507240295,0.2234397977590561,0.13981980085372925,-0.06386019289493561,0.001037541893310845,-0.1016346663236618,-0.02474280446767807,21.529172897338867,5.634068965911865,6.534001350402832,3.4152467250823975,1.7630873918533325,1.7419365644454956,1.3507733345031738,1.2200387716293335,1.2573435306549072,0.9344253540039062,0.4856855571269989,1.0537476539611816,0.4562586545944214
e4051e62-d21d-4bb8-a235-fd7e859ad787-1430739655763-1.7-m-04-hu.wav,hungry,-353.7304382324219,110.52332305908203,-42.984622955322266,29.05756950378418,-19.418264389038086,-35.95357131958008,12.493596076965332,-12.015636444091797,-9.935687065124512,-10.088624000549316,-19.644084930419922,0.0030699993949383497,-10.608599662780762,15278.1357421875,1368.43408203125,3312.520263671875,341.3651428222656,376.4706115722656,707.5737915039062,215.61898803710938,56.848819732666016,58.48767852783203,47.1659049987793,45.706180572509766,40.13523864746094,82.79962921142578,-1.1692981719970703,-0.08369573205709457,0.7365541458129883,-0.1588389128446579,0.4724906384944916,0.5806169509887695,-0.176003560423851,0.05122257396578789,0.10823754221200943,0.06325528770685196,0.2492077797651291,0.006779407151043415,-0.06213071569800377,89.75150299072266,16.82369613647461,13.556415557861328,4.540246486663818,1.8242424726486206,3.6229758262634277,1.040174961090088,1.7392367124557495,1.8413951396942139,1.3660533428192139,0.3752123713493347,1.0632213354110718,2.54081130027771,-0.655819296836853,-0.20891420543193817,0.18993087112903595,-0.16768860816955566,0.038761429488658905,0.06516476720571518,-0.035507235676050186,0.08827203512191772,-0.009510433301329613,0.005821633618324995,0.019350428134202957,-0.07027465105056763,0.012500455603003502,11.051025390625,2.71858286857605,1.7846639156341553,1.196982502937317,0.5155320763587952,0.8168123960494995,0.4052615761756897,0.47674283385276794,0.44749757647514343,0.5083086490631104,0.1887279450893402,0.5275243520736694,0.6943740248680115
e4051e62-d21d-4bb8-a235-fd7e859ad787-1430740613780-1.7-f-72-hu.wav,hungry,-271.0804443359375,127.89729309082031,-65.72169494628906,23.177532196044922,-15.644036293029785,-25.88397789001465,14.124759674072266,-25.136741638183594,-14.080592155456543,-10.859268188476562,-20.36729621887207,1.007834792137146,-14.63385009765625,6604.4326171875,702.0140380859375,2618.56787109375,320.1798400878906,344.7772216796875,179.505126953125,240.9858856201172,112.06092834472656,180.8473663330078,205.09645080566406,52.16118621826172,84.03411865234375,81.2152099609375,2.206212043762207,1.0673339366912842,-0.3767346441745758,0.3825671076774597,-0.12623050808906555,-0.2572920024394989,0.04020620509982109,-0.27721846103668213,-0.08555702120065689,-0.14993497729301453,-0.18212516605854034,0.27323752641677856,0.13420520722866058,166.10585021972656,20.39788818359375,58.909950256347656,12.436102867126465,7.05343770980835,7.5029616355896,6.687802791595459,4.5564775466918945,5.79795503616333,3.1291422843933105,1.196155071258545,1.6190495491027832,3.392493486404419,-0.7865611910820007,-0.22150802612304688,0.23112724721431732,-0.3356502056121826,0.03227055445313454,0.2970943748950958,0.014460128732025623,0.046455830335617065,-0.028147488832473755,-0.0659070685505867,0.08791662752628326,0.0940847098827362,0.12258750945329666,35.22236251831055,7.939627170562744,12.634137153625488,8.434391975402832,2.3728785514831543,2.844362258911133,1.5689477920532227,1.1830826997756958,2.3599541187286377,0.8186927437782288,0.48429253697395325,0.6725613474845886,0.83468097448349
EC2E1160-BC33-450A-A62D-DE2A4C0D42BB-1430039051-1.0-f-48-hu.wav,hungry,-211.8203887939453,109.42095184326172,-106.01287078857422,28.361248016357422,-3.7376770973205566,-12.93326473236084,17.66748809814453,-35.28998565673828,-1.4324496984481812,3.0195302963256836,-22.103710174560547,4.0875420570373535,-9.80021858215332,6263.833984375,662.3783569335938,1257.9649658203125,493.9430236816406,174.40321350097656,92.36634826660156,207.05577087402344,100.70785522460938,195.9191131591797,62.97640609741211,57.621421813964844,90.19847106933594,36.45575714111328,1.3293325901031494,0.726935625076294,-0.17525441944599152,0.18655523657798767,-0.1865026205778122,-0.2800447940826416,0.17263317108154297,-0.09223112463951111,-0.17919650673866272,0.017463194206357002,-0.21251200139522552,-0.24192079901695251,-0.07040169090032578,272.9880065917969,31.079078674316406,52.50630187988281,15.452420234680176,3.372647285461426,2.919370174407959,6.157110214233398,4.146579265594482,7.285566806793213,2.0353548526763916,1.9924330711364746,3.7669615745544434,1.1589096784591675,-1.637477993965149,-0.669791042804718,0.6240235567092896,0.058776549994945526,0.1423414647579193,0.002530228579416871,-0.1856987178325653,0.17530784010887146,0.06443800032138824,0.07041285932064056,0.13784991204738617,-0.045067328959703445,0.11983611434698105,42.972896575927734,6.952914714813232,9.855574607849121,2.5311248302459717,0.8509653210639954,1.2107329368591309,1.2057995796203613,0.6182371377944946,0.8703808784484863,0.4726767838001251,0.5406899452209473,0.5167759656906128,0.5429219007492065
eccb4617-8373-4c4f-b49e-bb2d72bce8d8-1430035348191-1.7-m-26-hu.wav,hungry,-370.5240478515625,126.04408264160156,-65.7149887084961,8.37286376953125,-14.977090835571289,-30.704566955566406,15.074315071105957,-17.796525955200195,-18.036209106445312,-0.8655710220336914,-21.784971237182617,-13.616656303405762,-7.688742637634277,8351.7119140625,1065.8359375,2622.526123046875,436.193603515625,542.1138305664062,211.97071838378906,360.3061828613281,96.6070785522461,120.22866821289062,156.499755859375,90.25376892089844,65.06108856201172,143.07974243164062,1.686983585357666,1.1297318935394287,-0.08194348961114883,-0.0006165352533571422,-0.24486380815505981,-0.1934950202703476,0.02644824981689453,-0.14934444427490234,0.04129127785563469,0.005305505823343992,-0.24778136610984802,0.017819343134760857,-0.0040904805064201355,153.57778930664062,34.46847152709961,55.36894989013672,19.73052406311035,12.209795951843262,8.014927864074707,4.972066879272461,3.2210023403167725,3.1463522911071777,4.245370864868164,2.6674787998199463,3.3579370975494385,5.341054439544678,-0.4862499237060547,-0.25578591227531433,0.2648214101791382,0.14241153001785278,-0.09140302985906601,-0.06941089034080505,-0.015773504972457886,0.06095024198293686,0.09035520255565643,-0.04570750892162323,-0.10601270943880081,-0.019179683178663254,0.015290594659745693,27.797508239746094,7.817418098449707,9.797075271606445,6.691122531890869,4.451482772827148,3.1968770027160645,1.0321879386901855,1.5434526205062866,1.2375133037567139,1.2218914031982422,1.0908619165420532,1.6339281797409058,1.447584867477417
ed31b187-34af-4ff1-979c-3b8a5905fb7b-1430044808480-1.7-m-04-hu.wav,hungry,-280.35418701171875,110.28388214111328,-96.3911361694336,48.54201126098633,-9.920860290527344,-29.069250106811523,30.8221378326416,-28.687177658081055,-17.3866024017334,4.500370979309082,-13.7225341796875,-1.1163926124572754,-11.794281959533691,10409.6728515625,603.8081665039062,3804.116455078125,850.4388427734375,151.48312377929688,324.0251770019531,314.9959716796875,172.62081909179688,94.38040161132812,80.45293426513672,60.67769241333008,38.605106353759766,89.73184204101562,2.7488322257995605,0.5052260756492615,-1.1320756673812866,0.41202524304389954,0.06662530452013016,-0.20172904431819916,0.3312242329120636,0.07736753672361374,-0.13530342280864716,-0.10163464397192001,0.10695749521255493,-0.0011508413590490818,-0.28337863087654114,220.32496643066406,26.02619743347168,63.56081008911133,18.886354446411133,4.163324356079102,7.16663122177124,4.418777942657471,5.920106887817383,3.1794514656066895,3.2924187183380127,1.5388480424880981,1.4765013456344604,1.369712233543396,-0.9512061476707458,-0.4941278100013733,0.4459860026836395,-0.23598457872867584,0.19352300465106964,0.2676107585430145,-0.048002902418375015,0.3020194172859192,0.0930280089378357,-0.0788152739405632,-0.00978174526244402,-0.10376539826393127,0.019616449251770973,73.86148834228516,8.21444320678711,15.74472713470459,5.654860496520996,1.596174955368042,3.0765202045440674,2.012578010559082,1.893747329711914,1.45612633228302,0.9198195934295654,0.3399556875228882,0.8333037495613098,0.5784714818000793
ed31b187-34af-4ff1-979c-3b8a5905fb7b-1430044853892-1.7-f-04-hu.wav,hungry,-340.4930114746094,143.83140563964844,-57.25374984741211,16.74636459350586,-9.334988594055176,-20.95320701599121,10.399325370788574,-24.599170684814453,-8.195130348205566,-1.9974929094314575,-23.205869674682617,-2.423358201980591,-6.430990695953369,12767.326171875,1424.8065185546875,2689.47802734375,790.3043823242188,121.32588958740234,191.58363342285156,144.43148803710938,423.7214660644531,86.2604751586914,149.9545135498047,170.77880859375,45.715606689453125,47.59103775024414,4.331470966339111,1.4665518999099731,-1.7031689882278442,0.6460562944412231,0.01878415048122406,-0.4869956076145172,0.24164226651191711,-0.29536575078964233,0.1534377932548523,0.26283344626426697,-0.3187786340713501,0.053179170936346054,0.10142440348863602,167.97970581054688,31.573959350585938,31.79998207092285,23.91292953491211,3.9836864471435547,7.5541558265686035,4.131721019744873,3.5138628482818604,2.4451446533203125,1.567942500114441,5.862270355224609,1.7527893781661987,1.6720867156982422,-0.4917381703853607,-0.48028722405433655,0.004265967756509781,0.1580418348312378,0.003008635714650154,0.03560785949230194,0.04037870839238167,0.03771050274372101,0.08667025715112686,0.00809461809694767,0.01631157286465168,0.03989172354340553,-0.03734157979488373,20.992626190185547,8.645931243896484,7.316006183624268,6.399426460266113,2.4062836170196533,2.13547682762146,1.196792483329773,0.7874895334243774,0.919264018535614,0.5560190081596375,0.9270142912864685,0.7508857250213623,0.7824283242225647
ed31b187-34af-4ff1-979c-3b8a5905fb7b-1430044897699-1.7-f-48-hu.wav,hungry,-381.9640197753906,145.95457458496094,-71.06102752685547,28.350872039794922,-10.680448532104492,-31.322660446166992,18.968055725097656,-13.134281158447266,-10.5750093460083,-8.542987823486328,-19.20694351196289,-1.9769059419631958,-13.310834884643555,7402.337890625,1949.7022705078125,1947.1121826171875,382.8067626953125,301.82672119140625,266.09075927734375,273.7799072265625,194.92384338378906,123.32616424560547,85.0798568725586,92.26732635498047,66.49022674560547,40.000370025634766,5.7047529220581055,2.4787991046905518,-1.9873727560043335,-0.30061110854148865,0.16739973425865173,0.05224709212779999,-0.030931590124964714,-0.2869919538497925,0.13596181571483612,-0.16940954327583313,-0.22139891982078552,0.06073927506804466,-0.3067575991153717,397.8790588378906,65.99057006835938,88.67210388183594,13.045836448669434,5.816093444824219,9.160733222961426,7.948751449584961,6.987910270690918,4.058562755584717,3.331657886505127,3.4208996295928955,2.679074764251709,1.8027513027191162,0.00907544419169426,-0.090035580098629,0.050016604363918304,-0.21706639230251312,0.09900190681219101,0.25962355732917786,-0.11168378591537476,0.003201924730092287,0.05209513008594513,-0.023173699155449867,0.02714654430747032,-0.013468937948346138,0.03374386206269264,60.826942443847656,13.556264877319336,19.467063903808594,6.117898464202881,2.494758129119873,5.006515979766846,2.4875688552856445,2.516019105911255,2.112834930419922,0.601762056350708,0.42684677243232727,0.8214346766471863,0.4616601765155792
ed31b187-34af-4ff1-979c-3b8a5905fb7b-1430045366784-1.7-f-04-hu.wav,hungry,-378.6242370605469,175.87269592285156,-102.07498931884766,19.799318313598633,-18.69092559814453,-22.386201858520508,26.57009506225586,-22.8917179107666,-1.6745938062667847,-3.9246137142181396,-18.808853149414062,7.596630573272705,-16.577959060668945,7164.8359375,1381.99560546875,2014.778076171875,707.1851196289062,127.87899017333984,166.51414489746094,141.9147186279297,166.04745483398438,85.17417907714844,42.26780319213867,47.29981994628906,58.669647216796875,84.41690063476562,5.461199760437012,1.450748324394226,-1.704880952835083,0.6684626340866089,-0.24461932480335236,-0.4232998788356781,0.21250781416893005,-0.3795715868473053,0.298688143491745,0.17752471566200256,-0.2977394759654999,0.0041418480686843395,-0.24769367277622223,219.95474243164062,52.41907501220703,53.24325942993164,5.498695373535156,4.523756504058838,2.788278818130493,5.329555988311768,6.065573692321777,1.5232746601104736,1.5428184270858765,1.4389947652816772,1.4681442975997925,1.7230559587478638,0.15746890008449554,-0.4850686192512512,-0.006198766175657511,-0.0027034967206418514,0.08857002854347229,0.07313808798789978,-0.030644219368696213,0.04976298287510872,-0.04038241133093834,0.006780263502150774,0.10292507708072662,-0.024377429857850075,-0.032564301043748856,29.98058319091797,3.3171398639678955,16.586740493774414,2.4549012184143066,1.7686562538146973,0.9547103643417358,1.987119436264038,1.35133957862854,0.5006138682365417,0.5331104397773743,0.5199021100997925,0.46092489361763,0.5360656380653381
edb5924c-07ba-4eaa-838b-aaf9511a219b-1431894189631-1.7-m-48-hu.wav,hungry,-265.46826171875,135.94003295898438,-87.32427215576172,30.116548538208008,-29.460451126098633,-33.657989501953125,26.93136215209961,-21.856956481933594,-5.170158863067627,-5.692066669464111,-22.061079025268555,8.06125259399414,-10.466912269592285,7616.208984375,1137.4608154296875,1940.217529296875,443.9364318847656,199.1610107421875,373.4847106933594,330.3387756347656,144.7748260498047,264.090087890625,113.7417221069336,77.47577667236328,228.68174743652344,138.34019470214844,2.3905844688415527,0.8882020115852356,-0.4298343360424042,0.8041655421257019,-0.11593636125326157,-0.35188740491867065,0.0800454318523407,-0.11361027508974075,0.2461475431919098,-0.06839348375797272,-0.14616826176643372,0.07661941647529602,-0.47023242712020874,274.054931640625,31.306884765625,88.1544189453125,17.8771915435791,8.041508674621582,11.386283874511719,16.694366455078125,5.829099655151367,11.394218444824219,4.786771774291992,2.99955153465271,9.554943084716797,4.445939540863037,-2.242778778076172,-0.8982395529747009,0.7949790954589844,-0.026301393285393715,0.3585418462753296,0.3700162172317505,-0.16206024587154388,0.06452521681785583,0.06626870483160019,0.1386367529630661,0.04779776185750961,-0.3020786941051483,-0.20077145099639893,140.67697143554688,23.039480209350586,36.03549575805664,5.7106757164001465,4.9287896156311035,5.315966606140137,6.249229431152344,2.280561923980713,5.643635272979736,1.5735831260681152,1.0750715732574463,2.980154275894165,3.0691378116607666
edb5924c-07ba-4eaa-838b-aaf9511a219b-1431899400326-1.7-m-48-hu.wav,hungry,-261.0644836425781,142.35939025878906,-80.95646667480469,-7.680719375610352,-6.862807273864746,-12.150269508361816,13.012826919555664,-14.8174409866333,-0.14179009199142456,-1.780106782913208,-20.828350067138672,0.19035229086875916,-6.034494400024414,8716.4130859375,1517.1563720703125,2350.563720703125,259.8458251953125,281.5828552246094,236.13983154296875,65.95811462402344,270.7994079589844,77.61947631835938,53.799522399902344,54.83222198486328,60.00686264038086,53.85370635986328,1.987287998199463,1.5186936855316162,0.06436867266893387,-0.0017351210117340088,-0.016711626201868057,0.04388032108545303,0.0054646204225718975,-0.25195765495300293,-0.08691655099391937,0.005767231807112694,-0.027161071076989174,0.08058519661426544,-0.09987048804759979,316.12646484375,70.48863220214844,59.34652328491211,10.246214866638184,10.265069007873535,11.506007194519043,2.9227213859558105,6.016822338104248,1.7909477949142456,1.2736258506774902,1.863218069076538,1.4210842847824097,1.2595041990280151,-0.2214568555355072,-0.14200745522975922,0.04273972287774086,-0.08348985761404037,-0.13415957987308502,-0.01963900960981846,-0.08996609598398209,-0.06135101988911629,0.026928935199975967,-0.07840365916490555,-0.010526658967137337,0.05022244155406952,-0.052312541753053665,51.17531204223633,11.525046348571777,13.437639236450195,5.866390228271484,4.14907693862915,2.9754457473754883,1.7909959554672241,1.559773325920105,0.4076513350009918,0.46147242188453674,0.64475417137146,0.4937213659286499,0.6160171031951904
efd13da0-d40e-48bc-b14e-dee28af4d3c6-1430728179252-1.7-m-22-hu.wav,hungry,-303.1348571777344,97.9045181274414,-88.46337127685547,10.90925407409668,-5.7884650230407715,-37.248741149902344,2.3236887454986572,-15.449065208435059,-4.9777960777282715,12.14118480682373,-3.4259798526763916,-0.46231451630592346,-12.365453720092773,8438.5869140625,409.1806335449219,3705.491455078125,229.76803588867188,197.1459503173828,477.138671875,101.09700012207031,144.10391235351562,215.50120544433594,390.22900390625,349.546630859375,260.44976806640625,311.73992919921875,3.5814273357391357,0.7671440839767456,-1.2616976499557495,0.19773611426353455,0.031103545799851418,-0.38371357321739197,0.0786798745393753,-0.15469039976596832,-0.23288515210151672,0.12461057305335999,0.28875038027763367,0.3190057873725891,0.04400220140814781,109.82699584960938,10.83590316772461,51.565040588378906,9.069830894470215,7.089748382568359,7.311805248260498,3.812711000442505,3.395103931427002,7.196728229522705,6.100660800933838,5.430447101593018,4.997604846954346,7.409733772277832,0.17649167776107788,-0.4826318323612213,0.19179944694042206,0.11464671790599823,0.08350716531276703,0.08054284006357193,-0.03563890606164932,0.11606660485267639,0.07979187369346619,-0.006940063089132309,0.06882069259881973,0.04747612029314041,0.03549540042877197,22.775606155395508,3.5944578647613525,10.036352157592773,2.8510143756866455,1.7718161344528198,2.245769739151001,1.0088200569152832,1.0594937801361084,1.5215907096862793,0.7980147004127502,0.8621853590011597,0.8236606121063232,0.771372377872467
F1AF5794-AD3B-4181-B010-AB835E5BDA64-1430441342-1.0-m-72-hu.wav,hungry,-359.78192138671875,118.92561340332031,-81.12572479248047,21.575254440307617,-19.264284133911133,-27.414485931396484,13.989164352416992,-21.308250427246094,-1.2049190998077393,-5.422061920166016,-20.901315689086914,1.0458569526672363,-14.463322639465332,5683.15576171875,816.61376953125,870.2525634765625,286.44677734375,340.54779052734375,149.86990356445312,231.22596740722656,223.3227996826172,20.0015811920166,34.18082046508789,52.368045806884766,129.60813903808594,114.59722900390625,2.001100778579712,0.43198439478874207,-0.4314165413379669,0.24458269774913788,-0.6055494546890259,-0.4442390203475952,0.09096572548151016,-0.2533878982067108,-0.001264810562133789,0.12830834090709686,0.10254951566457748,0.4249631464481354,0.4113374352455139,169.36146545410156,24.464500427246094,24.679615020751953,10.551475524902344,6.433428764343262,3.402766466140747,4.563281536102295,4.027499675750732,0.5979912281036377,1.0061404705047607,2.5671021938323975,3.3929381370544434,2.345951557159424,-0.05973649397492409,-0.12348926067352295,0.2920568585395813,-0.021823503077030182,0.04279636964201927,0.12719805538654327,-0.02645763009786606,0.07216961681842804,-0.02742735669016838,-0.09257470816373825,0.008113875053822994,-0.06037553772330284,-0.04428964853286743,29.808629989624023,5.08469295501709,7.936398029327393,4.397263050079346,1.2361570596694946,1.4081989526748657,0.9965036511421204,0.7910125255584717,0.3654766082763672,0.5286678671836853,0.7706422209739685,1.0414451360702515,0.8899222016334534
F24DE44B-762C-4149-AC92-96A5E57ED118-1430816918-1.0-m-04-hu.wav,hungry,-325.93121337890625,90.62567901611328,-47.220619201660156,9.616843223571777,-10.594609260559082,-30.33265495300293,-17.212181091308594,-26.4039249420166,-1.1520600318908691,-8.522494316101074,-21.02790641784668,9.686931610107422,5.168756484985352,6693.09228515625,734.0388793945312,1325.8360595703125,161.69515991210938,64.94193267822266,311.5054626464844,105.3658447265625,55.518428802490234,149.4004669189453,39.641380310058594,93.57962799072266,168.5755615234375,131.62644958496094,0.6411633491516113,0.48141053318977356,-0.0049461303278803825,-0.12371155619621277,-0.16292829811573029,0.10165001451969147,0.1644323617219925,-0.16304482519626617,-0.09213493019342422,0.045035332441329956,-0.07336865365505219,-0.019843900576233864,-0.03774848207831383,78.58345031738281,11.707734107971191,16.92522621154785,4.3933210372924805,1.5282678604125977,5.22633695602417,3.83758544921875,0.6184785962104797,2.5899269580841064,1.600846290588379,1.8301513195037842,3.337193012237549,5.009435653686523,0.007884502410888672,0.2525046467781067,0.2526487708091736,-0.07002794742584229,-0.003264087252318859,0.08142003417015076,0.02992783673107624,0.02610858902335167,-0.025877155363559723,0.029027368873357773,0.07967649400234222,0.01998436637222767,0.04266485199332237,15.63343334197998,3.1526095867156982,5.2110371589660645,1.305915117263794,0.9424866437911987,0.959787905216217,1.0250657796859741,0.1778460592031479,0.7627355456352234,0.756445050239563,0.6050736308097839,0.8149200677871704,1.5820859670639038
F24DE44B-762C-4149-AC92-96A5E57ED118-1430816936-1.0-m-04-hu.wav,hungry,-282.7882995605469,97.32278442382812,-51.5050163269043,11.38252067565918,-21.953920364379883,-32.62997817993164,-11.499999046325684,-30.290340423583984,0.2523764967918396,-8.53792667388916,-25.451414108276367,6.597270488739014,-5.110427379608154,2060.583984375,401.8082580566406,252.01585388183594,172.77066040039062,50.03907775878906,55.847755432128906,94.73469543457031,59.1751594543457,32.4688606262207,55.75416564941406,71.29560089111328,29.643592834472656,66.69512939453125,2.87862229347229,0.7860063314437866,-0.8949398398399353,0.19069701433181763,-0.16104942560195923,-0.18145644664764404,0.045192617923021317,-0.1372583955526352,0.2176208645105362,0.0019322329899296165,-0.0215016957372427,0.2181452214717865,-0.2910633385181427,94.81146240234375,11.898842811584473,11.887534141540527,4.92513370513916,1.0332738161087036,1.8796331882476807,1.9270702600479126,1.06794273853302,1.0056804418563843,1.600684642791748,2.4808051586151123,1.2517353296279907,1.4308383464813232,-1.1833746433258057,-0.8824961185455322,0.4338371455669403,-0.023270145058631897,0.10924670100212097,0.3024829030036926,0.09614367038011551,0.1713758409023285,-0.03255948796868324,0.02623027190566063,0.2362298220396042,-0.07823988050222397,-0.16887134313583374,26.9325008392334,8.965806007385254,3.2812023162841797,1.163856863975525,0.4681888222694397,1.0854439735412598,0.40168750286102295,0.5220322608947754,0.41110745072364807,0.43856093287467957,1.4302728176116943,0.538145124912262,0.8198183178901672
F2F97740-D638-4B6F-9E09-3AC65F06B448-1436849313-1.1-f-48-hu.wav,hungry,-261.0343322753906,159.98280334472656,-95.20804595947266,36.707847595214844,-15.716240882873535,-25.972166061401367,21.613468170166016,-29.16147232055664,0.18341174721717834,-4.9411468505859375,-27.667984008789062,5.294789791107178,-15.986895561218262,6145.3349609375,609.5924072265625,1487.537109375,403.5755920410156,87.16593933105469,92.99419403076172,228.61935424804688,177.92401123046875,76.54646301269531,51.99970245361328,70.32451629638672,80.1369857788086,81.57041931152344,3.7178378105163574,0.8131594657897949,-1.532057285308838,0.19804780185222626,-0.3402951955795288,-0.037494808435440063,0.4264237880706787,-0.2292402982711792,0.26961749792099,0.10948655009269714,-0.1340945065021515,0.16795361042022705,-0.396188884973526,174.0528106689453,15.277741432189941,46.76713562011719,9.952488899230957,1.8749017715454102,3.7302944660186768,6.305319786071777,4.996408939361572,2.912635326385498,1.6975232362747192,1.6070683002471924,2.132720708847046,2.836789131164551,1.5752053260803223,0.5610221028327942,-0.2589496076107025,0.0452427864074707,-0.1278347373008728,-0.10075528919696808,0.12435130029916763,0.00014299027679953724,-0.051449477672576904,-0.060839395970106125,-0.1028943806886673,0.02858046442270279,0.04532480239868164,105.16890716552734,18.64470100402832,14.651823043823242,2.458799123764038,0.9155492782592773,1.1181886196136475,2.7344272136688232,1.2704555988311768,0.676964521408081,0.5021026134490967,0.9451925158500671,0.6142333149909973,1.3411290645599365
F2F97740-D638-4B6F-9E09-3AC65F06B448-1436849335-1.1-f-48-hu.wav,hungry,-294.55255126953125,169.7231903076172,-76.9685287475586,24.687715530395508,-12.174768447875977,-23.3558292388916,14.600296020507812,-25.344532012939453,-5.575417518615723,-9.715779304504395,-22.638708114624023,1.903411865234375,-16.521041870117188,4795.6728515625,689.4356079101562,1162.3651123046875,165.8663330078125,114.92630004882812,112.58074188232422,117.70304870605469,69.97222137451172,87.6950454711914,31.88298225402832,31.73631477355957,49.64490509033203,55.186973571777344,2.6608898639678955,1.031796932220459,-0.5364190936088562,0.35175076127052307,-0.3186987340450287,-0.46490904688835144,-0.030424270778894424,-0.282397598028183,-0.16326989233493805,-0.19217924773693085,-0.07437632232904434,0.16617760062217712,-0.14513301849365234,177.8052215576172,16.645347595214844,36.77168273925781,7.016624927520752,3.763231039047241,2.1923959255218506,2.9986188411712646,3.2543272972106934,1.0682214498519897,0.9955775737762451,1.039554238319397,2.364306926727295,2.367130756378174,1.078403115272522,0.43543577194213867,-0.3217090368270874,-0.014838049188256264,0.22164715826511383,0.0156522486358881,-0.04248488321900368,0.07379046827554703,0.1106337457895279,0.11182019859552383,0.0034024512860924006,-0.06259611994028091,-0.009030324406921864,78.55894470214844,14.176176071166992,11.254639625549316,1.4198607206344604,1.2548315525054932,0.8821500539779663,1.0568703413009644,0.8850508332252502,0.8756697773933411,0.3398306667804718,0.4822383224964142,0.5487750768661499,0.7921138405799866
F3BAEDDA-CDC0-4A65-90EE-5C372CEE4F3B-1437012044-1.1-m-26-hu.wav,hungry,-267.3218078613281,133.7221221923828,-74.28482055664062,34.68548583984375,-9.677804946899414,-33.23567199707031,8.703412055969238,-13.28619384765625,5.868329048156738,-6.245993614196777,-19.602582931518555,5.046874523162842,-12.42608642578125,2582.73828125,187.80453491210938,1390.988037109375,572.0169067382812,103.79733276367188,57.419776916503906,172.98312377929688,106.8255615234375,157.2761688232422,123.63919830322266,177.58432006835938,336.2019348144531,95.57036590576172,0.6253282427787781,-0.48785465955734253,-0.42626288533210754,0.502518892288208,0.08418361842632294,-0.1428833305835724,0.3316569924354553,0.11000955104827881,-0.23746329545974731,-0.10414908826351166,0.06157667189836502,0.1527504026889801,0.12482932209968567,31.762887954711914,4.325202941894531,14.81838321685791,5.208795070648193,1.9801353216171265,2.4148919582366943,2.180980920791626,2.062502861022949,2.0787625312805176,4.441946029663086,3.100084066390991,6.073554039001465,3.0575501918792725,0.07524043321609497,-0.18471656739711761,0.06348499655723572,-0.012255013920366764,0.05274539813399315,-0.03208383545279503,-0.06891044974327087,0.11459014564752579,0.036277394741773605,-0.005551286041736603,-0.015385458245873451,-0.04439267888665199,0.07530849426984787,5.930235385894775,1.8510949611663818,2.4547278881073,1.5860416889190674,0.7031272053718567,0.6250050067901611,0.6240495443344116,0.7460057735443115,0.5239904522895813,1.2489928007125854,0.984290599822998,1.2102819681167603,0.9562617540359497
F3BAEDDA-CDC0-4A65-90EE-5C372CEE4F3B-1437012059-1.1-m-26-hu.wav,hungry,-270.7533874511719,141.34445190429688,-95.88613891601562,48.902313232421875,-8.215108871459961,-25.0132999420166,20.45831871032715,-24.815977096557617,5.5320725440979,-7.135009288787842,-25.18686866760254,13.035690307617188,-7.903569221496582,5244.38525390625,553.73193359375,1138.8209228515625,621.036865234375,72.29105377197266,51.85476303100586,159.50608825683594,52.68393325805664,167.42843627929688,71.55021667480469,36.167625427246094,181.06790161132812,133.20639038085938,1.6775373220443726,1.0306715965270996,-0.2432088702917099,0.011696328409016132,-0.17544503509998322,-0.22024042904376984,0.12238267064094543,-0.13757675886154175,-0.19478154182434082,-0.03656896576285362,-0.1313001811504364,-0.05412246659398079,-0.017580121755599976,106.24311065673828,22.845327377319336,16.22736167907715,8.169220924377441,3.4249134063720703,2.2258639335632324,3.1182332038879395,1.0909411907196045,3.4078943729400635,1.7957035303115845,1.3909780979156494,2.8299736976623535,4.024872779846191,0.458395779132843,0.14394429326057434,-0.013789805583655834,0.30596694350242615,0.1130228042602539,0.09652876108884811,0.045358140021562576,-0.07634269446134567,0.07157450169324875,0.003127921838313341,-0.013820866122841835,-0.0018791999900713563,-0.1543901562690735,54.19721221923828,6.250430583953857,7.658156871795654,4.521103382110596,0.5066276788711548,0.4725484251976013,0.7935785055160522,0.7089430093765259,0.9484440684318542,0.2535755932331085,1.2087798118591309,0.5176229476928711,0.9078535437583923
F3BAEDDA-CDC0-4A65-90EE-5C372CEE4F3B-1437012076-1.1-f-26-hu.wav,hungry,-317.6734313964844,143.71327209472656,-71.07415008544922,35.8089485168457,-8.740716934204102,-26.53663444519043,13.67095947265625,-23.481243133544922,-2.5882718563079834,-6.205265998840332,-24.972850799560547,2.7064852714538574,-11.938491821289062,4070.7919921875,454.46966552734375,957.0020751953125,255.87057495117188,28.94484519958496,26.58110237121582,71.67079162597656,58.99711227416992,110.3891830444336,34.40444564819336,50.56182098388672,106.34406280517578,21.05883026123047,3.013746976852417,1.027940273284912,-0.9183695316314697,0.024211369454860687,-0.3335227072238922,-0.1857306957244873,0.20470653474330902,-0.15294787287712097,0.06248925253748894,-0.09658712893724442,-0.23365260660648346,0.09093555808067322,-0.11736692488193512,196.66473388671875,11.255464553833008,44.632022857666016,7.266378879547119,0.8398247361183167,0.5682318806648254,2.9879279136657715,2.1577985286712646,2.404482364654541,0.8697345852851868,1.951610803604126,2.8854503631591797,0.7562643885612488,0.8350281119346619,0.4511520564556122,0.13632705807685852,-0.06098044663667679,-0.11890992522239685,0.007842250168323517,0.05522837117314339,0.029675530269742012,0.05352219194173813,0.09115944802761078,0.023191804066300392,-0.026069683954119682,0.032219041138887405,54.370994567871094,10.322575569152832,5.721538066864014,1.1684123277664185,0.4365639388561249,0.3284071385860443,0.6129505038261414,0.6307970881462097,0.3195395767688751,0.3393131196498871,0.5980504751205444,0.37995415925979614,0.36936789751052856
F4A0C710-AC2D-42E0-8EA9-3E4CAC31EE20-1430318390-1.0-m-04-hu.wav,hungry,-286.84942626953125,126.62086486816406,-103.9106674194336,20.509082794189453,-23.634357452392578,-29.44782066345215,25.587926864624023,-19.557537078857422,-2.1389901638031006,-0.6620860695838928,-20.19975471496582,-0.6850213408470154,-19.179737091064453,2669.33056640625,238.6942596435547,878.2701416015625,320.2816467285156,109.4560546875,68.68864440917969,202.10794067382812,87.34365844726562,194.13201904296875,124.0865707397461,123.8212890625,79.12515258789062,121.19776153564453,-0.9744133353233337,0.16283348202705383,0.5843536853790283,-0.6002445220947266,-0.2212771326303482,-0.1971687525510788,-0.16535814106464386,0.12861250340938568,-0.3287203311920166,-0.12480076402425766,0.2837667465209961,-0.17614728212356567,-0.3096579611301422,88.48587036132812,11.155370712280273,25.663022994995117,11.00924015045166,3.1093838214874268,2.3360466957092285,7.154019832611084,4.204806327819824,8.387764930725098,3.5933101177215576,4.352249622344971,3.0949501991271973,2.704258918762207,-0.19470734894275665,0.03511390462517738,0.15266984701156616,-0.27942711114883423,-0.049274321645498276,0.056753117591142654,-0.14419181644916534,0.11405976116657257,-0.04547706991434097,-0.1138821542263031,-0.01996254175901413,-0.1174301877617836,0.037995968014001846,33.421504974365234,4.2855329513549805,10.846893310546875,3.2963409423828125,1.201381802558899,0.8059257864952087,1.8058346509933472,1.1765445470809937,2.455725908279419,1.0875942707061768,1.1558215618133545,0.9730404615402222,0.8519353866577148
F4A0C710-AC2D-42E0-8EA9-3E4CAC31EE20-1430318400-1.0-m-04-hu.wav,hungry,-285.7789306640625,127.24203491210938,-94.85225677490234,1.9432804584503174,-29.430994033813477,-31.20088005065918,17.074588775634766,-14.665700912475586,-1.0156333446502686,-8.267922401428223,-23.972299575805664,-3.209575653076172,-13.518001556396484,4844.46826171875,717.1909790039062,1138.802734375,235.31727600097656,143.8694305419922,140.131103515625,127.03028106689453,43.003116607666016,106.01177215576172,46.533203125,46.37726593017578,78.1615982055664,115.83847045898438,0.9481131434440613,0.47587576508522034,-0.14610163867473602,0.036507099866867065,-0.14255626499652863,-0.0037178797647356987,-0.042402226477861404,-0.1748208999633789,0.10525362193584442,-0.08030445873737335,-0.14823274314403534,-0.038714271038770676,-0.2812992036342621,170.28939819335938,27.768957138061523,43.37236785888672,7.571249485015869,4.783727645874023,4.1879706382751465,5.323723793029785,1.7499349117279053,4.918138027191162,1.7079436779022217,1.876198410987854,2.8070545196533203,4.979356288909912,-1.402024507522583,-0.6033419966697693,0.5459854602813721,0.051672473549842834,0.16786833107471466,0.291236013174057,-0.04880870506167412,-0.0005315053858794272,0.06545247882604599,-0.002201944822445512,-0.06689043343067169,-0.13275490701198578,-0.13296569883823395,115.06307220458984,19.944765090942383,19.78895378112793,3.0902159214019775,3.7551729679107666,3.8210906982421875,2.0169386863708496,0.6141637563705444,1.024070143699646,0.5876362323760986,1.0115833282470703,2.2123475074768066,1.6575980186462402
F4A0C710-AC2D-42E0-8EA9-3E4CAC31EE20-1430318416-1.0-m-04-hu.wav,hungry,-213.50978088378906,122.00121307373047,-120.5075454711914,42.900150299072266,-20.310352325439453,-28.072681427001953,31.079925537109375,-22.44279670715332,3.066702365875244,-9.299245834350586,-21.63928985595703,17.774330139160156,-14.155123710632324,10156.1923828125,1084.2913818359375,1559.5013427734375,1253.7589111328125,140.1798095703125,88.10645294189453,220.5059814453125,90.40282440185547,147.75418090820312,62.69231033325195,57.56193542480469,172.72508239746094,130.77101135253906,2.3019254207611084,0.5299167037010193,-1.326515793800354,0.1341189295053482,-0.11481790989637375,-0.36569246649742126,0.1650138944387436,-0.23390527069568634,-0.3585246503353119,-0.17557546496391296,0.09367521107196808,0.34849831461906433,0.05024399608373642,283.3127746582031,40.8903694152832,41.288169860839844,33.5752067565918,4.646651268005371,3.9130678176879883,5.303098201751709,3.3163535594940186,4.964899063110352,2.594954490661621,1.3060708045959473,5.608702182769775,4.4970197677612305,1.0339680910110474,0.8518040180206299,0.058342475444078445,-0.12841565907001495,-0.22925502061843872,-0.23306599259376526,-0.06807313114404678,-0.05850118398666382,-0.12338542938232422,-0.06390278041362762,-0.021258436143398285,-0.06906227022409439,-0.00296977860853076,123.4219970703125,31.47446632385254,10.871708869934082,3.6813154220581055,2.394747734069824,2.319192886352539,0.9221420288085938,1.381173849105835,0.8791452646255493,0.671159029006958,0.622676432132721,1.5774980783462524,0.9452889561653137
F4A65A98-ADEE-49C4-9B45-65A8429DF170-1430232330-1.0-m-72-hu.wav,hungry,-298.82611083984375,71.12043762207031,-71.15018463134766,36.42149353027344,-17.626298904418945,-21.522014617919922,23.772289276123047,-16.818592071533203,-0.9757295250892639,-2.6860601902008057,-15.960700988769531,8.854090690612793,3.273226499557495,13058.6611328125,1413.9232177734375,1594.199951171875,377.2077941894531,81.5128173828125,96.37368774414062,233.68194580078125,131.57601928710938,43.00189971923828,33.73777770996094,69.41492462158203,93.99198913574219,63.16755294799805,-3.6256680488586426,-1.1701977252960205,1.209567666053772,-0.5570913553237915,0.19872541725635529,0.08357612788677216,-0.4391498267650604,0.24330146610736847,0.06493595987558365,0.033369433134794235,0.10525159537792206,-0.1397465467453003,-0.19156429171562195,71.27777862548828,7.610583782196045,10.200113296508789,3.1129825115203857,1.8274966478347778,2.712229013442993,1.6781131029129028,2.2667646408081055,1.0959150791168213,0.9968572854995728,1.0193796157836914,1.1619250774383545,2.257028579711914,-0.045075710862874985,-0.14743991196155548,0.012532706372439861,0.034336965531110764,-0.0667678713798523,0.057293765246868134,-0.05697108432650566,-0.0032385808881372213,0.07967119663953781,0.012496973387897015,0.019715644419193268,-0.030757583677768707,-0.06294272840023041,9.96013069152832,1.7712254524230957,1.1954004764556885,0.6410313844680786,0.5441935062408447,0.8552674651145935,0.3511214256286621,0.5017199516296387,0.31031984090805054,0.2641896605491638,0.35307061672210693,0.5325448513031006,0.8488075733184814
f5b29377-7cd6-4688-942c-5a07add39dc5-1437178455960-1.7-f-26-hu.wav,hungry,-301.2673034667969,118.12138366699219,-72.2825927734375,-17.042966842651367,-15.24427604675293,-22.692014694213867,16.396076202392578,-4.511472702026367,-17.10495948791504,-7.40975284576416,-11.206579208374023,-4.5612688064575195,-4.406914710998535,13377.486328125,2067.36669921875,3834.16357421875,710.8681640625,308.7115783691406,257.9435729980469,265.763671875,272.6460266113281,145.19305419921875,118.37999725341797,123.7094955444336,140.64581298828125,55.60154342651367,2.1830344200134277,0.45480775833129883,-1.3890130519866943,-1.0379736423492432,-0.6840571761131287,-0.015840938314795494,0.5439791679382324,0.13251101970672607,-0.1970497965812683,-0.19473828375339508,-0.01267069298774004,0.2783602178096771,0.16807720065116882,234.44515991210938,33.3695068359375,82.7984390258789,20.59774398803711,14.227398872375488,3.7055599689483643,13.226211547851562,7.089748382568359,5.773548603057861,3.320864200592041,4.478377819061279,5.333896160125732,1.7699979543685913,0.9153181910514832,0.06713416427373886,-0.34630516171455383,-0.20790404081344604,-0.27046263217926025,-0.12807023525238037,0.11481063067913055,0.09701099991798401,0.04053690284490585,0.0004068204143550247,-0.04851406067609787,-0.022458091378211975,0.05602544918656349,38.18950653076172,7.69071102142334,16.793304443359375,5.318295001983643,2.778477430343628,1.0966452360153198,2.946561813354492,1.6815215349197388,1.8847578763961792,1.4856815338134766,1.7868845462799072,1.2310549020767212,0.7300266623497009
F6C6D3EE-F139-48A4-9EAC-0A50EB011CDC-1430103957-1.0-m-04-hu.wav,hungry,-164.0004119873047,109.33822631835938,-132.21517944335938,47.27756881713867,-14.276876449584961,-33.33134841918945,35.97490692138672,-11.512057304382324,3.1296584606170654,-8.789217948913574,-19.749298095703125,20.25728416442871,-4.332345962524414,3934.34033203125,306.2908020019531,966.9625854492188,1040.8797607421875,254.41661071777344,117.20150756835938,124.17749786376953,227.55181884765625,170.07440185546875,122.1345443725586,160.8935089111328,257.2597351074219,197.4789276123047,0.6543859839439392,0.1087418794631958,0.307190865278244,-0.2880156934261322,-0.05776060000061989,0.09292586147785187,0.29753273725509644,0.642036497592926,-0.12908703088760376,-0.4297797977924347,-0.034360822290182114,-0.021807244047522545,0.2644902169704437,147.66384887695312,12.100029945373535,24.3858642578125,6.167165756225586,6.351563930511475,3.539165735244751,5.673264026641846,2.5652787685394287,4.933716297149658,4.461131572723389,7.139743804931641,7.980151176452637,6.737595081329346,0.524908721446991,-0.12867575883865356,0.2417028248310089,0.0166285689920187,0.048911429941654205,0.12035057693719864,0.011753812432289124,-0.04648361727595329,-0.18585829436779022,-0.062188901007175446,0.14362365007400513,0.18169043958187103,0.13944222033023834,23.307466506958008,4.217071056365967,7.395392417907715,1.143186330795288,2.104863166809082,1.2643522024154663,1.6608649492263794,1.4006365537643433,1.9964721202850342,1.2595068216323853,3.0267388820648193,2.6749267578125,2.4028327465057373
F6C6D3EE-F139-48A4-9EAC-0A50EB011CDC-1430103974-1.0-m-04-hu.wav,hungry,-300.0563049316406,109.64521026611328,-76.3277587890625,-9.932435989379883,-8.44428825378418,-20.782421112060547,6.275252342224121,-9.21186351776123,-8.98985481262207,-11.899917602539062,-14.030491828918457,1.7050373554229736,-9.156510353088379,3395.997314453125,610.75341796875,582.9995727539062,145.29818725585938,75.12213897705078,327.81927490234375,95.76981353759766,57.59541320800781,84.6173095703125,40.167518615722656,64.01795959472656,116.85205841064453,101.48306274414062,0.8891680240631104,0.3335186839103699,-0.6195265054702759,-0.30478423833847046,-0.1593203991651535,-0.3835301101207733,-0.13937975466251373,0.164308562874794,0.02811821736395359,-0.1976427584886551,-0.13786238431930542,-0.005711754783987999,-0.05229103937745094,100.3300552368164,20.425434112548828,21.466094970703125,5.721631050109863,2.5001749992370605,10.163183212280273,4.313775062561035,2.93302845954895,3.686767339706421,1.9421336650848389,3.390976667404175,3.5621187686920166,3.9261059761047363,1.1319420337677002,0.544040858745575,-0.2735380530357361,0.11566928774118423,-0.043942902237176895,-0.17607808113098145,0.006731654517352581,0.040355339646339417,0.0836498960852623,-0.03776397928595543,-0.005696543958038092,0.12482164055109024,0.0010563337709754705,29.97694206237793,7.354665756225586,5.277398109436035,1.4708596467971802,0.8689286112785339,2.6116979122161865,1.812827467918396,0.6906239986419678,1.3556064367294312,0.4262109398841858,1.2907804250717163,1.5540508031845093,1.4347649812698364
f896b69d-6241-4b51-9c45-0d628bc827c1-1430090255303-1.7-m-04-hu.wav,hungry,-275.32672119140625,152.1274871826172,-58.48235321044922,13.052227020263672,-14.41392993927002,-32.664493560791016,10.13015079498291,-19.44881248474121,-11.742294311523438,12.705440521240234,3.3750643730163574,4.649962425231934,-10.420721054077148,8271.798828125,1399.6971435546875,2211.929443359375,436.433837890625,235.41439819335938,283.8125305175781,110.4400863647461,268.9311828613281,208.35708618164062,169.9479217529297,173.22837829589844,242.38003540039062,159.64224243164062,5.0419111251831055,1.8760932683944702,-1.1199787855148315,0.35922184586524963,-0.3239371180534363,-0.4548805356025696,0.3279522657394409,-0.07232431322336197,0.12405908852815628,0.089869424700737,-0.06933329254388809,0.31467583775520325,0.04577172175049782,158.6996307373047,49.470664978027344,54.071388244628906,6.577880859375,11.332350730895996,12.083097457885742,2.5560600757598877,7.114768028259277,8.0079984664917,6.205048084259033,6.039511203765869,8.697774887084961,3.7467293739318848,-0.630801796913147,-0.6633561253547668,0.496052086353302,-0.007479408755898476,-0.03849586471915245,0.08269460499286652,-0.021261977031826973,0.16386467218399048,0.11812112480401993,-0.04360254853963852,-0.1820686012506485,-0.07341223210096359,0.2207045704126358,33.10829544067383,12.94608211517334,9.954631805419922,3.9653050899505615,3.48130202293396,3.717026472091675,1.253252387046814,2.1890158653259277,2.718022108078003,2.0532524585723877,2.642299175262451,1.8124644756317139,1.1513259410858154
f896b69d-6241-4b51-9c45-0d628bc827c1-1430090274181-1.7-m-04-hu.wav,hungry,-350.8077697753906,120.54322814941406,5.047309875488281,10.369860649108887,-7.462979793548584,-29.25786781311035,-7.26265811920166,-5.292783737182617,-14.959489822387695,-11.366256713867188,-5.673004150390625,0.25840112566947937,1.8875534534454346,6370.33154296875,1401.3681640625,1979.0,275.5997619628906,290.07769775390625,702.6048583984375,76.89258575439453,47.809078216552734,119.35713195800781,61.228309631347656,54.58747482299805,124.49964904785156,140.51170349121094,2.4214160442352295,1.4708116054534912,-0.12998296320438385,-0.08779866993427277,-0.2437431514263153,-0.40067237615585327,-0.25080016255378723,-0.16105248034000397,-0.11951789259910583,-0.07835415750741959,0.16422079503536224,0.24990446865558624,0.16348598897457123,121.3593521118164,36.90361404418945,38.46063232421875,9.127541542053223,6.773187637329102,14.193977355957031,2.383533477783203,1.2668631076812744,2.196658134460449,1.7275809049606323,1.3190377950668335,3.1388092041015625,2.8898675441741943,-0.5313397645950317,-0.5632739663124084,0.10750554502010345,0.07307861745357513,0.06765638291835785,0.1417568325996399,0.06915658712387085,0.07453342527151108,0.00878969393670559,-0.030084338039159775,-0.012975435703992844,-0.04039311781525612,0.05234959349036217,21.51093101501465,6.857803821563721,6.787563800811768,1.7895481586456299,1.1957515478134155,2.2148990631103516,0.5382993221282959,0.48882874846458435,1.1182907819747925,0.9191773533821106,0.7967122793197632,1.033677101135254,0.6307581663131714
f896b69d-6241-4b51-9c45-0d628bc827c1-1430090400166-1.7-m-72-hu.wav,hungry,-341.6260070800781,86.56912994384766,-83.17048645019531,4.379042148590088,19.093284606933594,-0.306745707988739,-0.20686714351177216,-37.571720123291016,-6.936191558837891,21.625761032104492,-13.796884536743164,-11.935111999511719,0.03298236057162285,3401.6298828125,1178.956298828125,4719.626953125,294.1827087402344,274.4729919433594,147.07237243652344,304.9587707519531,407.38818359375,551.9035034179688,487.71728515625,506.2145080566406,160.95701599121094,165.50889587402344,1.2312414646148682,0.9176824688911438,-0.20033466815948486,-0.24154816567897797,-0.11036932468414307,-0.29217126965522766,-0.12951306998729706,-0.0014981412095949054,-0.09309200197458267,0.0999734178185463,0.22871817648410797,0.1364719569683075,0.042214684188365936,108.41728210449219,34.9183464050293,127.01944732666016,12.70737361907959,8.419922828674316,3.61287260055542,15.5340576171875,9.811001777648926,19.630943298339844,12.01444149017334,14.810628890991211,5.158611297607422,3.593151092529297,-1.359371542930603,-0.8567701578140259,0.25697848200798035,0.08018473535776138,0.030635785311460495,0.08455531299114227,-0.05454294756054878,0.051794569939374924,0.08337509632110596,-0.0389019139111042,-0.06396610289812088,-0.04547448828816414,0.04330096021294594,25.69801139831543,10.476253509521484,16.92112922668457,4.739243507385254,2.8911893367767334,2.803429126739502,3.7002904415130615,3.090757369995117,4.907976150512695,4.260098457336426,3.3509342670440674,2.415422201156616,0.7259462475776672
F950E7E3-A1A5-4A01-99F4-9B155C3C6606-1430305696-1.0-m-72-hu.wav,hungry,-378.3385925292969,181.04356384277344,-74.68680572509766,24.00864601135254,-9.61161994934082,-18.4279842376709,19.206092834472656,-20.890098571777344,-3.3683321475982666,-11.266674041748047,-22.779197692871094,3.854154109954834,-17.81810188293457,3063.06005859375,734.98095703125,368.5919494628906,152.23342895507812,66.49130249023438,152.25991821289062,83.02437591552734,189.56961059570312,146.8628692626953,79.33468627929688,126.27567291259766,94.45451354980469,43.694854736328125,2.8105556964874268,1.2450997829437256,-0.726692795753479,0.3708612620830536,0.01724127307534218,-0.10281198471784592,0.09416493773460388,-0.3142596483230591,0.007804972119629383,0.005294149275869131,-0.07152063399553299,0.12669360637664795,-0.10201765596866608,149.33782958984375,30.892333984375,21.252994537353516,6.291772842407227,2.0108330249786377,5.80800724029541,2.790666341781616,1.370042324066162,2.4739203453063965,3.825500249862671,4.085874080657959,4.69504451751709,1.1911870241165161,-1.3611953258514404,-0.6928076148033142,0.38715285062789917,-0.012437855824828148,-0.0202606413513422,0.07987962663173676,0.031026355922222137,0.1094353049993515,-0.017932867631316185,0.052988164126873016,0.12960712611675262,-0.047116100788116455,0.01977957785129547,45.864627838134766,11.318142890930176,6.502041339874268,2.1513831615448,0.9629226922988892,2.2310097217559814,1.7575595378875732,0.9078883528709412,0.8763641119003296,0.7862555980682373,1.4415628910064697,0.6764569878578186,0.500627875328064
F95D4BCE-2FB0-4A0C-A058-BFB0674539AF-1430055800-1.0-m-26-hu.wav,hungry,-258.50555419921875,148.37501525878906,-56.59139633178711,45.611454010009766,8.822256088256836,-9.367562294006348,16.22385597229004,-23.61610221862793,0.6902974843978882,-6.082023620605469,-29.46520233154297,-2.2742743492126465,-12.787273406982422,2998.392333984375,145.6050567626953,1813.9122314453125,287.83441162109375,132.41555786132812,50.65138244628906,36.79423141479492,92.06021118164062,95.08509826660156,97.63789367675781,31.082626342773438,36.04607391357422,34.03334045410156,1.1201176643371582,0.207647904753685,-0.6004387736320496,0.06429700553417206,-0.2344828099012375,-0.17041482031345367,0.07430809736251831,-0.08308763056993484,0.23703674972057343,0.13095027208328247,-0.10742851346731186,0.06350443512201309,-0.06185056269168854,82.02015686035156,5.042593955993652,48.92080307006836,6.573879718780518,4.582626819610596,1.9349631071090698,1.2924587726593018,1.9593441486358643,3.2456815242767334,2.8134944438934326,0.7069284319877625,1.1038528680801392,1.1471952199935913,-0.19208577275276184,-0.015065704472362995,0.11763942986726761,-0.09494289755821228,-0.12014919519424438,-0.08314219862222672,-0.004084727726876736,0.11742886900901794,-0.010895807296037674,-0.1163463369011879,-0.010244344361126423,0.02581322006881237,-0.027955349534749985,10.105234146118164,2.8057985305786133,5.3937458992004395,1.1921995878219604,1.3195549249649048,0.44832509756088257,0.5559464693069458,0.6220738291740417,0.5306695699691772,0.9018963575363159,0.40002310276031494,0.4335991144180298,0.35711729526519775
F95D4BCE-2FB0-4A0C-A058-BFB0674539AF-1430055809-1.0-m-26-hu.wav,hungry,-288.9969177246094,103.25861358642578,-90.7018051147461,3.0248968601226807,-11.605311393737793,-17.414796829223633,11.765542984008789,-21.001209259033203,-1.79987370967865,-0.45335397124290466,-19.063968658447266,-4.1704583168029785,-14.080556869506836,9601.646484375,866.5922241210938,1994.7982177734375,425.169921875,143.09881591796875,223.2358856201172,111.44108581542969,296.5244445800781,190.1417236328125,35.01076126098633,35.990753173828125,131.9115753173828,30.340862274169922,0.13338561356067657,0.8017964363098145,0.7209587097167969,-0.2777288258075714,-0.6767361164093018,-0.8466511368751526,0.08471836149692535,0.41788238286972046,-0.42503973841667175,-0.1491072028875351,0.05149994418025017,-0.29578596353530884,-0.0923515111207962,314.87060546875,29.84636878967285,55.59341812133789,15.988389015197754,4.373898983001709,3.011364221572876,3.9680726528167725,4.2536187171936035,6.615427017211914,0.7277817130088806,1.1110385656356812,3.1525912284851074,1.6126759052276611,0.818578839302063,0.09734366834163666,-0.29251745343208313,0.2440517693758011,0.08356869220733643,0.10223507136106491,0.07702473551034927,0.02829945832490921,0.1178436353802681,-0.0012293632607907057,-0.015165790915489197,-0.010390580631792545,-0.09544624388217926,58.580116271972656,7.260190963745117,11.319543838500977,3.688037395477295,1.3518016338348389,1.3280242681503296,1.3761203289031982,1.0561035871505737,1.055404782295227,0.21195438504219055,0.4009253680706024,0.6184450387954712,0.41544342041015625
F95D4BCE-2FB0-4A0C-A058-BFB0674539AF-1430055950-1.0-m-26-hu.wav,hungry,-182.53700256347656,120.75386810302734,-92.11141204833984,47.24835205078125,-6.40341329574585,-13.859099388122559,22.274499893188477,-29.58696174621582,10.42952823638916,0.33385857939720154,-25.421430587768555,10.926665306091309,-15.335163116455078,3430.8720703125,410.2243957519531,1659.69482421875,279.9544982910156,149.6947784423828,94.16535949707031,112.6010513305664,74.20443725585938,185.92909240722656,47.57341766357422,50.998435974121094,217.44493103027344,49.45509719848633,1.6881908178329468,-0.29130521416664124,-1.1689385175704956,0.38180631399154663,-0.09757291525602341,-0.054786112159490585,-0.06682050973176956,-0.2024264633655548,0.3670786917209625,-0.14084044098854065,-0.06271430104970932,0.5965730547904968,-0.03210071474313736,48.300533294677734,5.201859951019287,18.260520935058594,3.8768374919891357,3.156799077987671,3.0741989612579346,2.8164801597595215,1.6068263053894043,1.2921748161315918,1.5049008131027222,1.6675580739974976,2.2283451557159424,1.9307101964950562,-0.031937453895807266,-0.039114244282245636,0.19561152160167694,-0.04481896013021469,0.04705432057380676,0.1646731048822403,-0.014695010147988796,0.054470669478178024,-0.010306546464562416,-0.005565624218434095,-0.004604949150234461,-0.06975962966680527,0.04201484099030495,23.945106506347656,3.1970832347869873,9.592813491821289,1.9039498567581177,1.6055049896240234,1.6653707027435303,0.9396770000457764,0.8382898569107056,0.4221925139427185,0.32805439829826355,0.5016295909881592,1.0380533933639526,0.7763620615005493
fa8620d3-e7db-4101-aff0-28dbf0d96a5f-1434296505682-1.7-f-04-hu.wav,hungry,-323.2786865234375,97.7691650390625,-81.02399444580078,-37.37832260131836,-25.146814346313477,-15.083678245544434,10.478874206542969,-6.938041687011719,-3.6741702556610107,-7.648313999176025,-10.733898162841797,8.761423110961914,3.2494356632232666,12378.17578125,1888.4940185546875,2683.592041015625,569.0437622070312,293.5821533203125,127.27333068847656,143.8426055908203,520.6754760742188,104.05985260009766,199.295166015625,180.884033203125,381.74127197265625,126.22062683105469,2.116356611251831,0.3654346764087677,-0.9581292867660522,0.26273494958877563,0.5308548808097839,-0.11714968830347061,-0.3286861777305603,-0.3692965507507324,-0.32383158802986145,-0.2886808216571808,-0.06900622695684433,0.29360246658325195,0.2707628905773163,320.7635803222656,61.242618560791016,68.60868835449219,28.619260787963867,14.29144287109375,4.052451133728027,4.498777866363525,17.871501922607422,3.5983893871307373,11.469779968261719,8.527789115905762,10.719690322875977,4.957225799560547,0.13457627594470978,-0.1690424084663391,0.04782263934612274,-0.21539095044136047,-0.03233981505036354,0.10609348118305206,-0.051485903561115265,0.041890036314725876,0.04966123402118683,0.01515633799135685,0.07548396289348602,0.015479999594390392,-0.02387772686779499,89.2541732788086,27.603580474853516,10.944863319396973,8.133580207824707,5.873544692993164,3.128941297531128,2.6039986610412598,2.5515823364257812,1.2798432111740112,4.171551704406738,2.402940034866333,3.2625882625579834,2.6729366779327393
fa8620d3-e7db-4101-aff0-28dbf0d96a5f-1434465485354-1.7-f-04-hu.wav,hungry,-328.97918701171875,90.13605499267578,-81.04194641113281,-20.206907272338867,-5.63179349899292,-25.700563430786133,8.411864280700684,0.13465426862239838,-17.54464340209961,-7.3440351486206055,-6.947081089019775,-4.01068115234375,2.2230160236358643,12094.3203125,2018.1646728515625,3523.2041015625,372.6835632324219,263.3548889160156,294.1607971191406,252.08456420898438,152.78919982910156,162.326904296875,107.17532348632812,105.3333511352539,179.455078125,142.8563690185547,-0.5903302431106567,0.08495889604091644,0.9351310133934021,0.3342485725879669,-0.2009168565273285,-0.02013116143643856,0.1947421282529831,0.03792579472064972,-0.08430033177137375,0.22896380722522736,0.31330737471580505,-0.009256487712264061,-0.13362976908683777,265.7342529296875,39.073936462402344,86.84380340576172,4.909418106079102,4.340508937835693,8.743988990783691,3.247349500656128,4.219948768615723,3.081409454345703,5.380168437957764,4.917280197143555,5.533596515655518,4.070716381072998,-0.935490071773529,-0.35930973291397095,0.4797258675098419,0.07522866874933243,0.09968023002147675,0.2976592779159546,0.03231865540146828,-0.016201207414269447,0.0334899015724659,-0.08157423883676529,-0.06665153801441193,0.07229055464267731,0.15099254250526428,36.64299774169922,6.614724636077881,11.260581016540527,0.8369479775428772,1.2410458326339722,2.4696056842803955,0.8117011785507202,0.5931481122970581,0.7250677943229675,2.239670515060425,1.1219656467437744,2.0778932571411133,1.3915765285491943
FAE74A94-9968-43ED-958C-50D7C4C1F13C-1430770858-1.0-f-22-hu.wav,hungry,-408.0381774902344,83.2848892211914,-45.79729461669922,10.612138748168945,-3.763718605041504,-17.647300720214844,-7.852235317230225,-21.288780212402344,-1.8597707748413086,-4.922951698303223,-12.013452529907227,0.1994534581899643,-10.962738990783691,8019.22998046875,1151.867919921875,1048.5526123046875,288.6444396972656,108.7086181640625,183.74961853027344,127.9636001586914,431.72747802734375,74.74821472167969,21.6884822845459,56.811683654785156,63.97565841674805,33.49628448486328,3.401855230331421,1.445652723312378,-1.2009289264678955,-0.03223031759262085,-0.20177240669727325,-0.24217747151851654,-0.20056666433811188,-0.6313669681549072,-0.09966615587472916,-0.054472897201776505,-0.04616621881723404,0.18938873708248138,-0.08840139955282211,43.16835403442383,12.6839599609375,10.372035026550293,9.791276931762695,2.4673609733581543,2.7033169269561768,4.80056095123291,4.829146862030029,2.1162800788879395,0.8137314319610596,2.1390295028686523,0.7001243829727173,1.1328790187835693,0.13327240943908691,0.20594541728496552,0.1012752428650856,0.03431489318609238,0.07471616566181183,-0.021930785849690437,-0.03326372802257538,-0.01863180287182331,-0.0606037862598896,0.01205371506512165,0.004745399579405785,-0.006486345548182726,0.027174731716513634,14.716255187988281,4.292903900146484,4.4678955078125,2.2742903232574463,1.263461947441101,1.2085599899291992,1.6777007579803467,1.4212251901626587,0.9100391268730164,0.3551623225212097,0.5595595836639404,0.41288697719573975,0.5317659378051758
FAE74A94-9968-43ED-958C-50D7C4C1F13C-1430770871-1.0-f-22-hu.wav,hungry,-327.3965148925781,92.21907043457031,-46.20517349243164,13.272435188293457,-12.93979549407959,-27.6459903717041,-10.247176170349121,-32.16323471069336,-13.311345100402832,-11.100741386413574,-16.174623489379883,12.295607566833496,10.421770095825195,10820.77734375,1647.271484375,1674.21630859375,165.11888122558594,160.7891845703125,209.7939453125,67.8599853515625,477.1200866699219,73.48176574707031,77.08845520019531,166.13877868652344,332.0889587402344,402.1834411621094,2.590345621109009,1.2768843173980713,-0.5907258987426758,0.20814459025859833,-0.2064012587070465,-0.4480404257774353,-0.22089263796806335,-0.5449349284172058,-0.2426612377166748,-0.13492028415203094,-0.30767393112182617,-0.012395062483847141,0.01597527787089348,76.3503189086914,18.97332763671875,13.615456581115723,3.4054737091064453,2.7260384559631348,4.67794942855835,1.529208779335022,3.5323829650878906,1.2935184240341187,1.5180494785308838,3.768294334411621,4.569563388824463,5.728559970855713,-0.22864054143428802,-0.06052621826529503,0.15654835104942322,0.05629786476492882,0.025801779702305794,0.007821185514330864,0.022724749520421028,0.04291316866874695,-0.013443502597510815,0.059308432042598724,0.07891354709863663,-0.002691596047952771,-0.001286570099182427,29.200054168701172,6.382522106170654,5.9095587730407715,3.7422592639923096,0.7469078302383423,2.249396324157715,0.4533650875091553,2.0126547813415527,0.9122626781463623,1.2762244939804077,1.6190314292907715,2.6660993099212646,5.131486892700195
FF2CD2F6-404D-4626-8718-6E6C751F63B8-1431104337-1.0-m-04-hu.wav,hungry,-337.2610168457031,141.00172424316406,-52.20029067993164,-1.8379642963409424,-17.270259857177734,-38.855934143066406,-16.148488998413086,-22.1285343170166,-6.66408634185791,-7.180093288421631,-14.516016960144043,-7.141923427581787,-19.877317428588867,5376.265625,968.2139282226562,1068.2650146484375,227.138427734375,230.81190490722656,141.08114624023438,118.62928771972656,84.16532897949219,62.238365173339844,40.57161331176758,51.68076705932617,38.961326599121094,42.031612396240234,2.735766887664795,1.0617595911026,-1.2119864225387573,-0.4191083610057831,-0.4972449839115143,-0.4860740005970001,0.20886874198913574,0.2955304980278015,0.10541418939828873,0.015214777551591396,0.24931710958480835,0.15548589825630188,-0.2355937361717224,108.43391418457031,23.025840759277344,22.379863739013672,7.013916015625,5.10794734954834,5.14424467086792,2.41585636138916,2.9376895427703857,1.5048298835754395,1.550133228302002,1.3528327941894531,1.8975236415863037,0.8860265612602234,-0.6432050466537476,-0.30316397547721863,0.33580565452575684,0.02970815636217594,0.007822069339454174,-0.0031740532722324133,-0.06617056578397751,0.10985099524259567,-0.0030877531971782446,-0.026146024465560913,0.06313055753707886,-0.017413999885320663,0.05297918617725372,28.99409294128418,6.8053297996521,6.312607765197754,2.4610817432403564,1.534524917602539,1.6006505489349365,0.8829870223999023,1.0761395692825317,0.6363764405250549,0.6372727751731873,0.4232848286628723,0.8819029927253723,0.29598772525787354
FF2CD2F6-404D-4626-8718-6E6C751F63B8-1431104346-1.0-m-04-hu.wav,hungry,-322.79815673828125,149.88040161132812,-76.01954650878906,13.961511611938477,-17.921266555786133,-38.10598373413086,-8.419017791748047,-23.46046257019043,2.975703239440918,-13.420269012451172,-22.991756439208984,2.657410144805908,-23.10564613342285,4343.58544921875,692.5530395507812,1126.916259765625,244.60047912597656,102.04867553710938,99.30036926269531,51.29155731201172,52.008087158203125,111.17316436767578,84.8808364868164,55.04888916015625,38.58433151245117,76.6236572265625,0.36279577016830444,-0.25503164529800415,-0.13274237513542175,-0.15066933631896973,-0.01889040134847164,-0.014797092415392399,-0.016912927851080894,0.12416009604930878,0.12287437915802002,-0.008477028459310532,-0.0312033761292696,0.038410734385252,-0.08896564692258835,132.0257568359375,24.203332901000977,36.210391998291016,7.580505847930908,3.149807929992676,3.4068541526794434,1.84282386302948,1.7611980438232422,4.443251132965088,2.4900214672088623,1.4205900430679321,1.7330687046051025,2.6486096382141113,0.3063076436519623,-0.015725666657090187,0.28122732043266296,-0.07054844498634338,-0.043715182691812515,0.07147008180618286,-0.0651349425315857,0.023794835433363914,-0.043447475880384445,0.0019654002971947193,0.09961846470832825,-0.06911465525627136,-0.04186765104532242,28.6368465423584,6.836894512176514,7.646003723144531,3.1529324054718018,1.310243844985962,1.813400387763977,1.050703763961792,0.7039802074432373,1.4303381443023682,0.6850751638412476,0.5831896066665649,0.6159583926200867,1.5075823068618774
FF2CD2F6-404D-4626-8718-6E6C751F63B8-1431104360-1.0-m-04-hu.wav,hungry,-314.0081481933594,143.39584350585938,-81.61534881591797,14.170524597167969,-19.62175941467285,-34.684715270996094,-3.0257952213287354,-27.452829360961914,2.8473050594329834,-6.2322678565979,-23.514699935913086,-0.25073355436325073,-18.579124450683594,5495.7119140625,808.7469482421875,1157.107666015625,248.0259552001953,76.58200073242188,65.10736846923828,121.3028564453125,102.27788543701172,93.01298522949219,84.17611694335938,61.260398864746094,46.899574279785156,53.993003845214844,3.567451000213623,1.5826935768127441,-0.5028485655784607,-0.34655657410621643,-0.4010781943798065,-0.26981356739997864,-0.08789171278476715,-0.26213234663009644,-0.041999753564596176,0.06557871401309967,0.027114730328321457,0.10586974024772644,-0.05304168537259102,218.85035705566406,41.52553176879883,24.628389358520508,10.277247428894043,3.474181890487671,2.1302571296691895,2.097907304763794,3.4739203453063965,2.609506607055664,3.273453950881958,2.474414825439453,1.5508345365524292,1.5610530376434326,-0.7096315622329712,-0.6956571340560913,0.40334922075271606,-0.3025972843170166,-0.013507205992937088,0.17926383018493652,0.0044314684346318245,0.1831853985786438,-0.04359918460249901,-0.014791810885071754,0.0557771734893322,-0.10220684856176376,0.11387995630502701,48.670135498046875,7.146435737609863,7.4485979080200195,2.6775460243225098,0.6853494644165039,1.155692219734192,1.3429421186447144,1.7949384450912476,1.273756980895996,0.5285630822181702,0.41429072618484497,0.9660528302192688,0.7993725538253784
FF2CD2F6-404D-4626-8718-6E6C751F63B8-1431104396-1.0-m-04-hu.wav,hungry,-317.7972106933594,153.34280395507812,-70.63550567626953,18.288742065429688,-23.135169982910156,-42.92124938964844,-6.0314507484436035,-26.92505645751953,-1.370867133140564,-10.414712905883789,-24.2021427154541,-0.31884145736694336,-22.056671142578125,5638.3232421875,947.9876098632812,681.5460205078125,117.61140441894531,118.4082260131836,140.869873046875,43.49007797241211,101.11876678466797,48.153106689453125,23.239099502563477,55.3814811706543,38.89875793457031,47.409854888916016,2.635777473449707,0.9407193660736084,-0.4315203130245209,0.07324103266000748,-0.23122325539588928,-0.22336269915103912,0.02170177735388279,-0.08042393624782562,0.08414125442504883,-0.05401405319571495,-0.11833253502845764,0.015293598175048828,-0.16201019287109375,281.52197265625,43.5578498840332,30.469282150268555,5.940544128417969,5.30105447769165,5.33042049407959,1.740251898765564,4.027163982391357,1.586136817932129,0.6579681634902954,2.1972837448120117,1.3553287982940674,1.6296075582504272,-0.7147549390792847,-0.5574941635131836,0.47698715329170227,-0.18446461856365204,-0.14262430369853973,0.00566333532333374,-0.043240029364824295,0.25539737939834595,0.13067780435085297,0.06438370048999786,0.17082123458385468,0.07993438094854355,0.13384610414505005,31.448938369750977,6.4429802894592285,3.0429680347442627,1.2351840734481812,1.5078551769256592,1.667677402496338,0.43056613206863403,1.1862969398498535,0.5959785580635071,0.38472604751586914,0.4340658485889435,0.4300365149974823,0.5291067361831665
FF482278-24C9-4FB0-A7BE-FD92D1FE17B4-1430028319-1.0-m-26-hu.wav,hungry,-281.8548583984375,152.8175048828125,-86.72412872314453,14.406013488769531,-31.433319091796875,-41.93570327758789,11.903467178344727,-16.526174545288086,2.5376944541931152,-2.7701849937438965,-18.02676010131836,0.8603072762489319,-12.136981964111328,6562.310546875,913.768310546875,1252.572021484375,192.28195190429688,237.61041259765625,228.00135803222656,111.20944213867188,44.83271026611328,80.5580825805664,72.65508270263672,66.16956329345703,117.69501495361328,104.89369201660156,1.0168416500091553,0.8431170582771301,0.11974399536848068,0.16375991702079773,0.0824497640132904,-0.2133132815361023,-0.10508012026548386,-0.0720890536904335,-0.030853616073727608,0.18695053458213806,0.059343159198760986,-0.07445897161960602,-0.15874403715133667,285.2694091796875,36.022247314453125,48.65908432006836,8.60059928894043,10.294888496398926,8.486261367797852,4.506940841674805,2.0932743549346924,2.926232099533081,2.7778732776641846,2.939810276031494,4.311860084533691,4.560525894165039,-1.8093961477279663,-0.637657880783081,0.5804014205932617,-0.24741622805595398,0.18500015139579773,0.1632925420999527,-0.15725181996822357,0.1433860957622528,-0.015831323340535164,0.09006475657224655,0.126914843916893,-0.09587299823760986,0.05491112545132637,63.27234649658203,9.718671798706055,9.079004287719727,1.6138412952423096,2.006174087524414,1.7475173473358154,0.8301513195037842,0.6350047588348389,0.8833074569702148,1.1927803754806519,1.2874902486801147,1.1960116624832153,2.264207363128662
03ADDCFB-354E-416D-BF32-260CF47F7060-1433658024-1.1-f-04-ti.wav,tired,-207.4279022216797,150.73146057128906,-148.09259033203125,40.55230712890625,-33.346248626708984,-48.80801010131836,22.046796798706055,-36.2806396484375,9.492226600646973,8.152233123779297,-27.86104965209961,10.120745658874512,-6.251832485198975,5135.6064453125,287.61566162109375,1224.666259765625,762.8331909179688,123.72666931152344,239.62103271484375,122.23365020751953,151.00392150878906,215.9834747314453,82.42060089111328,89.38557434082031,208.2267303466797,164.6165008544922,-0.10664951056241989,-0.43993648886680603,-0.3652202785015106,0.06598637253046036,-0.03406153991818428,-0.11470808833837509,-0.0986936017870903,-0.13028451800346375,0.07706660777330399,0.1681843400001526,-0.07012428343296051,-0.1794057935476303,0.04384039342403412,144.74229431152344,8.076075553894043,37.621097564697266,28.048425674438477,2.6939661502838135,10.244656562805176,5.42925500869751,6.880074977874756,11.228989601135254,2.854275941848755,2.1894538402557373,5.979297161102295,9.879461288452148,-0.34868738055229187,0.011495695449411869,0.23618629574775696,-0.21756267547607422,-0.1238960325717926,0.08765624463558197,0.09927628934383392,0.1495872288942337,-0.0730138048529625,-0.17046333849430084,-0.10704021155834198,-0.13176798820495605,0.0965472161769867,22.50523567199707,3.2120490074157715,6.870087146759033,3.501962184906006,0.9855499863624573,2.5894131660461426,1.385292887687683,2.2762675285339355,1.3251570463180542,1.3638924360275269,0.7788493633270264,1.4423187971115112,2.2436699867248535
06c4cfa2-7fa6-4fda-91a1-ea186a4acc64-1430029221058-1.7-f-26-ti.wav,tired,-535.05224609375,138.3247528076172,-101.43338775634766,5.762887954711914,-18.850526809692383,-37.44374465942383,12.410861015319824,-15.860820770263672,-4.845605850219727,-0.6279261112213135,-18.066102981567383,-0.21983717381954193,-5.944084644317627,2308.70654296875,967.1590576171875,276.812744140625,147.99232482910156,61.03646469116211,159.71255493164062,54.489952087402344,53.60511016845703,83.301025390625,53.88298416137695,38.097721099853516,79.79486846923828,99.04125213623047,1.2620688676834106,0.6718429923057556,-0.12303844094276428,0.27418938279151917,0.01990720070898533,0.00924517773091793,0.14805276691913605,-0.12971378862857819,0.06328415125608444,0.14684227108955383,-0.10123633593320847,-0.05262265354394913,-0.04975764453411102,113.29940032958984,53.20871353149414,11.797220230102539,6.106258869171143,2.3698346614837646,6.898628234863281,1.819802165031433,1.891318917274475,4.543753147125244,1.2496176958084106,0.955867350101471,3.1270751953125,3.553941488265991,-0.9092118144035339,-0.4405922591686249,0.24869844317436218,-0.12573882937431335,0.001977352425456047,0.22385890781879425,-0.050356779247522354,-0.013171111233532429,0.15769797563552856,0.09777531772851944,0.06226558983325958,0.00264702457934618,-0.05972609296441078,27.231273651123047,14.72846794128418,3.146486759185791,3.283888101577759,1.074240803718567,2.4626004695892334,0.9111723303794861,0.6507276892662048,1.7179148197174072,1.2676197290420532,0.43026888370513916,1.3773084878921509,0.963275671005249
06c4cfa2-7fa6-4fda-91a1-ea186a4acc64-1430029237378-1.7-f-26-ti.wav,tired,-494.7146301269531,152.31932067871094,-95.97052764892578,14.780061721801758,-12.229846954345703,-39.34718704223633,14.037954330444336,-12.984099388122559,-7.275819778442383,0.4072592854499817,-14.950695037841797,0.2745772898197174,-4.9130353927612305,5463.052734375,1317.6705322265625,892.7440185546875,151.52664184570312,209.58966064453125,302.8760070800781,62.98610305786133,91.33502197265625,86.37899017333984,55.6175651550293,70.60803985595703,124.10790252685547,122.52515411376953,4.3554558753967285,1.9565120935440063,-1.4799314737319946,-0.0714583620429039,-0.2317788004875183,-0.5707099437713623,0.15907517075538635,-0.11468133330345154,-0.09282893687486649,0.17171165347099304,-0.11218906939029694,-0.14176224172115326,-0.12202281504869461,271.9659118652344,75.48151397705078,33.65607833862305,7.195887565612793,9.185111045837402,17.345735549926758,2.2993063926696777,2.8014464378356934,3.6240944862365723,1.7822718620300293,2.5863730907440186,4.5568132400512695,5.01609468460083,-0.4286383390426636,-0.34632742404937744,-0.03230650722980499,-0.13286703824996948,0.1351136863231659,0.1627567708492279,-0.07728607207536697,0.07845910638570786,0.1350538283586502,0.10027309507131577,0.08886589854955673,-0.022835949435830116,-0.06118674576282501,36.627384185791016,12.460319519042969,6.168602466583252,2.7442517280578613,2.5944347381591797,3.2845160961151123,1.112318515777588,1.043041706085205,1.4409310817718506,1.0519458055496216,0.9374315142631531,0.9499832391738892,1.1302446126937866
06c4cfa2-7fa6-4fda-91a1-ea186a4acc64-1430029246453-1.7-f-26-ti.wav,tired,-356.1640930175781,106.16300964355469,-95.14743041992188,34.12516403198242,-3.1003828048706055,-32.04352569580078,10.755603790283203,-22.964479446411133,-3.3159844875335693,0.34181472659111023,-23.945648193359375,-1.1122475862503052,-6.366019248962402,8406.8974609375,543.0361328125,3620.640625,798.6697387695312,146.40782165527344,375.3931579589844,102.8541259765625,200.67245483398438,102.58809661865234,73.34107208251953,88.04362487792969,236.81874084472656,52.19258499145508,2.0367138385772705,0.7599344253540039,-0.5934023261070251,0.30238020420074463,-0.21101900935173035,-0.1452588438987732,0.17546747624874115,-0.30307623744010925,0.12099006026983261,0.13640296459197998,-0.24383117258548737,-0.011295247822999954,-0.24408936500549316,233.00685119628906,14.32285213470459,90.59521484375,22.7207088470459,5.14406156539917,9.421548843383789,4.515262603759766,8.83309268951416,3.7004315853118896,3.560135841369629,3.523973226547241,5.087943077087402,2.2100322246551514,-1.0206279754638672,-0.3261611759662628,0.5479795336723328,0.0028238079976290464,0.00544781656935811,0.10850246995687485,-0.10080514848232269,0.05646706745028496,0.09236043691635132,0.036879438906908035,0.13179661333560944,0.04272669553756714,-0.03855210542678833,24.1959228515625,4.666492938995361,7.2590155601501465,3.719511032104492,1.465549349784851,1.67823326587677,1.4308589696884155,1.8288902044296265,1.0301023721694946,0.8592199683189392,1.177259087562561,0.7808029651641846,0.8179059028625488
1309B82C-F146-46F0-A723-45345AFA6EA8-1430059864-1.0-f-04-ti.wav,tired,-353.4726257324219,161.72267150878906,-107.5654067993164,45.781654357910156,-23.185935974121094,-22.485984802246094,30.547903060913086,-30.21159553527832,14.434348106384277,-0.4626607596874237,-30.84105110168457,12.06067180633545,-17.31410026550293,6633.61376953125,582.4510498046875,1586.1456298828125,210.67750549316406,160.31346130371094,77.83845520019531,168.429931640625,94.96574401855469,110.96174621582031,46.102779388427734,73.86935424804688,75.3467025756836,37.01374053955078,1.6646150350570679,0.6921346187591553,-0.34298259019851685,0.2872011363506317,-0.11480244249105453,0.041136350482702255,0.24174214899539948,-0.18997454643249512,0.06675493717193604,-0.03881682828068733,-0.32435619831085205,0.003263879334554076,-0.09578235447406769,251.83920288085938,18.99949836730957,63.44746780395508,4.276004791259766,8.324435234069824,2.280543327331543,4.423316478729248,3.2644569873809814,3.9805102348327637,1.6430426836013794,2.169171094894409,2.0942060947418213,1.938667893409729,1.5369793176651,0.6535352468490601,-0.5308693647384644,0.006848680786788464,-0.12362095713615417,-0.18661537766456604,0.039765920490026474,-0.06423758715391159,0.011580340564250946,0.052360326051712036,-0.005214951001107693,0.06779082864522934,0.053251996636390686,104.18275451660156,16.931636810302734,16.07302474975586,1.8880037069320679,2.652320623397827,1.8689157962799072,0.9276145100593567,0.8738690614700317,0.5956119894981384,0.5228444337844849,0.40825769305229187,0.3760856091976166,0.6562666893005371
1309B82C-F146-46F0-A723-45345AFA6EA8-1431172241-1.0-f-48-ti.wav,tired,-345.0603332519531,112.63470458984375,-53.064247131347656,5.223846912384033,-16.803680419921875,-16.023895263671875,18.570188522338867,-13.368226051330566,-11.1444730758667,-8.688680648803711,-18.556716918945312,-5.774083137512207,-12.113303184509277,21040.1953125,1286.6651611328125,5375.43017578125,493.636962890625,320.07696533203125,224.78536987304688,803.4802856445312,38.713462829589844,52.6295051574707,78.34402465820312,40.79307556152344,127.92253875732422,22.52092933654785,3.2921438217163086,1.0751687288284302,-1.1048911809921265,0.6717924475669861,-0.06406403332948685,-0.23394672572612762,0.22393570840358734,-0.24823704361915588,0.24699170887470245,0.025535326451063156,-0.23719903826713562,0.23350024223327637,-0.08591508865356445,630.2028198242188,45.228965759277344,144.06472778320312,21.341156005859375,9.825757026672363,6.563560962677002,19.043447494506836,1.9622890949249268,1.7164400815963745,2.1203672885894775,1.1577917337417603,3.480186700820923,0.7231245636940002,-1.5067816972732544,-0.45621976256370544,0.5511572957038879,-0.30206766724586487,0.08921469002962112,0.1566520780324936,-0.23318412899971008,0.032340157777071,0.004988776985555887,0.006676774006336927,0.01341183390468359,-0.06543529033660889,0.14630979299545288,122.18045806884766,13.262626647949219,27.118865966796875,4.54816198348999,2.9284441471099854,1.5759752988815308,3.6011247634887695,0.5166229605674744,0.6403579711914062,0.45872530341148376,0.31608861684799194,0.6400415301322937,0.4916388690471649
5B416CE8-2591-4531-9ADC-86D085B5D48B-1430144827-1.0-m-48-ti.wav,tired,-318.41815185546875,172.6376495361328,-83.6009521484375,5.060390949249268,-17.00493049621582,-34.63233184814453,-2.8022396564483643,-29.626344680786133,-4.790346622467041,-4.863312244415283,-19.615264892578125,4.073812961578369,-12.93348503112793,1861.9656982421875,212.4657440185547,592.6605834960938,125.66289520263672,80.6524429321289,139.77139282226562,91.45113372802734,93.92206573486328,38.87644958496094,45.33648681640625,34.056373596191406,35.3707389831543,29.731653213500977,-0.2741960883140564,-0.11243574321269989,0.260280966758728,0.13112162053585052,0.01523284986615181,0.06723722815513611,-0.08632925897836685,-0.03002101369202137,0.046776097267866135,-0.02855498157441616,0.12495393306016922,0.1504898965358734,-0.056246474385261536,55.49900817871094,5.433154106140137,17.48988151550293,3.0841872692108154,3.011061906814575,3.420724630355835,2.9498629570007324,0.9612985849380493,1.7087982892990112,1.794119954109192,1.5287766456604004,1.9264334440231323,1.3984328508377075,0.12176791578531265,0.07166695594787598,-0.0047609261237084866,0.01598312146961689,0.013977614231407642,-0.017526214942336082,0.014477500692009926,0.026164952665567398,-0.05332028493285179,-0.004291910212486982,0.005398695822805166,-0.0263073593378067,0.042943380773067474,8.941001892089844,1.1778724193572998,2.9147703647613525,1.1824462413787842,0.8793958425521851,0.8059008717536926,0.7230711579322815,0.27091920375823975,0.5768150091171265,0.6056820750236511,0.6546768546104431,0.8396809101104736,0.49352967739105225
79FF400A-97E2-4701-987D-C7C850D5523C-1430089487-1.0-f-48-ti.wav,tired,-362.4700012207031,133.38230895996094,-88.67277526855469,9.87728214263916,-24.470645904541016,-18.349557876586914,19.807138442993164,-29.558265686035156,-11.145451545715332,-14.307132720947266,-23.30626106262207,6.386799335479736,-11.096332550048828,6737.1806640625,727.8610229492188,1330.3240966796875,1055.057373046875,110.30339050292969,98.04976654052734,384.54547119140625,424.25848388671875,96.54647827148438,185.57606506347656,124.87480926513672,281.1695251464844,196.29066467285156,3.775944471359253,0.043649740517139435,-1.433799386024475,1.5203919410705566,-0.25724363327026367,-0.17848506569862366,0.8417472243309021,-0.26389551162719727,0.2774218022823334,0.22448715567588806,-0.15052233636379242,0.4288458824157715,0.17510949075222015,299.4346008300781,25.131162643432617,54.92422866821289,29.008459091186523,4.2177414894104,4.304080486297607,12.522788047790527,17.73607063293457,5.105645179748535,6.498312950134277,5.571549415588379,13.3382568359375,9.609477996826172,0.06865111738443375,-0.4673474133014679,-0.10529444366693497,-0.10695605725049973,-0.049421533942222595,0.12608608603477478,0.14999990165233612,0.26045313477516174,0.07488114386796951,-0.12421625107526779,-0.01602192595601082,0.06208042427897453,0.10879334807395935,71.89167022705078,11.191177368164062,19.305368423461914,8.720601081848145,1.894784927368164,2.3541736602783203,5.425122261047363,6.757769584655762,1.9831206798553467,2.373887062072754,2.0518834590911865,4.0890326499938965,3.765091896057129
7A22229D-06C2-4AAA-9674-DE5DF1906B3A-1436891944-1.1-m-72-ti.wav,tired,-324.47216796875,131.2667236328125,-106.34247589111328,41.0283317565918,-15.858955383300781,-33.732425689697266,18.061281204223633,-31.063833236694336,-9.137273788452148,-8.065916061401367,-16.471776962280273,12.612103462219238,-12.198747634887695,8724.4619140625,647.2561645507812,1934.3836669921875,367.3838806152344,254.8109588623047,98.32189178466797,155.93064880371094,211.1001434326172,76.7337646484375,46.62801742553711,128.40866088867188,120.91804504394531,151.5943145751953,3.6192402839660645,0.021817369386553764,-1.1228358745574951,0.752295732498169,0.07759905606508255,-0.22514262795448303,0.3372759521007538,0.030470138415694237,-0.08236359804868698,-0.045817162841558456,0.15671846270561218,0.24679391086101532,-0.10769512504339218,169.73072814941406,18.05841064453125,32.191261291503906,6.783707618713379,5.386629104614258,1.944841742515564,4.02315616607666,6.955915927886963,1.6566277742385864,1.5451773405075073,2.4200284481048584,3.4935624599456787,6.3362555503845215,0.16828028857707977,-0.42649179697036743,0.4396993815898895,-0.15450730919837952,0.12802711129188538,0.12566161155700684,-0.17705164849758148,0.0787363350391388,-0.03699891269207001,0.01640494354069233,0.07263235747814178,-0.03137245401740074,0.10178617388010025,50.421356201171875,8.043355941772461,16.15243148803711,5.361874103546143,1.7053725719451904,0.8365740776062012,1.4896275997161865,1.959222674369812,0.8370407819747925,0.5097028613090515,0.9594060182571411,1.3570173978805542,1.9682577848434448
7A22229D-06C2-4AAA-9674-DE5DF1906B3A-1436891957-1.1-m-72-ti.wav,tired,-328.1543273925781,128.15817260742188,-70.44641876220703,28.175233840942383,-20.51414680480957,-32.90299606323242,6.721843242645264,-31.422935485839844,-7.5335564613342285,-6.557488441467285,-20.925315856933594,4.749422073364258,-11.425139427185059,6126.65478515625,1191.08984375,1085.0374755859375,342.34539794921875,124.79467010498047,124.19950103759766,139.34591674804688,148.1136474609375,105.87866973876953,79.05355072021484,57.81743621826172,87.3608169555664,101.45091247558594,0.9841825366020203,0.2839745879173279,-0.38712096214294434,0.23749136924743652,0.028765669092535973,-0.09260615706443787,0.12303486466407776,-0.036355748772621155,-0.036178335547447205,-0.05486612021923065,-0.04567611962556839,0.03917533904314041,-0.1182960718870163,319.76776123046875,58.228797912597656,33.775997161865234,13.182796478271484,5.7675886154174805,4.910183429718018,5.4158525466918945,5.58536434173584,2.3412222862243652,2.065328598022461,2.316545248031616,4.171309947967529,2.789559841156006,1.3408492803573608,0.42233923077583313,-0.3508744239807129,0.42862555384635925,0.04590337723493576,0.09913868457078934,0.27400001883506775,-0.086012102663517,0.23890723288059235,0.2168060690164566,-0.055950406938791275,0.06444736570119858,-0.07068240642547607,113.78314208984375,20.47355079650879,10.372834205627441,7.605446815490723,1.724336862564087,1.2033412456512451,3.0158751010894775,1.8138482570648193,1.1242454051971436,1.1258093118667603,0.8590393662452698,1.2170822620391846,0.7091903686523438
B2AABCE0-1F62-4B57-B58A-308959ABDFE7-1437188751-1.1-m-26-ti.wav,tired,-283.5588073730469,117.6902847290039,-82.89278411865234,36.0964241027832,-6.424484729766846,-34.62152862548828,15.521466255187988,-14.260723114013672,-8.601527214050293,-5.48358154296875,-15.397162437438965,0.12468679994344711,-9.603469848632812,3827.40234375,193.53965759277344,1084.8280029296875,565.3948974609375,87.31017303466797,73.05888366699219,444.32763671875,39.69670486450195,43.058475494384766,38.05059051513672,23.612957000732422,81.06961822509766,146.52687072753906,1.1987340450286865,0.05282498896121979,-0.19118820130825043,0.736194372177124,0.2028830349445343,0.20763346552848816,0.31606245040893555,0.028445061296224594,0.19345825910568237,0.05376224219799042,-0.06401452422142029,0.06290607154369354,-0.09490180760622025,49.39997100830078,7.000646591186523,10.003127098083496,11.455595016479492,3.7749528884887695,2.791724920272827,8.060401916503906,2.007089138031006,0.9781469106674194,0.7682648301124573,0.5350919961929321,1.166520357131958,2.508647918701172,0.26197415590286255,-0.014245370402932167,-0.0067028263583779335,-0.054931286722421646,-0.07521952688694,-0.045385561883449554,-0.029708847403526306,0.0523473396897316,-0.020413901656866074,0.03095722757279873,0.0671229362487793,0.010511965490877628,0.06362856924533844,7.887120246887207,3.4900028705596924,1.027829647064209,2.2913448810577393,1.1074072122573853,0.9862335920333862,2.1581966876983643,0.8676014542579651,0.2855464816093445,0.31337347626686096,0.2634895145893097,0.2647692561149597,0.48687800765037537
B2AABCE0-1F62-4B57-B58A-308959ABDFE7-1437188766-1.1-m-26-ti.wav,tired,-305.6336364746094,134.44024658203125,-85.69322204589844,39.35677719116211,-3.539989471435547,-31.77527618408203,18.83650016784668,-14.613617897033691,-7.413593769073486,-7.0115156173706055,-19.652647018432617,-1.1834864616394043,-13.055363655090332,4103.658203125,325.5271911621094,1368.4407958984375,508.21142578125,121.16616821289062,109.62643432617188,265.60870361328125,33.6574592590332,41.98654556274414,46.52705764770508,57.44429397583008,130.21177673339844,178.8745574951172,2.0515880584716797,0.6780231595039368,-0.1414501965045929,0.5742376446723938,-0.07132061570882797,-0.15312926471233368,0.10514431446790695,-0.049228668212890625,0.03114231675863266,-0.2855456471443176,-0.30087146162986755,-0.004788824822753668,-0.2617025673389435,136.20980834960938,12.814696311950684,32.171966552734375,17.632108688354492,3.15649151802063,3.576117992401123,6.990349292755127,1.7102333307266235,0.8304340243339539,1.6090294122695923,1.6949481964111328,2.854877471923828,2.63905930519104,-0.24022698402404785,-0.15640266239643097,0.025557061657309532,-0.5410507917404175,-0.02697143144905567,0.0537044033408165,-0.2874945402145386,0.006882432848215103,0.0056417654268443584,0.09628338366746902,0.2089950442314148,-0.008605056442320347,-0.03166339173913002,21.180744171142578,5.130993366241455,6.930967330932617,3.683828115463257,0.8772333860397339,1.6154965162277222,1.150910496711731,0.8084633350372314,0.4693003296852112,0.5938884019851685,1.5590063333511353,0.7250105142593384,1.2001590728759766
b4c460d8-bd6b-4017-9bb8-2ae4ff0c5af1-1430418266487-1.7-f-26-ti.wav,tired,-206.52655029296875,140.34603881835938,-53.11166000366211,0.13611073791980743,-35.354122161865234,-33.00051498413086,1.0702999830245972,-25.730546951293945,-1.5057437419891357,-4.357240200042725,-18.528179168701172,4.862656116485596,-11.03173828125,4860.39208984375,1010.012451171875,3072.326416015625,404.2969055175781,560.604736328125,332.7743835449219,236.44515991210938,148.59930419921875,202.46939086914062,111.93720245361328,199.63052368164062,223.1484375,99.42705535888672,1.492753028869629,0.9263671040534973,-0.14716817438602448,-0.43196532130241394,-0.3072148859500885,-0.32180485129356384,-0.21479707956314087,-0.0863313302397728,-0.2070073038339615,-0.12267269194126129,0.09038631618022919,0.12116105854511261,-0.004652606789022684,137.40499877929688,29.3583927154541,85.54142761230469,9.195789337158203,12.543001174926758,11.53675365447998,11.5152587890625,4.961545944213867,4.1789960861206055,4.567525386810303,8.961599349975586,7.365180015563965,2.6850385665893555,-0.6215169429779053,0.17046059668064117,0.8571474552154541,-0.16681332886219025,0.12448824942111969,0.08155156672000885,-0.12054403126239777,0.294791579246521,-0.05499682575464249,-0.057384900748729706,0.20272402465343475,0.0017365090316161513,0.033065520226955414,55.80290222167969,18.5137882232666,12.155826568603516,3.094665288925171,2.850405216217041,3.5140180587768555,2.278534173965454,2.0759098529815674,1.5390238761901855,0.8218185901641846,1.9295676946640015,3.1042726039886475,2.185285806655884
C421C6FE-DFEE-4080-8AEA-848E7CE4756B-1430548384-1.0-m-26-ti.wav,tired,-371.1454772949219,168.17596435546875,-91.53656005859375,35.22633743286133,-21.715173721313477,-27.092140197753906,14.47718334197998,-40.96677780151367,-4.847198486328125,-9.256370544433594,-30.199356079101562,4.3759074211120605,-15.434423446655273,4753.08544921875,1094.3221435546875,761.7947387695312,243.77200317382812,163.1143035888672,117.7436752319336,244.9058074951172,103.15457916259766,90.43347930908203,61.153221130371094,50.07539749145508,39.68735122680664,47.164268493652344,1.9918822050094604,0.3638998866081238,-0.4556293189525604,0.3582777976989746,0.049637582153081894,0.09304632991552353,0.17460566759109497,-0.15306058526039124,-0.01967005990445614,0.0020413068123161793,-0.055804263800382614,0.06640782952308655,-0.0029792862478643656,75.37393188476562,22.710405349731445,18.398691177368164,10.752338409423828,3.508543014526367,5.499567031860352,4.07951545715332,3.3399055004119873,3.093153953552246,2.2689623832702637,1.411708950996399,0.9137876629829407,1.3009121417999268,-0.025982914492487907,-0.23379617929458618,0.2155476063489914,-0.13412845134735107,-0.08094523847103119,0.002202120842412114,-0.1076197549700737,0.04012512043118477,-0.041216667741537094,-0.02357814833521843,0.0044823987409472466,-0.047550369054079056,0.05814770609140396,38.26487350463867,10.248531341552734,4.799211502075195,3.2729833126068115,1.1798406839370728,1.5410228967666626,2.0013201236724854,1.3855856657028198,1.1322599649429321,0.43112409114837646,0.6272574663162231,0.5942972898483276,0.6913997530937195
C421C6FE-DFEE-4080-8AEA-848E7CE4756B-1430548393-1.0-f-26-ti.wav,tired,-292.16265869140625,168.32081604003906,-94.94486236572266,10.853978157043457,-33.01523971557617,-24.66701316833496,14.092984199523926,-40.18864822387695,-2.9131786823272705,-6.571349620819092,-28.629108428955078,3.581840753555298,-15.334550857543945,3361.743896484375,436.1904602050781,1158.638671875,447.841552734375,259.9628601074219,201.32308959960938,94.42070770263672,74.7165756225586,161.4589385986328,84.10003662109375,81.46136474609375,130.01171875,110.28970336914062,1.1408859491348267,0.15418283641338348,-0.24741318821907043,-0.20588022470474243,-0.2763017416000366,0.11984778195619583,0.045454856008291245,0.0828472226858139,0.34468260407447815,-0.028337515890598297,-0.03481126204133034,0.018000666052103043,-0.24676501750946045,159.7597198486328,13.250271797180176,51.690704345703125,16.619043350219727,12.50107479095459,6.3199567794799805,3.7718238830566406,2.661620855331421,7.051359176635742,2.832987070083618,2.944322347640991,4.211837291717529,4.661399841308594,-0.2170732617378235,-0.3993874490261078,0.19686733186244965,0.057018354535102844,0.18186882138252258,0.165817990899086,-0.06276905536651611,0.07758663594722748,0.0012588462559506297,-0.0717221200466156,0.019106317311525345,-0.024713419377803802,0.06295058876276016,34.612953186035156,6.879742622375488,12.995030403137207,3.795006036758423,4.032686710357666,3.5772857666015625,1.7563378810882568,0.9088350534439087,1.285520315170288,1.048245906829834,0.9178903698921204,1.7354286909103394,1.8626028299331665
C5127741-5897-468C-A543-7F1B72569F0E-1428333964-1.0-m-26-ti.wav,tired,-428.7753601074219,147.7015380859375,-38.416969299316406,36.493003845214844,-14.159873008728027,-36.30609893798828,-6.49908971786499,-35.27811813354492,-15.610962867736816,-17.87782096862793,-25.116640090942383,-0.10986511409282684,-14.67512321472168,2117.19189453125,727.2853393554688,705.542236328125,222.91371154785156,89.29940795898438,164.97482299804688,136.38885498046875,112.66578674316406,71.6494140625,65.92662048339844,40.66561508178711,53.91716003417969,31.845508575439453,1.1859501600265503,-0.01928243227303028,-0.7860888838768005,0.39621850848197937,-0.13889412581920624,-0.4168360233306885,0.12185661494731903,0.04805427044630051,0.037887729704380035,-0.10101069509983063,-0.10652841627597809,0.05101608857512474,-0.13629266619682312,79.27766418457031,22.491683959960938,44.16753387451172,6.9216814041137695,3.007625102996826,7.279014587402344,4.821663856506348,3.6101009845733643,3.2681708335876465,2.76898455619812,1.0139801502227783,2.4078333377838135,0.9915504455566406,-0.3493003845214844,-0.11870153993368149,0.13830073177814484,-0.14125341176986694,-0.10690786689519882,0.07943277060985565,-0.013131530024111271,0.014955377206206322,0.16204498708248138,0.14767877757549286,0.04470754787325859,0.015428276732563972,0.06345554441213608,19.622882843017578,9.761120796203613,9.73812198638916,4.739740371704102,2.19962739944458,3.000260591506958,2.593653678894043,2.0208206176757812,2.002305030822754,1.51840341091156,0.4571739733219147,0.9015548229217529,0.8461207747459412
ca7d8d54-13cb-4060-8db4-90651b60c078-1434674792223-1.7-f-26-ti.wav,tired,-388.1456604003906,63.9324836730957,-34.56909942626953,8.593674659729004,-11.768587112426758,-28.500747680664062,5.960217475891113,0.006318873725831509,-10.675204277038574,-9.612916946411133,-7.863728046417236,1.818264126777649,1.575171947479248,9664.517578125,2007.7139892578125,1582.10302734375,191.25274658203125,197.837158203125,555.6758422851562,212.6747589111328,109.11555480957031,92.2673110961914,105.84627532958984,93.1658935546875,129.47000122070312,140.56582641601562,3.815209150314331,1.758994698524475,-1.2539916038513184,-0.037856802344322205,-0.2228478193283081,-0.422149658203125,0.45724326372146606,0.10682640969753265,-0.23912441730499268,-0.13468845188617706,-0.3315807580947876,-0.2268478125333786,0.0367952361702919,177.6434783935547,53.19643783569336,35.96529769897461,11.908458709716797,3.679124593734741,5.954598426818848,6.0697455406188965,4.303830623626709,3.3899853229522705,2.67423677444458,2.605313777923584,4.27108097076416,6.900802135467529,0.14361289143562317,0.13180921971797943,0.03714582696557045,-0.07082348316907883,0.07599592953920364,0.014056095853447914,-0.12770286202430725,0.06868147104978561,0.06584775447845459,-0.061340320855379105,-0.01336043979972601,0.019890006631612778,0.10624957829713821,25.710084915161133,6.815186977386475,10.537582397460938,2.752732992172241,1.6826345920562744,1.951651692390442,1.4980480670928955,1.2919543981552124,0.9996474981307983,0.5985130071640015,0.6577136516571045,1.3900648355484009,2.045308828353882
cecd525b-18fd-49e3-b2b9-dfb08b93ad95-1430110029205-1.7-m-26-ti.wav,tired,-352.2008361816406,165.8681182861328,-61.13575744628906,54.03318786621094,-11.490772247314453,-28.44924545288086,33.49419403076172,-17.09746551513672,-2.8566529750823975,13.608667373657227,-8.332337379455566,1.7534418106079102,-10.56351375579834,3905.611328125,504.7219543457031,897.91748046875,136.0605926513672,347.9861755371094,67.45699310302734,165.55555725097656,85.44964599609375,49.734779357910156,49.0538444519043,74.16626739501953,55.23793411254883,28.152694702148438,3.453017473220825,1.221473217010498,-1.0291500091552734,0.32902440428733826,-0.05719933658838272,-0.33761030435562134,0.306669145822525,0.014610569924116135,-0.19039210677146912,-0.12521149218082428,-0.06628616899251938,0.018329093232750893,-0.03516453877091408,53.89997863769531,13.916015625,9.089710235595703,4.061705589294434,6.322744846343994,2.9367947578430176,2.0688579082489014,3.1231517791748047,1.835472583770752,1.8626415729522705,2.248670816421509,1.3265166282653809,0.49730926752090454,-0.9119848012924194,-0.5715860724449158,0.32641318440437317,-0.21067430078983307,0.08455822616815567,0.2892437279224396,0.053872909396886826,0.23106513917446136,0.08505942672491074,-0.10441014170646667,-0.11576540023088455,-0.10450530797243118,0.030907688662409782,10.094603538513184,2.8946666717529297,3.180816888809204,2.0081028938293457,0.922612190246582,1.0595248937606812,0.6569182872772217,1.672345757484436,0.8828033208847046,0.7048333287239075,1.3981950283050537,0.8003288507461548,0.17898911237716675
D4665929-8695-4655-927F-63F09B2D4CB8-1430726940-1.0-f-26-ti.wav,tired,-573.5556640625,153.4666748046875,-120.74270629882812,72.94515991210938,-9.939560890197754,-40.86690139770508,21.1175479888916,-34.80873107910156,3.343506097793579,0.06343266367912292,-23.692068099975586,10.256928443908691,-14.46448040008545,1558.5548095703125,272.23272705078125,447.6111755371094,225.4482879638672,139.10946655273438,124.66997528076172,79.82391357421875,87.51266479492188,43.427799224853516,22.14395523071289,38.94573211669922,42.291542053222656,48.81584167480469,1.2322660684585571,-0.12357431650161743,-0.7104766368865967,0.263054758310318,0.5307827591896057,0.25897398591041565,0.03945906087756157,0.06116688624024391,0.13352754712104797,-0.029378078877925873,0.037394385784864426,0.1260826289653778,0.025534722954034805,51.4641227722168,7.255168437957764,17.2963924407959,4.693844318389893,3.8906548023223877,2.537440299987793,1.941877841949463,2.1487600803375244,1.6472728252410889,0.8009991645812988,1.0230177640914917,1.991083025932312,1.6746915578842163,-1.3457566499710083,-0.6914762854576111,0.7008383870124817,-0.15449988842010498,0.04901030287146568,0.15130333602428436,-0.14347706735134125,0.11437784135341644,-0.060028430074453354,-0.015902739018201828,0.11985543370246887,-0.0645713061094284,0.0321391224861145,34.500431060791016,5.609053134918213,9.015801429748535,1.476622223854065,1.682871699333191,0.9719429016113281,0.7500180006027222,1.0048853158950806,0.4754285514354706,0.4384362995624542,0.47111520171165466,0.5216474533081055,0.5590789318084717
d5abedab-9ed5-48d0-a83b-fc00c33d6d6b-1430079192907-1.7-f-04-ti.wav,tired,-508.2137756347656,74.15746307373047,-81.56391143798828,22.219696044921875,10.655125617980957,-24.069467544555664,5.025999069213867,-11.902139663696289,-2.72833251953125,3.105192184448242,-17.599437713623047,-1.9877758026123047,2.4635307788848877,8046.2451171875,714.3652954101562,3801.55712890625,344.2047119140625,268.4393615722656,227.32469177246094,73.47161102294922,109.39564514160156,75.24471282958984,43.81865692138672,93.02682495117188,86.26284790039062,60.071659088134766,2.7744033336639404,0.30889615416526794,-1.9241899251937866,-0.00182278361171484,-0.486623078584671,-0.4917474389076233,0.12742814421653748,-0.41035979986190796,0.037542056292295456,0.10438385605812073,-0.14888858795166016,0.12286785989999771,-0.1160484179854393,287.96875,36.13351821899414,135.7043914794922,12.307354927062988,9.630764961242676,5.103591442108154,1.855930209159851,5.000208854675293,3.1511359214782715,2.234706163406372,3.7625625133514404,3.5547995567321777,1.9664889574050903,0.9471887350082397,0.6252752542495728,-0.019279660657048225,0.1037646234035492,0.030074479058384895,0.040738172829151154,0.05720914155244827,-0.09831485152244568,-0.020257767289876938,0.0063018775545060635,-0.08699648082256317,-0.08230813592672348,-0.0585256852209568,83.54273986816406,9.48962688446045,34.4269905090332,1.9858826398849487,1.634677767753601,1.1782556772232056,1.1142913103103638,1.5051605701446533,0.9780964255332947,0.9365410208702087,0.901286244392395,1.298970103263855,0.788693368434906
d6cda191-4962-4308-9a36-46d5648a95ed-1431587887997-1.7-m-04-ti.wav,tired,-488.1499328613281,69.5105209350586,-71.7945556640625,4.3727922439575195,-16.536991119384766,-16.89686393737793,23.854585647583008,-7.608123779296875,0.24306780099868774,9.517841339111328,-12.51665210723877,0.5984029173851013,-0.7624778151512146,13754.5810546875,1579.537841796875,3093.475341796875,250.27423095703125,265.3170166015625,292.0001525878906,158.2364044189453,87.43174743652344,40.519020080566406,49.4481315612793,77.35953521728516,34.74573516845703,42.58914566040039,2.860264778137207,0.3594125807285309,-1.4630796909332275,0.30590981245040894,-0.13543926179409027,-0.23943103849887848,0.2336788922548294,-0.1454068273305893,-0.19556644558906555,0.2028755247592926,0.13289256393909454,0.04628513753414154,-0.16177335381507874,177.50636291503906,43.80461120605469,25.596172332763672,9.1770658493042,7.94711446762085,8.402636528015137,2.2010505199432373,1.7311588525772095,2.117936134338379,0.7677520513534546,2.851325273513794,0.799822211265564,1.478718638420105,0.266339510679245,-0.07358742505311966,0.21580404043197632,0.1766657531261444,-0.05010414496064186,0.036986563354730606,-0.10839894413948059,0.08459549397230148,-0.035999055951833725,-0.09486192464828491,0.043454572558403015,0.05477191507816315,-0.05319351702928543,60.20742416381836,11.701042175292969,10.887836456298828,2.1739299297332764,4.277256965637207,3.553497076034546,1.5599050521850586,1.1151536703109741,0.6341615319252014,0.5725367665290833,1.2241718769073486,0.6282716393470764,0.8665876388549805
d6cda191-4962-4308-9a36-46d5648a95ed-1431587899682-1.7-m-04-ti.wav,tired,-267.5758972167969,65.57069396972656,-144.21664428710938,9.379210472106934,-10.730559349060059,-18.469398498535156,16.94735336303711,-21.7987003326416,14.334087371826172,2.650587320327759,-25.20134925842285,9.077582359313965,-9.218750953674316,11598.720703125,880.5040893554688,3105.819091796875,791.924560546875,175.35633850097656,308.2406311035156,156.1997833251953,168.5279541015625,129.01263427734375,57.57427978515625,172.779541015625,69.80931854248047,62.66193389892578,2.7540364265441895,0.1462133675813675,-1.4792845249176025,1.158133625984192,0.08663386851549149,-0.24928687512874603,0.5230483412742615,-0.34984147548675537,-0.022098153829574585,0.06693039834499359,-0.3197160065174103,0.10744624584913254,0.02368772216141224,250.09805297851562,16.879608154296875,70.12738800048828,19.923282623291016,3.9780068397521973,9.472909927368164,5.690610408782959,4.872768878936768,3.396603584289551,1.4611741304397583,3.504436492919922,2.105539560317993,1.431280255317688,-0.8203735947608948,-0.06841941922903061,0.4443550109863281,-0.12349185347557068,0.17673267424106598,0.0177802424877882,-0.0835563987493515,0.21628423035144806,-0.038870327174663544,0.09331025183200836,0.16149452328681946,-0.12669631838798523,0.03592263534665108,55.591854095458984,9.90909481048584,11.254631042480469,3.7295215129852295,1.7796437740325928,1.6064910888671875,1.1951581239700317,1.5273451805114746,0.6086740493774414,0.2629212439060211,0.5579081773757935,0.6774460673332214,0.8536294102668762
d6cda191-4962-4308-9a36-46d5648a95ed-1431616581736-1.7-m-04-ti.wav,tired,-295.4756164550781,130.27053833007812,-156.04473876953125,46.85166549682617,-30.3363094329834,-44.55451965332031,42.64504623413086,-31.887788772583008,-10.279282569885254,9.929352760314941,-13.007364273071289,5.176208972930908,-18.91958236694336,8014.63037109375,798.5745239257812,1450.9110107421875,670.9767456054688,191.79232788085938,202.61651611328125,153.27024841308594,184.36610412597656,91.10030364990234,73.52100372314453,58.54685974121094,55.04796600341797,147.4533233642578,1.1076406240463257,0.7247759103775024,-0.3074357807636261,-0.15821202099323273,-0.08331804722547531,-0.370657742023468,-0.022919997572898865,0.1650930941104889,0.05957885459065437,0.23691587150096893,-0.014110278338193893,-0.09834088385105133,0.211453378200531,152.80300903320312,32.38795852661133,26.4608154296875,11.022102355957031,8.925361633300781,4.290694713592529,4.528501987457275,2.819096088409424,1.4855684041976929,2.090325117111206,1.9867397546768188,1.2283742427825928,3.8297343254089355,0.06888193637132645,-0.004421571269631386,0.010785965248942375,0.12725430727005005,0.020099498331546783,0.0006809766637161374,0.10989990830421448,0.029656128957867622,-0.06605210900306702,-0.020408716052770615,-0.024407047778367996,-0.07657312601804733,-0.05164774879813194,42.42231750488281,10.15706729888916,7.315187454223633,1.8205677270889282,1.5469788312911987,0.755817174911499,1.0671111345291138,0.7239682674407959,0.7138959169387817,0.49870580434799194,0.6033025979995728,0.7976091504096985,0.6911970973014832
eea17285-4ab9-4d34-a2f5-55fc8c866ac6-1431887695278-1.7-f-26-ti.wav,tired,-627.76220703125,143.87149047851562,-51.76951217651367,54.38627624511719,0.1952970176935196,-9.123042106628418,26.24850082397461,-23.073078155517578,8.288447380065918,6.76859188079834,-19.76410675048828,10.241744995117188,-7.740930557250977,11061.3369140625,2610.03076171875,535.8590698242188,453.3544006347656,74.91927337646484,100.57979583740234,177.35275268554688,125.04946899414062,70.9234619140625,34.640480041503906,95.80146026611328,55.24555206298828,26.35979652404785,3.7236244678497314,1.6767228841781616,-0.7519957423210144,0.5310829877853394,-0.01030175480991602,-0.06695906817913055,0.36534085869789124,-0.16232645511627197,0.21047934889793396,0.07093185931444168,-0.36902862787246704,0.08449160307645798,0.010929939337074757,109.31729125976562,34.73895263671875,7.945013999938965,6.35819149017334,3.3109641075134277,3.7407801151275635,1.714178204536438,2.5871055126190186,1.3789684772491455,0.8955495953559875,1.9576327800750732,2.015681266784668,0.6578567624092102,0.06870245188474655,0.004919641651213169,0.05793212354183197,-0.03690054640173912,-0.029249589890241623,-0.01460865419358015,0.04019293561577797,0.07413233071565628,-0.034225787967443466,0.008643040433526039,0.05027274787425995,-0.03572949022054672,-0.04589051753282547,11.503626823425293,4.660614490509033,1.9761604070663452,1.5708413124084473,1.2167141437530518,1.0235426425933838,0.5066686272621155,0.9017919898033142,0.6703563332557678,0.2340882271528244,0.6936523914337158,0.5676160454750061,0.29919934272766113
